Plot Title: PP17-S1							
#	"Date Time, GMT-07:00"	"Temp, °C (LGR S/N: 9995201, SEN S/N: 9995201)"	"Intensity, Lux (LGR S/N: 9995201, SEN S/N: 9995201)"	Coupler Attached (LGR S/N: 9995201)	Host Connected (LGR S/N: 9995201)	Stopped (LGR S/N: 9995201)	End Of File (LGR S/N: 9995201)
1	9/24/2012 13:00	20.329	24800.2				
2	9/24/2012 16:00	18.901	11022.3				
3	9/24/2012 19:00	12.304	193.8				
4	9/24/2012 22:00	9.669	0				
5	9/25/2012 1:00	10.553	0				
6	9/25/2012 4:00	8.978	0				
7	9/25/2012 7:00	6.268	129.2				
8	9/25/2012 10:00	11.139	9300.1				
9	9/25/2012 13:00	18.045	20666.8				
10	9/25/2012 16:00	17.094	4133.4				
11	9/25/2012 19:00	9.768	107.6				
12	9/25/2012 22:00	9.176	0				
13	9/26/2012 1:00	4.623	0				
14	9/26/2012 4:00	2.73	0				
15	9/26/2012 7:00	2.73	96.9				
16	9/26/2012 10:00	9.866	5511.1				
17	9/26/2012 13:00	18.426	26178				
18	9/26/2012 16:00	19.758	5166.7				
19	9/26/2012 19:00	12.787	53.8				
20	9/26/2012 22:00	9.373	0				
21	9/27/2012 1:00	7.481	0				
22	9/27/2012 4:00	6.775	0				
23	9/27/2012 7:00	6.471	96.9				
24	9/27/2012 10:00	12.497	5511.1				
25	9/27/2012 13:00	22.525	22044.6				
26	9/27/2012 16:00	22.717	6200				
27	9/27/2012 19:00	13.942	64.6				
28	9/27/2012 22:00	10.161	0				
29	9/28/2012 1:00	8.978	0				
30	9/28/2012 4:00	8.182	0				
31	9/28/2012 7:00	9.373	301.4				
32	9/28/2012 10:00	13.558	4994.5				
33	9/28/2012 13:00	21.091	19289				
34	9/28/2012 16:00	20.519	7577.8				
35	9/28/2012 19:00	13.654	21.5				
36	9/28/2012 22:00	10.063	0				
37	9/29/2012 1:00	9.373	0				
38	9/29/2012 4:00	7.481	0				
39	9/29/2012 7:00	7.983	107.6				
40	9/29/2012 10:00	13.076	8611.2				
41	9/29/2012 13:00	19.377	24800.2				
42	9/29/2012 16:00	16.618	5511.1				
43	9/29/2012 19:00	11.625	0				
44	9/29/2012 22:00	10.553	0				
45	9/30/2012 1:00	8.879	0				
46	9/30/2012 4:00	5.962	0				
47	9/30/2012 7:00	3.788	96.9				
48	9/30/2012 10:00	8.382	5166.7				
49	9/30/2012 13:00	18.236	31689.1				
50	9/30/2012 16:00	18.426	3616.7				
51	9/30/2012 19:00	10.455	10.8				
52	9/30/2012 22:00	7.481	0				
53	10/1/2012 1:00	6.37	0				
54	10/1/2012 4:00	6.166	0				
55	10/1/2012 7:00	6.166	64.6				
56	10/1/2012 10:00	11.431	5166.7				
57	10/1/2012 13:00	21.76	33066.9				
58	10/1/2012 16:00	21.473	3616.7				
59	10/1/2012 19:00	14.038	43.1				
60	10/1/2012 22:00	9.965	0				
61	10/2/2012 1:00	9.866	0				
62	10/2/2012 4:00	9.669	0				
63	10/2/2012 7:00	7.481	43.1				
64	10/2/2012 10:00	9.176	5166.7				
65	10/2/2012 13:00	16.618	23422.4				
66	10/2/2012 16:00	13.365	3788.9				
67	10/2/2012 19:00	6.978	10.8				
68	10/2/2012 22:00	3.155	0				
69	10/3/2012 1:00	0.674	0				
70	10/3/2012 4:00	0.01	0				
71	10/3/2012 7:00	-0.549	43.1				
72	10/3/2012 10:00	5.552	5166.7				
73	10/3/2012 13:00	13.846	49600.3				
74	10/3/2012 16:00	12.69	3788.9				
75	10/3/2012 19:00	5.757	0				
76	10/3/2012 22:00	2.73	0				
77	10/4/2012 1:00	1.548	0				
78	10/4/2012 4:00	0.674	0				
79	10/4/2012 7:00	0.453	21.5				
80	10/4/2012 10:00	5.141	5338.9				
81	10/4/2012 13:00	14.9	39955.8				
82	10/4/2012 16:00	12.98	3788.9				
83	10/4/2012 19:00	5.757	0				
84	10/4/2012 22:00	3.155	0				
85	10/5/2012 1:00	1.33	0				
86	10/5/2012 4:00	0.674	0				
87	10/5/2012 7:00	0.343	21.5				
88	10/5/2012 10:00	5.962	5166.7				
89	10/5/2012 13:00	16.903	121245.2				
90	10/5/2012 16:00	13.461	3788.9				
91	10/5/2012 19:00	5.552	0				
92	10/5/2012 22:00	2.517	0				
93	10/6/2012 1:00	1.33	0				
94	10/6/2012 4:00	0.563	0				
95	10/6/2012 7:00	-0.102	10.8				
96	10/6/2012 10:00	5.037	5166.7				
97	10/6/2012 13:00	19.187	148801				
98	10/6/2012 16:00	15.091	3616.7				
99	10/6/2012 19:00	6.573	0				
100	10/6/2012 22:00	3.788	0				
101	10/7/2012 1:00	2.943	0				
102	10/7/2012 4:00	3.049	0				
103	10/7/2012 7:00	3.155	10.8				
104	10/7/2012 10:00	8.282	5166.7				
105	10/7/2012 13:00	22.525	104711.8				
106	10/7/2012 16:00	17.76	3444.5				
107	10/7/2012 19:00	9.373	0				
108	10/7/2012 22:00	6.268	0				
109	10/8/2012 1:00	4.934	0				
110	10/8/2012 4:00	4.207	0				
111	10/8/2012 7:00	3.578	0				
112	10/8/2012 10:00	7.983	5338.9				
113	10/8/2012 13:00	21.282	88178.4				
114	10/8/2012 16:00	17.665	4133.4				
115	10/8/2012 19:00	9.275	0				
116	10/8/2012 22:00	6.268	0				
117	10/9/2012 1:00	4.727	0				
118	10/9/2012 4:00	4.415	0				
119	10/9/2012 7:00	3.788	0				
120	10/9/2012 10:00	8.481	5166.7				
121	10/9/2012 13:00	18.996	19289				
122	10/9/2012 16:00	18.236	3444.5				
123	10/9/2012 19:00	9.866	0				
124	10/9/2012 22:00	6.877	0				
125	10/10/2012 1:00	5.655	0				
126	10/10/2012 4:00	4.934	0				
127	10/10/2012 7:00	4.102	0				
128	10/10/2012 10:00	7.882	4994.5				
129	10/10/2012 13:00	18.521	26178				
130	10/10/2012 16:00	16.523	3272.2				
131	10/10/2012 19:00	8.082	0				
132	10/10/2012 22:00	4.831	0				
133	10/11/2012 1:00	2.943	0				
134	10/11/2012 4:00	1.98	0				
135	10/11/2012 7:00	2.73	0				
136	10/11/2012 10:00	8.082	5166.7				
137	10/11/2012 13:00	20.615	35822.5				
138	10/11/2012 16:00	17.76	3444.5				
139	10/11/2012 19:00	9.176	0				
140	10/11/2012 22:00	6.166	0				
141	10/12/2012 1:00	5.141	0				
142	10/12/2012 4:00	5.552	0				
143	10/12/2012 7:00	5.962	0				
144	10/12/2012 10:00	9.965	11022.3				
145	10/12/2012 13:00	12.304	12400.1				
146	10/12/2012 16:00	12.11	5338.9				
147	10/12/2012 19:00	8.779	0				
148	10/12/2012 22:00	8.082	0				
149	10/13/2012 1:00	6.978	0				
150	10/13/2012 4:00	6.978	0				
151	10/13/2012 7:00	5.141	0				
152	10/13/2012 10:00	10.651	9300.1				
153	10/13/2012 13:00	13.173	9300.1				
154	10/13/2012 16:00	11.041	6200				
155	10/13/2012 19:00	9.077	0				
156	10/13/2012 22:00	7.682	0				
157	10/14/2012 1:00	8.382	0				
158	10/14/2012 4:00	9.176	0				
159	10/14/2012 7:00	8.978	0				
160	10/14/2012 10:00	10.553	4994.5				
161	10/14/2012 13:00	12.98	9300.1				
162	10/14/2012 16:00	10.259	2238.9				
163	10/14/2012 19:00	8.978	0				
164	10/14/2012 22:00	8.481	0				
165	10/15/2012 1:00	8.481	0				
166	10/15/2012 4:00	8.481	0				
167	10/15/2012 7:00	8.282	0				
168	10/15/2012 10:00	8.879	6544.5				
169	10/15/2012 13:00	12.013	12400.1				
170	10/15/2012 16:00	9.571	484.4				
171	10/15/2012 19:00	9.176	0				
172	10/15/2012 22:00	8.481	0				
173	10/16/2012 1:00	8.481	0				
174	10/16/2012 4:00	7.179	0				
175	10/16/2012 7:00	3.261	0				
176	10/16/2012 10:00	4.727	8266.7				
177	10/16/2012 13:00	8.481	12400.1				
178	10/16/2012 16:00	5.45	6200				
179	10/16/2012 19:00	3.683	0				
180	10/16/2012 22:00	1.548	0				
181	10/17/2012 1:00	0.893	0				
182	10/17/2012 4:00	0.563	0				
183	10/17/2012 7:00	1.764	0				
184	10/17/2012 10:00	2.303	4133.4				
185	10/17/2012 13:00	7.481	52355.9				
186	10/17/2012 16:00	8.182	6200				
187	10/17/2012 19:00	5.552	0				
188	10/17/2012 22:00	3.998	0				
189	10/18/2012 1:00	2.943	0				
190	10/18/2012 4:00	2.195	0				
191	10/18/2012 7:00	2.41	0				
192	10/18/2012 10:00	5.757	5511.1				
193	10/18/2012 13:00	14.23	16533.4				
194	10/18/2012 16:00	14.996	4994.5				
195	10/18/2012 19:00	9.472	0				
196	10/18/2012 22:00	8.581	0				
197	10/19/2012 1:00	7.983	0				
198	10/19/2012 4:00	8.082	0				
199	10/19/2012 7:00	8.481	0				
200	10/19/2012 10:00	9.176	5511.1				
201	10/19/2012 13:00	9.965	5511.1				
202	10/19/2012 16:00	8.68	624.3				
203	10/19/2012 19:00	6.978	0				
204	10/19/2012 22:00	5.757	0				
205	10/20/2012 1:00	4.102	0				
206	10/20/2012 4:00	2.41	0				
207	10/20/2012 7:00	1.33	0				
208	10/20/2012 10:00	1.872	4133.4				
209	10/20/2012 13:00	3.998	14466.8				
210	10/20/2012 16:00	1.548	839.6				
211	10/20/2012 19:00	1.112	0				
212	10/20/2012 22:00	0.784	0				
213	10/21/2012 1:00	0.674	0				
214	10/21/2012 4:00	0.784	0				
215	10/21/2012 7:00	0.674	0				
216	10/21/2012 10:00	1.221	3961.1				
217	10/21/2012 13:00	1.221	14466.8				
218	10/21/2012 16:00	2.624	4477.8				
219	10/21/2012 19:00	0.563	0				
220	10/21/2012 22:00	-0.887	0				
221	10/22/2012 1:00	-0.774	0				
222	10/22/2012 4:00	-0.102	0				
223	10/22/2012 7:00	0.232	0				
224	10/22/2012 10:00	1.221	2411.1				
225	10/22/2012 13:00	2.088	3788.9				
226	10/22/2012 16:00	1.872	3788.9				
227	10/22/2012 19:00	1.221	0				
228	10/22/2012 22:00	0.893	0				
229	10/23/2012 1:00	0.674	0				
230	10/23/2012 4:00	0.232	0				
231	10/23/2012 7:00	-0.325	0				
232	10/23/2012 10:00	0.784	4650				
233	10/23/2012 13:00	4.311	20666.8				
234	10/23/2012 16:00	4.207	9300.1				
235	10/23/2012 19:00	1.112	0				
236	10/23/2012 22:00	1.003	0				
237	10/24/2012 1:00	0.674	0				
238	10/24/2012 4:00	0.563	0				
239	10/24/2012 7:00	0.343	0				
240	10/24/2012 10:00	1.221	5166.7				
241	10/24/2012 13:00	4.311	17911.2				
242	10/24/2012 16:00	3.049	3961.1				
243	10/24/2012 19:00	1.439	0				
244	10/24/2012 22:00	1.112	0				
245	10/25/2012 1:00	0.232	0				
246	10/25/2012 4:00	-0.774	0				
247	10/25/2012 7:00	-1.341	0				
248	10/25/2012 10:00	-0.549	4477.8				
249	10/25/2012 13:00	3.788	14466.8				
250	10/25/2012 16:00	3.049	5511.1				
251	10/25/2012 19:00	0.453	0				
252	10/25/2012 22:00	0.343	0				
253	10/26/2012 1:00	0.343	0				
254	10/26/2012 4:00	0.121	0				
255	10/26/2012 7:00	0.453	0				
256	10/26/2012 10:00	1.112	1463.9				
257	10/26/2012 13:00	2.517	16533.4				
258	10/26/2012 16:00	4.415	9300.1				
259	10/26/2012 19:00	1.33	0				
260	10/26/2012 22:00	0.563	0				
261	10/27/2012 1:00	0.893	0				
262	10/27/2012 4:00	1.112	0				
263	10/27/2012 7:00	1.221	0				
264	10/27/2012 10:00	1.656	3272.2				
265	10/27/2012 13:00	4.207	12400.1				
266	10/27/2012 16:00	2.943	1313.2				
267	10/27/2012 19:00	2.195	0				
268	10/27/2012 22:00	2.088	0				
269	10/28/2012 1:00	1.656	0				
270	10/28/2012 4:00	1.548	0				
271	10/28/2012 7:00	1.656	0				
272	10/28/2012 10:00	2.837	4477.8				
273	10/28/2012 13:00	5.962	8611.2				
274	10/28/2012 16:00	5.757	4822.3				
275	10/28/2012 19:00	3.788	0				
276	10/28/2012 22:00	3.683	0				
277	10/29/2012 1:00	3.893	0				
278	10/29/2012 4:00	4.207	0				
279	10/29/2012 7:00	4.311	0				
280	10/29/2012 10:00	5.45	6544.5				
281	10/29/2012 13:00	7.983	4305.6				
282	10/29/2012 16:00	7.782	5166.7				
283	10/29/2012 19:00	5.655	0				
284	10/29/2012 22:00	4.311	0				
285	10/30/2012 1:00	4.415	0				
286	10/30/2012 4:00	4.727	0				
287	10/30/2012 7:00	4.831	0				
288	10/30/2012 10:00	5.552	1722.2				
289	10/30/2012 13:00	6.674	1808.3				
290	10/30/2012 16:00	7.179	828.8				
291	10/30/2012 19:00	6.775	0				
292	10/30/2012 22:00	6.978	0				
293	10/31/2012 1:00	6.978	0				
294	10/31/2012 4:00	6.978	0				
295	10/31/2012 7:00	6.573	0				
296	10/31/2012 10:00	7.481	4305.6				
297	10/31/2012 13:00	7.782	1184				
298	10/31/2012 16:00	7.381	2411.1				
299	10/31/2012 19:00	5.86	0				
300	10/31/2012 22:00	4.415	0				
301	11/1/2012 1:00	5.037	0				
302	11/1/2012 4:00	5.037	0				
303	11/1/2012 7:00	4.623	0				
304	11/1/2012 10:00	5.45	4822.3				
305	11/1/2012 13:00	8.481	13089				
306	11/1/2012 16:00	7.682	5166.7				
307	11/1/2012 19:00	6.166	0				
308	11/1/2012 22:00	5.552	0				
309	11/2/2012 1:00	4.934	0				
310	11/2/2012 4:00	4.519	0				
311	11/2/2012 7:00	3.998	0				
312	11/2/2012 10:00	5.141	2927.8				
313	11/2/2012 13:00	9.373	16533.4				
314	11/2/2012 16:00	6.978	1377.8				
315	11/2/2012 19:00	5.552	0				
316	11/2/2012 22:00	4.934	0				
317	11/3/2012 1:00	5.141	0				
318	11/3/2012 4:00	5.141	0				
319	11/3/2012 7:00	5.244	0				
320	11/3/2012 10:00	6.978	6544.5				
321	11/3/2012 13:00	10.259	11022.3				
322	11/3/2012 16:00	10.161	5511.1				
323	11/3/2012 19:00	7.882	0				
324	11/3/2012 22:00	7.079	0				
325	11/4/2012 1:00	6.978	0				
326	11/4/2012 4:00	6.775	0				
327	11/4/2012 7:00	6.775	0				
328	11/4/2012 10:00	8.581	5166.7				
329	11/4/2012 13:00	11.916	15844.5				
330	11/4/2012 16:00	10.748	3444.5				
331	11/4/2012 19:00	9.373	0				
332	11/4/2012 22:00	8.282	0				
333	11/5/2012 1:00	8.481	0				
334	11/5/2012 4:00	8.581	0				
335	11/5/2012 7:00	8.382	0				
336	11/5/2012 10:00	8.182	3961.1				
337	11/5/2012 13:00	9.571	11711.2				
338	11/5/2012 16:00	9.077	3961.1				
339	11/5/2012 19:00	6.471	0				
340	11/5/2012 22:00	5.347	0				
341	11/6/2012 1:00	4.623	0				
342	11/6/2012 4:00	4.623	0				
343	11/6/2012 7:00	4.623	0				
344	11/6/2012 10:00	5.45	2583.4				
345	11/6/2012 13:00	11.041	13089				
346	11/6/2012 16:00	9.275	1808.3				
347	11/6/2012 19:00	7.682	0				
348	11/6/2012 22:00	6.877	0				
349	11/7/2012 1:00	4.623	0				
350	11/7/2012 4:00	3.578	0				
351	11/7/2012 7:00	1.872	0				
352	11/7/2012 10:00	1.764	1313.2				
353	11/7/2012 13:00	4.831	10333.4				
354	11/7/2012 16:00	3.472	2066.7				
355	11/7/2012 19:00	1.98	0				
356	11/7/2012 22:00	0.563	0				
357	11/8/2012 1:00	-0.549	0				
358	11/8/2012 4:00	-1.001	0				
359	11/8/2012 7:00	-1.001	0				
360	11/8/2012 10:00	-0.102	4133.4				
361	11/8/2012 13:00	3.578	15155.7				
362	11/8/2012 16:00	1.548	4133.4				
363	11/8/2012 19:00	0.343	0				
364	11/8/2012 22:00	-1.114	0				
365	11/9/2012 1:00	-1.914	0				
366	11/9/2012 4:00	-1.341	0				
367	11/9/2012 7:00	-1.456	0				
368	11/9/2012 10:00	-1.001	2755.6				
369	11/9/2012 13:00	0.453	10677.8				
370	11/9/2012 16:00	0.453	4133.4				
371	11/9/2012 19:00	-1.456	0				
372	11/9/2012 22:00	-2.844	0				
373	11/10/2012 1:00	-3.197	0				
374	11/10/2012 4:00	-3.553	0				
375	11/10/2012 7:00	-3.434	0				
376	11/10/2012 10:00	-2.261	3444.5				
377	11/10/2012 13:00	0.343	8611.2				
378	11/10/2012 16:00	-0.549	3100				
379	11/10/2012 19:00	-1.57	0				
380	11/10/2012 22:00	-1.799	0				
381	11/11/2012 1:00	-2.61	0				
382	11/11/2012 4:00	-3.197	0				
383	11/11/2012 7:00	-2.494	0				
384	11/11/2012 10:00	-1.114	3961.1				
385	11/11/2012 13:00	0.563	8611.2				
386	11/11/2012 16:00	0.563	3616.7				
387	11/11/2012 19:00	0.01	0				
388	11/11/2012 22:00	0.121	0				
389	11/12/2012 1:00	0.121	0				
390	11/12/2012 4:00	0.121	0				
391	11/12/2012 7:00	0.121	0				
392	11/12/2012 10:00	0.232	2238.9				
393	11/12/2012 13:00	0.563	8266.7				
394	11/12/2012 16:00	0.563	7577.8				
395	11/12/2012 19:00	0.121	0				
396	11/12/2012 22:00	0.121	0				
397	11/13/2012 1:00	0.01	0				
398	11/13/2012 4:00	-0.213	0				
399	11/13/2012 7:00	-0.325	0				
400	11/13/2012 10:00	0.121	2325				
401	11/13/2012 13:00	0.893	9644.5				
402	11/13/2012 16:00	0.453	1550				
403	11/13/2012 19:00	0.121	0				
404	11/13/2012 22:00	-0.102	0				
405	11/14/2012 1:00	0.121	0				
406	11/14/2012 4:00	0.121	0				
407	11/14/2012 7:00	0.121	0				
408	11/14/2012 10:00	0.453	4477.8				
409	11/14/2012 13:00	1.764	10333.4				
410	11/14/2012 16:00	1.548	2238.9				
411	11/14/2012 19:00	0.674	0				
412	11/14/2012 22:00	-0.437	0				
413	11/15/2012 1:00	-1.001	0				
414	11/15/2012 4:00	-1.57	0				
415	11/15/2012 7:00	-1.684	0				
416	11/15/2012 10:00	-0.102	5511.1				
417	11/15/2012 13:00	0.784	7233.4				
418	11/15/2012 16:00	0.343	1808.3				
419	11/15/2012 19:00	-0.549	0				
420	11/15/2012 22:00	-0.887	0				
421	11/16/2012 1:00	-0.887	0				
422	11/16/2012 4:00	-0.887	0				
423	11/16/2012 7:00	-0.437	0				
424	11/16/2012 10:00	0.232	2238.9				
425	11/16/2012 13:00	1.112	5166.7				
426	11/16/2012 16:00	1.003	1194.8				
427	11/16/2012 19:00	0.784	0				
428	11/16/2012 22:00	1.003	0				
429	11/17/2012 1:00	0.893	0				
430	11/17/2012 4:00	0.563	0				
431	11/17/2012 7:00	0.784	0				
432	11/17/2012 10:00	1.221	1205.6				
433	11/17/2012 13:00	1.548	1722.2				
434	11/17/2012 16:00	1.872	3272.2				
435	11/17/2012 19:00	0.674	0				
436	11/17/2012 22:00	0.01	0				
437	11/18/2012 1:00	0.121	0				
438	11/18/2012 4:00	-0.102	0				
439	11/18/2012 7:00	0.121	0				
440	11/18/2012 10:00	0.232	226				
441	11/18/2012 13:00	0.453	1894.5				
442	11/18/2012 16:00	0.232	419.8				
443	11/18/2012 19:00	0.232	0				
444	11/18/2012 22:00	0.121	0				
445	11/19/2012 1:00	0.232	0				
446	11/19/2012 4:00	0.232	0				
447	11/19/2012 7:00	0.121	0				
448	11/19/2012 10:00	0.121	376.7				
449	11/19/2012 13:00	0.232	419.8				
450	11/19/2012 16:00	0.232	118.4				
451	11/19/2012 19:00	0.121	0				
452	11/19/2012 22:00	0.121	0				
453	11/20/2012 1:00	0.232	0				
454	11/20/2012 4:00	0.232	0				
455	11/20/2012 7:00	0.232	0				
456	11/20/2012 10:00	0.232	183				
457	11/20/2012 13:00	0.232	344.4				
458	11/20/2012 16:00	0.232	936.5				
459	11/20/2012 19:00	0.232	0				
460	11/20/2012 22:00	0.232	0				
461	11/21/2012 1:00	0.232	0				
462	11/21/2012 4:00	0.232	0				
463	11/21/2012 7:00	0.232	0				
464	11/21/2012 10:00	0.232	850.4				
465	11/21/2012 13:00	0.343	925.7				
466	11/21/2012 16:00	0.343	322.9				
467	11/21/2012 19:00	0.232	0				
468	11/21/2012 22:00	0.232	0				
469	11/22/2012 1:00	0.121	0				
470	11/22/2012 4:00	0.01	0				
471	11/22/2012 7:00	-0.325	0				
472	11/22/2012 10:00	-0.325	376.7				
473	11/22/2012 13:00	0.232	1270.1				
474	11/22/2012 16:00	0.232	344.4				
475	11/22/2012 19:00	0.232	0				
476	11/22/2012 22:00	0.343	0				
477	11/23/2012 1:00	0.232	0				
478	11/23/2012 4:00	0.232	0				
479	11/23/2012 7:00	0.343	0				
480	11/23/2012 10:00	0.343	387.5				
481	11/23/2012 13:00	0.343	839.6				
482	11/23/2012 16:00	0.232	86.1				
483	11/23/2012 19:00	0.232	0				
484	11/23/2012 22:00	0.232	0				
485	11/24/2012 1:00	0.232	0				
486	11/24/2012 4:00	0.232	0				
487	11/24/2012 7:00	0.232	0				
488	11/24/2012 10:00	0.343	1377.8				
489	11/24/2012 13:00	0.563	2583.4				
490	11/24/2012 16:00	0.453	839.6				
491	11/24/2012 19:00	0.343	0				
492	11/24/2012 22:00	0.343	0				
493	11/25/2012 1:00	0.343	0				
494	11/25/2012 4:00	0.232	0				
495	11/25/2012 7:00	-0.102	0				
496	11/25/2012 10:00	-1.001	204.5				
497	11/25/2012 13:00	-0.213	1463.9				
498	11/25/2012 16:00	-0.549	376.7				
499	11/25/2012 19:00	-1.228	0				
500	11/25/2012 22:00	-1.456	0				
501	11/26/2012 1:00	-1.684	0				
502	11/26/2012 4:00	-1.684	0				
503	11/26/2012 7:00	-1.684	0				
504	11/26/2012 10:00	-1.456	419.8				
505	11/26/2012 13:00	-0.549	1463.9				
506	11/26/2012 16:00	-0.549	581.3				
507	11/26/2012 19:00	-1.228	0				
508	11/26/2012 22:00	-1.228	0				
509	11/27/2012 1:00	-1.114	0				
510	11/27/2012 4:00	-1.001	0				
511	11/27/2012 7:00	-0.774	0				
512	11/27/2012 10:00	-0.213	807.3				
513	11/27/2012 13:00	0.232	2755.6				
514	11/27/2012 16:00	0.232	710.4				
515	11/27/2012 19:00	0.121	0				
516	11/27/2012 22:00	0.01	0				
517	11/28/2012 1:00	-0.102	0				
518	11/28/2012 4:00	-0.325	0				
519	11/28/2012 7:00	-0.102	0				
520	11/28/2012 10:00	0.232	570.5				
521	11/28/2012 13:00	0.232	1636.1				
522	11/28/2012 16:00	0.121	215.3				
523	11/28/2012 19:00	0.121	0				
524	11/28/2012 22:00	0.121	0				
525	11/29/2012 1:00	0.121	0				
526	11/29/2012 4:00	0.121	0				
527	11/29/2012 7:00	0.121	0				
528	11/29/2012 10:00	0.232	409				
529	11/29/2012 13:00	0.232	1463.9				
530	11/29/2012 16:00	0.232	818.1				
531	11/29/2012 19:00	0.232	0				
532	11/29/2012 22:00	0.232	0				
533	11/30/2012 1:00	0.232	0				
534	11/30/2012 4:00	0.232	0				
535	11/30/2012 7:00	0.232	0				
536	11/30/2012 10:00	0.343	1636.1				
537	11/30/2012 13:00	0.674	4650				
538	11/30/2012 16:00	0.563	1237.9				
539	11/30/2012 19:00	0.343	0				
540	11/30/2012 22:00	0.453	0				
541	12/1/2012 1:00	0.453	0				
542	12/1/2012 4:00	0.343	0				
543	12/1/2012 7:00	0.453	0				
544	12/1/2012 10:00	0.453	3616.7				
545	12/1/2012 13:00	1.33	5511.1				
546	12/1/2012 16:00	1.112	2927.8				
547	12/1/2012 19:00	0.453	0				
548	12/1/2012 22:00	0.232	0				
549	12/2/2012 1:00	0.232	0				
550	12/2/2012 4:00	0.232	0				
551	12/2/2012 7:00	0.121	0				
552	12/2/2012 10:00	0.232	645.8				
553	12/2/2012 13:00	0.232	1065.6				
554	12/2/2012 16:00	0.232	150.7				
555	12/2/2012 19:00	0.232	0				
556	12/2/2012 22:00	0.232	0				
557	12/3/2012 1:00	0.232	0				
558	12/3/2012 4:00	0.232	0				
559	12/3/2012 7:00	0.232	0				
560	12/3/2012 10:00	0.232	236.8				
561	12/3/2012 13:00	0.232	1130.2				
562	12/3/2012 16:00	0.232	96.9				
563	12/3/2012 19:00	0.232	0				
564	12/3/2012 22:00	0.232	0				
565	12/4/2012 1:00	0.232	0				
566	12/4/2012 4:00	0.232	0				
567	12/4/2012 7:00	0.232	0				
568	12/4/2012 10:00	0.232	366				
569	12/4/2012 13:00	0.232	904.2				
570	12/4/2012 16:00	0.232	96.9				
571	12/4/2012 19:00	0.232	0				
572	12/4/2012 22:00	0.232	0				
573	12/5/2012 1:00	0.232	0				
574	12/5/2012 4:00	0.232	0				
575	12/5/2012 7:00	0.232	0				
576	12/5/2012 10:00	0.01	366				
577	12/5/2012 13:00	0.343	1205.6				
578	12/5/2012 16:00	0.232	699.7				
579	12/5/2012 19:00	0.121	0				
580	12/5/2012 22:00	-0.102	0				
581	12/6/2012 1:00	-0.102	0				
582	12/6/2012 4:00	-0.325	0				
583	12/6/2012 7:00	-0.437	0				
584	12/6/2012 10:00	-0.213	312.2				
585	12/6/2012 13:00	0.121	581.3				
586	12/6/2012 16:00	0.121	10.8				
587	12/6/2012 19:00	0.121	0				
588	12/6/2012 22:00	0.121	0				
589	12/7/2012 1:00	0.121	0				
590	12/7/2012 4:00	0.01	0				
591	12/7/2012 7:00	0.121	0				
592	12/7/2012 10:00	0.121	96.9				
593	12/7/2012 13:00	0.121	86.1				
594	12/7/2012 16:00	0.232	32.3				
595	12/7/2012 19:00	0.121	0				
596	12/7/2012 22:00	0.01	0				
597	12/8/2012 1:00	0.01	0				
598	12/8/2012 4:00	0.121	0				
599	12/8/2012 7:00	0.01	0				
600	12/8/2012 10:00	0.121	21.5				
601	12/8/2012 13:00	0.121	172.2				
602	12/8/2012 16:00	0.232	43.1				
603	12/8/2012 19:00	0.121	0				
604	12/8/2012 22:00	0.121	0				
605	12/9/2012 1:00	0.121	0				
606	12/9/2012 4:00	0.121	0				
607	12/9/2012 7:00	0.121	0				
608	12/9/2012 10:00	0.121	10.8				
609	12/9/2012 13:00	0.232	107.6				
610	12/9/2012 16:00	0.232	43.1				
611	12/9/2012 19:00	0.232	0				
612	12/9/2012 22:00	0.232	0				
613	12/10/2012 1:00	0.232	0				
614	12/10/2012 4:00	0.232	0				
615	12/10/2012 7:00	0.232	0				
616	12/10/2012 10:00	0.232	43.1				
617	12/10/2012 13:00	0.232	150.7				
618	12/10/2012 16:00	0.232	32.3				
619	12/10/2012 19:00	0.232	0				
620	12/10/2012 22:00	0.232	0				
621	12/11/2012 1:00	0.232	0				
622	12/11/2012 4:00	0.232	0				
623	12/11/2012 7:00	0.232	0				
624	12/11/2012 10:00	0.232	53.8				
625	12/11/2012 13:00	0.232	226				
626	12/11/2012 16:00	0.232	53.8				
627	12/11/2012 19:00	0.232	0				
628	12/11/2012 22:00	0.232	0				
629	12/12/2012 1:00	0.232	0				
630	12/12/2012 4:00	0.232	0				
631	12/12/2012 7:00	0.232	0				
632	12/12/2012 10:00	0.232	53.8				
633	12/12/2012 13:00	0.232	236.8				
634	12/12/2012 16:00	0.232	43.1				
635	12/12/2012 19:00	0.121	0				
636	12/12/2012 22:00	-0.213	0				
637	12/13/2012 1:00	-0.437	0				
638	12/13/2012 4:00	-0.774	0				
639	12/13/2012 7:00	-1.001	0				
640	12/13/2012 10:00	-1.001	43.1				
641	12/13/2012 13:00	-0.774	150.7				
642	12/13/2012 16:00	-0.325	53.8				
643	12/13/2012 19:00	-0.213	0				
644	12/13/2012 22:00	-0.213	0				
645	12/14/2012 1:00	-0.102	0				
646	12/14/2012 4:00	-0.213	0				
647	12/14/2012 7:00	-0.213	0				
648	12/14/2012 10:00	-0.102	21.5				
649	12/14/2012 13:00	0.01	107.6				
650	12/14/2012 16:00	0.121	43.1				
651	12/14/2012 19:00	0.01	0				
652	12/14/2012 22:00	-0.325	0				
653	12/15/2012 1:00	-0.549	0				
654	12/15/2012 4:00	-0.662	0				
655	12/15/2012 7:00	-0.662	0				
656	12/15/2012 10:00	-0.549	0				
657	12/15/2012 13:00	-0.213	32.3				
658	12/15/2012 16:00	0.01	0				
659	12/15/2012 19:00	0.01	0				
660	12/15/2012 22:00	0.01	0				
661	12/16/2012 1:00	0.01	0				
662	12/16/2012 4:00	0.01	0				
663	12/16/2012 7:00	0.01	0				
664	12/16/2012 10:00	0.01	0				
665	12/16/2012 13:00	0.01	10.8				
666	12/16/2012 16:00	0.01	0				
667	12/16/2012 19:00	0.121	0				
668	12/16/2012 22:00	0.121	0				
669	12/17/2012 1:00	0.121	0				
670	12/17/2012 4:00	0.121	0				
671	12/17/2012 7:00	0.121	0				
672	12/17/2012 10:00	0.121	0				
673	12/17/2012 13:00	0.121	0				
674	12/17/2012 16:00	0.121	0				
675	12/17/2012 19:00	0.121	0				
676	12/17/2012 22:00	0.121	0				
677	12/18/2012 1:00	0.121	0				
678	12/18/2012 4:00	0.121	0				
679	12/18/2012 7:00	0.121	0				
680	12/18/2012 10:00	0.121	0				
681	12/18/2012 13:00	0.121	0				
682	12/18/2012 16:00	0.121	0				
683	12/18/2012 19:00	0.121	0				
684	12/18/2012 22:00	0.121	0				
685	12/19/2012 1:00	0.121	0				
686	12/19/2012 4:00	0.121	0				
687	12/19/2012 7:00	0.121	0				
688	12/19/2012 10:00	0.121	0				
689	12/19/2012 13:00	0.121	0				
690	12/19/2012 16:00	0.121	0				
691	12/19/2012 19:00	0.121	0				
692	12/19/2012 22:00	0.121	0				
693	12/20/2012 1:00	0.232	0				
694	12/20/2012 4:00	0.232	0				
695	12/20/2012 7:00	0.232	0				
696	12/20/2012 10:00	0.232	0				
697	12/20/2012 13:00	0.232	0				
698	12/20/2012 16:00	0.232	0				
699	12/20/2012 19:00	0.232	0				
700	12/20/2012 22:00	0.232	0				
701	12/21/2012 1:00	0.232	0				
702	12/21/2012 4:00	0.232	0				
703	12/21/2012 7:00	0.232	0				
704	12/21/2012 10:00	0.232	0				
705	12/21/2012 13:00	0.232	0				
706	12/21/2012 16:00	0.232	0				
707	12/21/2012 19:00	0.232	0				
708	12/21/2012 22:00	0.232	0				
709	12/22/2012 1:00	0.232	0				
710	12/22/2012 4:00	0.232	0				
711	12/22/2012 7:00	0.232	0				
712	12/22/2012 10:00	0.232	0				
713	12/22/2012 13:00	0.232	0				
714	12/22/2012 16:00	0.232	0				
715	12/22/2012 19:00	0.232	0				
716	12/22/2012 22:00	0.232	0				
717	12/23/2012 1:00	0.232	0				
718	12/23/2012 4:00	0.232	0				
719	12/23/2012 7:00	0.232	0				
720	12/23/2012 10:00	0.232	0				
721	12/23/2012 13:00	0.232	0				
722	12/23/2012 16:00	0.232	0				
723	12/23/2012 19:00	0.232	0				
724	12/23/2012 22:00	0.232	0				
725	12/24/2012 1:00	0.232	0				
726	12/24/2012 4:00	0.232	0				
727	12/24/2012 7:00	0.232	0				
728	12/24/2012 10:00	0.232	0				
729	12/24/2012 13:00	0.232	0				
730	12/24/2012 16:00	0.232	0				
731	12/24/2012 19:00	0.232	0				
732	12/24/2012 22:00	0.232	0				
733	12/25/2012 1:00	0.232	0				
734	12/25/2012 4:00	0.232	0				
735	12/25/2012 7:00	0.232	0				
736	12/25/2012 10:00	0.232	0				
737	12/25/2012 13:00	0.232	0				
738	12/25/2012 16:00	0.232	0				
739	12/25/2012 19:00	0.232	0				
740	12/25/2012 22:00	0.232	0				
741	12/26/2012 1:00	0.232	0				
742	12/26/2012 4:00	0.232	0				
743	12/26/2012 7:00	0.232	0				
744	12/26/2012 10:00	0.232	0				
745	12/26/2012 13:00	0.232	0				
746	12/26/2012 16:00	0.232	0				
747	12/26/2012 19:00	0.232	0				
748	12/26/2012 22:00	0.232	0				
749	12/27/2012 1:00	0.232	0				
750	12/27/2012 4:00	0.232	0				
751	12/27/2012 7:00	0.232	0				
752	12/27/2012 10:00	0.232	0				
753	12/27/2012 13:00	0.232	0				
754	12/27/2012 16:00	0.232	0				
755	12/27/2012 19:00	0.232	0				
756	12/27/2012 22:00	0.232	0				
757	12/28/2012 1:00	0.232	0				
758	12/28/2012 4:00	0.232	0				
759	12/28/2012 7:00	0.232	0				
760	12/28/2012 10:00	0.232	0				
761	12/28/2012 13:00	0.232	0				
762	12/28/2012 16:00	0.232	0				
763	12/28/2012 19:00	0.232	0				
764	12/28/2012 22:00	0.232	0				
765	12/29/2012 1:00	0.232	0				
766	12/29/2012 4:00	0.232	0				
767	12/29/2012 7:00	0.232	0				
768	12/29/2012 10:00	0.232	0				
769	12/29/2012 13:00	0.232	0				
770	12/29/2012 16:00	0.232	0				
771	12/29/2012 19:00	0.232	0				
772	12/29/2012 22:00	0.232	0				
773	12/30/2012 1:00	0.232	0				
774	12/30/2012 4:00	0.232	0				
775	12/30/2012 7:00	0.232	0				
776	12/30/2012 10:00	0.232	0				
777	12/30/2012 13:00	0.232	0				
778	12/30/2012 16:00	0.232	0				
779	12/30/2012 19:00	0.232	0				
780	12/30/2012 22:00	0.232	0				
781	12/31/2012 1:00	0.232	0				
782	12/31/2012 4:00	0.232	0				
783	12/31/2012 7:00	0.232	0				
784	12/31/2012 10:00	0.343	0				
785	12/31/2012 13:00	0.232	0				
786	12/31/2012 16:00	0.232	0				
787	12/31/2012 19:00	0.232	0				
788	12/31/2012 22:00	0.232	0				
789	1/1/2013 1:00	0.232	0				
790	1/1/2013 4:00	0.232	0				
791	1/1/2013 7:00	0.232	0				
792	1/1/2013 10:00	0.232	0				
793	1/1/2013 13:00	0.232	0				
794	1/1/2013 16:00	0.232	0				
795	1/1/2013 19:00	0.232	0				
796	1/1/2013 22:00	0.232	0				
797	1/2/2013 1:00	0.232	0				
798	1/2/2013 4:00	0.232	0				
799	1/2/2013 7:00	0.232	0				
800	1/2/2013 10:00	0.232	0				
801	1/2/2013 13:00	0.343	0				
802	1/2/2013 16:00	0.232	0				
803	1/2/2013 19:00	0.232	0				
804	1/2/2013 22:00	0.343	0				
805	1/3/2013 1:00	0.232	0				
806	1/3/2013 4:00	0.232	0				
807	1/3/2013 7:00	0.232	0				
808	1/3/2013 10:00	0.232	0				
809	1/3/2013 13:00	0.232	0				
810	1/3/2013 16:00	0.232	0				
811	1/3/2013 19:00	0.232	0				
812	1/3/2013 22:00	0.232	0				
813	1/4/2013 1:00	0.343	0				
814	1/4/2013 4:00	0.232	0				
815	1/4/2013 7:00	0.232	0				
816	1/4/2013 10:00	0.343	0				
817	1/4/2013 13:00	0.232	0				
818	1/4/2013 16:00	0.232	0				
819	1/4/2013 19:00	0.232	0				
820	1/4/2013 22:00	0.232	0				
821	1/5/2013 1:00	0.232	0				
822	1/5/2013 4:00	0.232	0				
823	1/5/2013 7:00	0.232	0				
824	1/5/2013 10:00	0.343	0				
825	1/5/2013 13:00	0.343	0				
826	1/5/2013 16:00	0.232	0				
827	1/5/2013 19:00	0.343	0				
828	1/5/2013 22:00	0.343	0				
829	1/6/2013 1:00	0.232	0				
830	1/6/2013 4:00	0.343	0				
831	1/6/2013 7:00	0.232	0				
832	1/6/2013 10:00	0.232	0				
833	1/6/2013 13:00	0.232	0				
834	1/6/2013 16:00	0.232	0				
835	1/6/2013 19:00	0.232	0				
836	1/6/2013 22:00	0.232	0				
837	1/7/2013 1:00	0.232	0				
838	1/7/2013 4:00	0.232	0				
839	1/7/2013 7:00	0.232	0				
840	1/7/2013 10:00	0.232	0				
841	1/7/2013 13:00	0.232	0				
842	1/7/2013 16:00	0.232	0				
843	1/7/2013 19:00	0.232	0				
844	1/7/2013 22:00	0.232	0				
845	1/8/2013 1:00	0.232	0				
846	1/8/2013 4:00	0.232	0				
847	1/8/2013 7:00	0.232	0				
848	1/8/2013 10:00	0.232	0				
849	1/8/2013 13:00	0.232	0				
850	1/8/2013 16:00	0.232	0				
851	1/8/2013 19:00	0.232	0				
852	1/8/2013 22:00	0.232	0				
853	1/9/2013 1:00	0.232	0				
854	1/9/2013 4:00	0.232	0				
855	1/9/2013 7:00	0.232	0				
856	1/9/2013 10:00	0.232	0				
857	1/9/2013 13:00	0.232	0				
858	1/9/2013 16:00	0.232	0				
859	1/9/2013 19:00	0.232	0				
860	1/9/2013 22:00	0.232	0				
861	1/10/2013 1:00	0.232	0				
862	1/10/2013 4:00	0.232	0				
863	1/10/2013 7:00	0.232	0				
864	1/10/2013 10:00	0.232	0				
865	1/10/2013 13:00	0.232	0				
866	1/10/2013 16:00	0.232	0				
867	1/10/2013 19:00	0.232	0				
868	1/10/2013 22:00	0.232	0				
869	1/11/2013 1:00	0.232	0				
870	1/11/2013 4:00	0.232	0				
871	1/11/2013 7:00	0.232	0				
872	1/11/2013 10:00	0.232	0				
873	1/11/2013 13:00	0.232	0				
874	1/11/2013 16:00	0.232	0				
875	1/11/2013 19:00	0.232	0				
876	1/11/2013 22:00	0.232	0				
877	1/12/2013 1:00	0.232	0				
878	1/12/2013 4:00	0.232	0				
879	1/12/2013 7:00	0.232	0				
880	1/12/2013 10:00	0.232	0				
881	1/12/2013 13:00	0.232	0				
882	1/12/2013 16:00	0.232	0				
883	1/12/2013 19:00	0.232	0				
884	1/12/2013 22:00	0.232	0				
885	1/13/2013 1:00	0.232	0				
886	1/13/2013 4:00	0.232	0				
887	1/13/2013 7:00	0.232	0				
888	1/13/2013 10:00	0.232	0				
889	1/13/2013 13:00	0.232	0				
890	1/13/2013 16:00	0.232	0				
891	1/13/2013 19:00	0.232	0				
892	1/13/2013 22:00	0.232	0				
893	1/14/2013 1:00	0.232	0				
894	1/14/2013 4:00	0.232	0				
895	1/14/2013 7:00	0.232	0				
896	1/14/2013 10:00	0.232	0				
897	1/14/2013 13:00	0.232	0				
898	1/14/2013 16:00	0.232	0				
899	1/14/2013 19:00	0.232	0				
900	1/14/2013 22:00	0.232	0				
901	1/15/2013 1:00	0.232	0				
902	1/15/2013 4:00	0.232	0				
903	1/15/2013 7:00	0.232	0				
904	1/15/2013 10:00	0.232	0				
905	1/15/2013 13:00	0.232	0				
906	1/15/2013 16:00	0.232	0				
907	1/15/2013 19:00	0.232	0				
908	1/15/2013 22:00	0.232	0				
909	1/16/2013 1:00	0.232	0				
910	1/16/2013 4:00	0.232	0				
911	1/16/2013 7:00	0.232	0				
912	1/16/2013 10:00	0.232	0				
913	1/16/2013 13:00	0.232	0				
914	1/16/2013 16:00	0.232	0				
915	1/16/2013 19:00	0.232	0				
916	1/16/2013 22:00	0.232	0				
917	1/17/2013 1:00	0.232	0				
918	1/17/2013 4:00	0.232	0				
919	1/17/2013 7:00	0.343	0				
920	1/17/2013 10:00	0.343	0				
921	1/17/2013 13:00	0.232	0				
922	1/17/2013 16:00	0.232	0				
923	1/17/2013 19:00	0.232	0				
924	1/17/2013 22:00	0.232	0				
925	1/18/2013 1:00	0.232	0				
926	1/18/2013 4:00	0.232	0				
927	1/18/2013 7:00	0.232	0				
928	1/18/2013 10:00	0.232	0				
929	1/18/2013 13:00	0.232	0				
930	1/18/2013 16:00	0.343	0				
931	1/18/2013 19:00	0.232	0				
932	1/18/2013 22:00	0.232	0				
933	1/19/2013 1:00	0.232	0				
934	1/19/2013 4:00	0.343	0				
935	1/19/2013 7:00	0.232	0				
936	1/19/2013 10:00	0.232	0				
937	1/19/2013 13:00	0.232	0				
938	1/19/2013 16:00	0.232	0				
939	1/19/2013 19:00	0.343	0				
940	1/19/2013 22:00	0.232	0				
941	1/20/2013 1:00	0.343	0				
942	1/20/2013 4:00	0.232	0				
943	1/20/2013 7:00	0.232	0				
944	1/20/2013 10:00	0.343	0				
945	1/20/2013 13:00	0.343	0				
946	1/20/2013 16:00	0.343	0				
947	1/20/2013 19:00	0.343	0				
948	1/20/2013 22:00	0.232	0				
949	1/21/2013 1:00	0.232	0				
950	1/21/2013 4:00	0.232	0				
951	1/21/2013 7:00	0.232	0				
952	1/21/2013 10:00	0.343	0				
953	1/21/2013 13:00	0.232	0				
954	1/21/2013 16:00	0.232	0				
955	1/21/2013 19:00	0.232	0				
956	1/21/2013 22:00	0.343	0				
957	1/22/2013 1:00	0.232	0				
958	1/22/2013 4:00	0.232	0				
959	1/22/2013 7:00	0.232	0				
960	1/22/2013 10:00	0.343	0				
961	1/22/2013 13:00	0.232	0				
962	1/22/2013 16:00	0.232	0				
963	1/22/2013 19:00	0.232	0				
964	1/22/2013 22:00	0.232	0				
965	1/23/2013 1:00	0.232	0				
966	1/23/2013 4:00	0.232	0				
967	1/23/2013 7:00	0.232	0				
968	1/23/2013 10:00	0.232	0				
969	1/23/2013 13:00	0.232	0				
970	1/23/2013 16:00	0.232	0				
971	1/23/2013 19:00	0.232	0				
972	1/23/2013 22:00	0.343	0				
973	1/24/2013 1:00	0.232	0				
974	1/24/2013 4:00	0.232	0				
975	1/24/2013 7:00	0.232	0				
976	1/24/2013 10:00	0.343	0				
977	1/24/2013 13:00	0.232	0				
978	1/24/2013 16:00	0.232	0				
979	1/24/2013 19:00	0.232	0				
980	1/24/2013 22:00	0.232	0				
981	1/25/2013 1:00	0.343	0				
982	1/25/2013 4:00	0.232	0				
983	1/25/2013 7:00	0.232	0				
984	1/25/2013 10:00	0.232	0				
985	1/25/2013 13:00	0.232	0				
986	1/25/2013 16:00	0.232	0				
987	1/25/2013 19:00	0.232	0				
988	1/25/2013 22:00	0.232	0				
989	1/26/2013 1:00	0.232	0				
990	1/26/2013 4:00	0.232	0				
991	1/26/2013 7:00	0.232	0				
992	1/26/2013 10:00	0.232	0				
993	1/26/2013 13:00	0.232	0				
994	1/26/2013 16:00	0.232	0				
995	1/26/2013 19:00	0.232	0				
996	1/26/2013 22:00	0.232	0				
997	1/27/2013 1:00	0.232	0				
998	1/27/2013 4:00	0.232	0				
999	1/27/2013 7:00	0.232	0				
1000	1/27/2013 10:00	0.232	0				
1001	1/27/2013 13:00	0.232	0				
1002	1/27/2013 16:00	0.232	0				
1003	1/27/2013 19:00	0.232	0				
1004	1/27/2013 22:00	0.232	0				
1005	1/28/2013 1:00	0.232	0				
1006	1/28/2013 4:00	0.232	0				
1007	1/28/2013 7:00	0.232	0				
1008	1/28/2013 10:00	0.232	0				
1009	1/28/2013 13:00	0.232	0				
1010	1/28/2013 16:00	0.232	0				
1011	1/28/2013 19:00	0.232	0				
1012	1/28/2013 22:00	0.232	0				
1013	1/29/2013 1:00	0.232	0				
1014	1/29/2013 4:00	0.232	0				
1015	1/29/2013 7:00	0.232	0				
1016	1/29/2013 10:00	0.232	0				
1017	1/29/2013 13:00	0.232	0				
1018	1/29/2013 16:00	0.232	0				
1019	1/29/2013 19:00	0.232	0				
1020	1/29/2013 22:00	0.232	0				
1021	1/30/2013 1:00	0.232	0				
1022	1/30/2013 4:00	0.232	0				
1023	1/30/2013 7:00	0.232	0				
1024	1/30/2013 10:00	0.232	0				
1025	1/30/2013 13:00	0.232	0				
1026	1/30/2013 16:00	0.232	0				
1027	1/30/2013 19:00	0.232	0				
1028	1/30/2013 22:00	0.232	0				
1029	1/31/2013 1:00	0.232	0				
1030	1/31/2013 4:00	0.232	0				
1031	1/31/2013 7:00	0.232	0				
1032	1/31/2013 10:00	0.232	0				
1033	1/31/2013 13:00	0.232	0				
1034	1/31/2013 16:00	0.232	0				
1035	1/31/2013 19:00	0.232	0				
1036	1/31/2013 22:00	0.232	0				
1037	2/1/2013 1:00	0.232	0				
1038	2/1/2013 4:00	0.232	0				
1039	2/1/2013 7:00	0.232	0				
1040	2/1/2013 10:00	0.232	0				
1041	2/1/2013 13:00	0.232	0				
1042	2/1/2013 16:00	0.232	0				
1043	2/1/2013 19:00	0.232	0				
1044	2/1/2013 22:00	0.232	0				
1045	2/2/2013 1:00	0.232	0				
1046	2/2/2013 4:00	0.232	0				
1047	2/2/2013 7:00	0.232	0				
1048	2/2/2013 10:00	0.232	0				
1049	2/2/2013 13:00	0.232	0				
1050	2/2/2013 16:00	0.232	0				
1051	2/2/2013 19:00	0.232	0				
1052	2/2/2013 22:00	0.232	0				
1053	2/3/2013 1:00	0.232	0				
1054	2/3/2013 4:00	0.232	0				
1055	2/3/2013 7:00	0.232	0				
1056	2/3/2013 10:00	0.232	0				
1057	2/3/2013 13:00	0.232	0				
1058	2/3/2013 16:00	0.232	0				
1059	2/3/2013 19:00	0.232	0				
1060	2/3/2013 22:00	0.232	0				
1061	2/4/2013 1:00	0.232	0				
1062	2/4/2013 4:00	0.232	0				
1063	2/4/2013 7:00	0.232	0				
1064	2/4/2013 10:00	0.232	0				
1065	2/4/2013 13:00	0.232	0				
1066	2/4/2013 16:00	0.232	0				
1067	2/4/2013 19:00	0.232	0				
1068	2/4/2013 22:00	0.232	0				
1069	2/5/2013 1:00	0.232	0				
1070	2/5/2013 4:00	0.232	0				
1071	2/5/2013 7:00	0.232	0				
1072	2/5/2013 10:00	0.232	0				
1073	2/5/2013 13:00	0.232	0				
1074	2/5/2013 16:00	0.232	0				
1075	2/5/2013 19:00	0.232	0				
1076	2/5/2013 22:00	0.232	0				
1077	2/6/2013 1:00	0.232	0				
1078	2/6/2013 4:00	0.232	0				
1079	2/6/2013 7:00	0.232	0				
1080	2/6/2013 10:00	0.232	0				
1081	2/6/2013 13:00	0.232	0				
1082	2/6/2013 16:00	0.232	0				
1083	2/6/2013 19:00	0.232	0				
1084	2/6/2013 22:00	0.232	0				
1085	2/7/2013 1:00	0.232	0				
1086	2/7/2013 4:00	0.232	0				
1087	2/7/2013 7:00	0.232	0				
1088	2/7/2013 10:00	0.232	0				
1089	2/7/2013 13:00	0.232	0				
1090	2/7/2013 16:00	0.232	0				
1091	2/7/2013 19:00	0.232	0				
1092	2/7/2013 22:00	0.232	0				
1093	2/8/2013 1:00	0.232	0				
1094	2/8/2013 4:00	0.232	0				
1095	2/8/2013 7:00	0.232	0				
1096	2/8/2013 10:00	0.232	0				
1097	2/8/2013 13:00	0.232	0				
1098	2/8/2013 16:00	0.232	0				
1099	2/8/2013 19:00	0.232	0				
1100	2/8/2013 22:00	0.232	0				
1101	2/9/2013 1:00	0.232	0				
1102	2/9/2013 4:00	0.232	0				
1103	2/9/2013 7:00	0.232	0				
1104	2/9/2013 10:00	0.232	0				
1105	2/9/2013 13:00	0.232	0				
1106	2/9/2013 16:00	0.232	0				
1107	2/9/2013 19:00	0.232	0				
1108	2/9/2013 22:00	0.232	0				
1109	2/10/2013 1:00	0.232	0				
1110	2/10/2013 4:00	0.232	0				
1111	2/10/2013 7:00	0.232	0				
1112	2/10/2013 10:00	0.232	0				
1113	2/10/2013 13:00	0.232	0				
1114	2/10/2013 16:00	0.232	0				
1115	2/10/2013 19:00	0.232	0				
1116	2/10/2013 22:00	0.232	0				
1117	2/11/2013 1:00	0.232	0				
1118	2/11/2013 4:00	0.232	0				
1119	2/11/2013 7:00	0.232	0				
1120	2/11/2013 10:00	0.232	0				
1121	2/11/2013 13:00	0.232	0				
1122	2/11/2013 16:00	0.232	0				
1123	2/11/2013 19:00	0.232	0				
1124	2/11/2013 22:00	0.232	0				
1125	2/12/2013 1:00	0.232	0				
1126	2/12/2013 4:00	0.232	0				
1127	2/12/2013 7:00	0.232	0				
1128	2/12/2013 10:00	0.232	0				
1129	2/12/2013 13:00	0.232	0				
1130	2/12/2013 16:00	0.232	0				
1131	2/12/2013 19:00	0.232	0				
1132	2/12/2013 22:00	0.232	0				
1133	2/13/2013 1:00	0.232	0				
1134	2/13/2013 4:00	0.232	0				
1135	2/13/2013 7:00	0.232	0				
1136	2/13/2013 10:00	0.232	0				
1137	2/13/2013 13:00	0.232	0				
1138	2/13/2013 16:00	0.232	0				
1139	2/13/2013 19:00	0.232	0				
1140	2/13/2013 22:00	0.232	0				
1141	2/14/2013 1:00	0.232	0				
1142	2/14/2013 4:00	0.232	0				
1143	2/14/2013 7:00	0.232	0				
1144	2/14/2013 10:00	0.232	0				
1145	2/14/2013 13:00	0.232	0				
1146	2/14/2013 16:00	0.232	0				
1147	2/14/2013 19:00	0.232	0				
1148	2/14/2013 22:00	0.232	0				
1149	2/15/2013 1:00	0.232	0				
1150	2/15/2013 4:00	0.232	0				
1151	2/15/2013 7:00	0.232	0				
1152	2/15/2013 10:00	0.232	0				
1153	2/15/2013 13:00	0.232	0				
1154	2/15/2013 16:00	0.232	0				
1155	2/15/2013 19:00	0.232	0				
1156	2/15/2013 22:00	0.232	0				
1157	2/16/2013 1:00	0.232	0				
1158	2/16/2013 4:00	0.232	0				
1159	2/16/2013 7:00	0.232	0				
1160	2/16/2013 10:00	0.232	0				
1161	2/16/2013 13:00	0.232	0				
1162	2/16/2013 16:00	0.232	0				
1163	2/16/2013 19:00	0.232	0				
1164	2/16/2013 22:00	0.232	0				
1165	2/17/2013 1:00	0.232	0				
1166	2/17/2013 4:00	0.232	0				
1167	2/17/2013 7:00	0.232	0				
1168	2/17/2013 10:00	0.232	0				
1169	2/17/2013 13:00	0.232	0				
1170	2/17/2013 16:00	0.232	0				
1171	2/17/2013 19:00	0.232	0				
1172	2/17/2013 22:00	0.232	0				
1173	2/18/2013 1:00	0.232	0				
1174	2/18/2013 4:00	0.232	0				
1175	2/18/2013 7:00	0.232	0				
1176	2/18/2013 10:00	0.232	0				
1177	2/18/2013 13:00	0.232	0				
1178	2/18/2013 16:00	0.232	0				
1179	2/18/2013 19:00	0.232	0				
1180	2/18/2013 22:00	0.232	0				
1181	2/19/2013 1:00	0.232	0				
1182	2/19/2013 4:00	0.232	0				
1183	2/19/2013 7:00	0.232	0				
1184	2/19/2013 10:00	0.232	0				
1185	2/19/2013 13:00	0.232	0				
1186	2/19/2013 16:00	0.232	0				
1187	2/19/2013 19:00	0.232	0				
1188	2/19/2013 22:00	0.232	0				
1189	2/20/2013 1:00	0.232	0				
1190	2/20/2013 4:00	0.232	0				
1191	2/20/2013 7:00	0.232	0				
1192	2/20/2013 10:00	0.232	0				
1193	2/20/2013 13:00	0.232	0				
1194	2/20/2013 16:00	0.232	0				
1195	2/20/2013 19:00	0.232	0				
1196	2/20/2013 22:00	0.232	0				
1197	2/21/2013 1:00	0.232	0				
1198	2/21/2013 4:00	0.232	0				
1199	2/21/2013 7:00	0.232	0				
1200	2/21/2013 10:00	0.232	0				
1201	2/21/2013 13:00	0.232	0				
1202	2/21/2013 16:00	0.232	0				
1203	2/21/2013 19:00	0.232	0				
1204	2/21/2013 22:00	0.232	0				
1205	2/22/2013 1:00	0.232	0				
1206	2/22/2013 4:00	0.232	0				
1207	2/22/2013 7:00	0.232	0				
1208	2/22/2013 10:00	0.232	0				
1209	2/22/2013 13:00	0.232	0				
1210	2/22/2013 16:00	0.232	0				
1211	2/22/2013 19:00	0.232	0				
1212	2/22/2013 22:00	0.232	0				
1213	2/23/2013 1:00	0.232	0				
1214	2/23/2013 4:00	0.232	0				
1215	2/23/2013 7:00	0.232	0				
1216	2/23/2013 10:00	0.232	0				
1217	2/23/2013 13:00	0.232	0				
1218	2/23/2013 16:00	0.232	0				
1219	2/23/2013 19:00	0.232	0				
1220	2/23/2013 22:00	0.232	0				
1221	2/24/2013 1:00	0.232	0				
1222	2/24/2013 4:00	0.232	0				
1223	2/24/2013 7:00	0.232	0				
1224	2/24/2013 10:00	0.232	0				
1225	2/24/2013 13:00	0.232	0				
1226	2/24/2013 16:00	0.232	0				
1227	2/24/2013 19:00	0.232	0				
1228	2/24/2013 22:00	0.232	0				
1229	2/25/2013 1:00	0.232	0				
1230	2/25/2013 4:00	0.232	0				
1231	2/25/2013 7:00	0.232	0				
1232	2/25/2013 10:00	0.232	0				
1233	2/25/2013 13:00	0.232	0				
1234	2/25/2013 16:00	0.232	0				
1235	2/25/2013 19:00	0.232	0				
1236	2/25/2013 22:00	0.232	0				
1237	2/26/2013 1:00	0.232	0				
1238	2/26/2013 4:00	0.232	0				
1239	2/26/2013 7:00	0.232	0				
1240	2/26/2013 10:00	0.232	0				
1241	2/26/2013 13:00	0.232	0				
1242	2/26/2013 16:00	0.232	0				
1243	2/26/2013 19:00	0.232	0				
1244	2/26/2013 22:00	0.232	0				
1245	2/27/2013 1:00	0.232	0				
1246	2/27/2013 4:00	0.232	0				
1247	2/27/2013 7:00	0.232	0				
1248	2/27/2013 10:00	0.232	0				
1249	2/27/2013 13:00	0.232	0				
1250	2/27/2013 16:00	0.232	0				
1251	2/27/2013 19:00	0.232	0				
1252	2/27/2013 22:00	0.232	0				
1253	2/28/2013 1:00	0.232	0				
1254	2/28/2013 4:00	0.232	0				
1255	2/28/2013 7:00	0.232	0				
1256	2/28/2013 10:00	0.232	0				
1257	2/28/2013 13:00	0.232	0				
1258	2/28/2013 16:00	0.232	0				
1259	2/28/2013 19:00	0.232	0				
1260	2/28/2013 22:00	0.232	0				
1261	3/1/2013 1:00	0.232	0				
1262	3/1/2013 4:00	0.232	0				
1263	3/1/2013 7:00	0.232	0				
1264	3/1/2013 10:00	0.232	0				
1265	3/1/2013 13:00	0.232	0				
1266	3/1/2013 16:00	0.232	0				
1267	3/1/2013 19:00	0.232	0				
1268	3/1/2013 22:00	0.232	0				
1269	3/2/2013 1:00	0.232	0				
1270	3/2/2013 4:00	0.232	0				
1271	3/2/2013 7:00	0.232	0				
1272	3/2/2013 10:00	0.232	0				
1273	3/2/2013 13:00	0.232	0				
1274	3/2/2013 16:00	0.232	0				
1275	3/2/2013 19:00	0.232	0				
1276	3/2/2013 22:00	0.232	0				
1277	3/3/2013 1:00	0.232	0				
1278	3/3/2013 4:00	0.232	0				
1279	3/3/2013 7:00	0.232	0				
1280	3/3/2013 10:00	0.232	0				
1281	3/3/2013 13:00	0.232	0				
1282	3/3/2013 16:00	0.232	0				
1283	3/3/2013 19:00	0.232	0				
1284	3/3/2013 22:00	0.232	0				
1285	3/4/2013 1:00	0.232	0				
1286	3/4/2013 4:00	0.232	0				
1287	3/4/2013 7:00	0.232	0				
1288	3/4/2013 10:00	0.232	0				
1289	3/4/2013 13:00	0.232	0				
1290	3/4/2013 16:00	0.232	0				
1291	3/4/2013 19:00	0.232	0				
1292	3/4/2013 22:00	0.232	0				
1293	3/5/2013 1:00	0.232	0				
1294	3/5/2013 4:00	0.232	0				
1295	3/5/2013 7:00	0.232	0				
1296	3/5/2013 10:00	0.232	0				
1297	3/5/2013 13:00	0.232	0				
1298	3/5/2013 16:00	0.232	0				
1299	3/5/2013 19:00	0.232	0				
1300	3/5/2013 22:00	0.232	0				
1301	3/6/2013 1:00	0.232	0				
1302	3/6/2013 4:00	0.232	0				
1303	3/6/2013 7:00	0.232	0				
1304	3/6/2013 10:00	0.232	0				
1305	3/6/2013 13:00	0.232	0				
1306	3/6/2013 16:00	0.232	0				
1307	3/6/2013 19:00	0.232	0				
1308	3/6/2013 22:00	0.232	0				
1309	3/7/2013 1:00	0.232	0				
1310	3/7/2013 4:00	0.232	0				
1311	3/7/2013 7:00	0.232	0				
1312	3/7/2013 10:00	0.232	0				
1313	3/7/2013 13:00	0.232	0				
1314	3/7/2013 16:00	0.232	0				
1315	3/7/2013 19:00	0.232	0				
1316	3/7/2013 22:00	0.232	0				
1317	3/8/2013 1:00	0.232	0				
1318	3/8/2013 4:00	0.232	0				
1319	3/8/2013 7:00	0.232	0				
1320	3/8/2013 10:00	0.232	0				
1321	3/8/2013 13:00	0.232	0				
1322	3/8/2013 16:00	0.232	0				
1323	3/8/2013 19:00	0.232	0				
1324	3/8/2013 22:00	0.232	0				
1325	3/9/2013 1:00	0.232	0				
1326	3/9/2013 4:00	0.232	0				
1327	3/9/2013 7:00	0.232	0				
1328	3/9/2013 10:00	0.232	0				
1329	3/9/2013 13:00	0.232	0				
1330	3/9/2013 16:00	0.232	0				
1331	3/9/2013 19:00	0.232	0				
1332	3/9/2013 22:00	0.232	0				
1333	3/10/2013 1:00	0.232	0				
1334	3/10/2013 4:00	0.232	0				
1335	3/10/2013 7:00	0.232	0				
1336	3/10/2013 10:00	0.232	0				
1337	3/10/2013 13:00	0.232	0				
1338	3/10/2013 16:00	0.232	0				
1339	3/10/2013 19:00	0.232	0				
1340	3/10/2013 22:00	0.232	0				
1341	3/11/2013 1:00	0.232	0				
1342	3/11/2013 4:00	0.232	0				
1343	3/11/2013 7:00	0.232	0				
1344	3/11/2013 10:00	0.232	0				
1345	3/11/2013 13:00	0.232	0				
1346	3/11/2013 16:00	0.232	0				
1347	3/11/2013 19:00	0.232	0				
1348	3/11/2013 22:00	0.232	0				
1349	3/12/2013 1:00	0.232	0				
1350	3/12/2013 4:00	0.232	0				
1351	3/12/2013 7:00	0.232	0				
1352	3/12/2013 10:00	0.232	0				
1353	3/12/2013 13:00	0.232	0				
1354	3/12/2013 16:00	0.232	0				
1355	3/12/2013 19:00	0.232	0				
1356	3/12/2013 22:00	0.232	0				
1357	3/13/2013 1:00	0.232	0				
1358	3/13/2013 4:00	0.232	0				
1359	3/13/2013 7:00	0.232	0				
1360	3/13/2013 10:00	0.232	0				
1361	3/13/2013 13:00	0.232	0				
1362	3/13/2013 16:00	0.232	0				
1363	3/13/2013 19:00	0.232	0				
1364	3/13/2013 22:00	0.232	0				
1365	3/14/2013 1:00	0.232	0				
1366	3/14/2013 4:00	0.232	0				
1367	3/14/2013 7:00	0.232	0				
1368	3/14/2013 10:00	0.232	0				
1369	3/14/2013 13:00	0.232	0				
1370	3/14/2013 16:00	0.232	0				
1371	3/14/2013 19:00	0.232	0				
1372	3/14/2013 22:00	0.232	0				
1373	3/15/2013 1:00	0.232	0				
1374	3/15/2013 4:00	0.232	0				
1375	3/15/2013 7:00	0.232	0				
1376	3/15/2013 10:00	0.232	0				
1377	3/15/2013 13:00	0.232	0				
1378	3/15/2013 16:00	0.232	0				
1379	3/15/2013 19:00	0.232	0				
1380	3/15/2013 22:00	0.232	0				
1381	3/16/2013 1:00	0.232	0				
1382	3/16/2013 4:00	0.232	0				
1383	3/16/2013 7:00	0.232	0				
1384	3/16/2013 10:00	0.232	0				
1385	3/16/2013 13:00	0.232	0				
1386	3/16/2013 16:00	0.232	0				
1387	3/16/2013 19:00	0.232	0				
1388	3/16/2013 22:00	0.232	0				
1389	3/17/2013 1:00	0.232	0				
1390	3/17/2013 4:00	0.232	0				
1391	3/17/2013 7:00	0.232	0				
1392	3/17/2013 10:00	0.232	0				
1393	3/17/2013 13:00	0.232	0				
1394	3/17/2013 16:00	0.232	0				
1395	3/17/2013 19:00	0.232	0				
1396	3/17/2013 22:00	0.232	0				
1397	3/18/2013 1:00	0.232	0				
1398	3/18/2013 4:00	0.232	0				
1399	3/18/2013 7:00	0.232	0				
1400	3/18/2013 10:00	0.232	0				
1401	3/18/2013 13:00	0.232	0				
1402	3/18/2013 16:00	0.232	0				
1403	3/18/2013 19:00	0.232	0				
1404	3/18/2013 22:00	0.232	0				
1405	3/19/2013 1:00	0.232	0				
1406	3/19/2013 4:00	0.232	0				
1407	3/19/2013 7:00	0.232	0				
1408	3/19/2013 10:00	0.232	0				
1409	3/19/2013 13:00	0.232	0				
1410	3/19/2013 16:00	0.232	0				
1411	3/19/2013 19:00	0.232	0				
1412	3/19/2013 22:00	0.232	0				
1413	3/20/2013 1:00	0.232	0				
1414	3/20/2013 4:00	0.232	0				
1415	3/20/2013 7:00	0.232	0				
1416	3/20/2013 10:00	0.232	0				
1417	3/20/2013 13:00	0.232	0				
1418	3/20/2013 16:00	0.232	0				
1419	3/20/2013 19:00	0.232	0				
1420	3/20/2013 22:00	0.232	0				
1421	3/21/2013 1:00	0.232	0				
1422	3/21/2013 4:00	0.232	0				
1423	3/21/2013 7:00	0.121	0				
1424	3/21/2013 10:00	0.121	0				
1425	3/21/2013 13:00	0.121	0				
1426	3/21/2013 16:00	0.121	0				
1427	3/21/2013 19:00	0.121	0				
1428	3/21/2013 22:00	0.121	0				
1429	3/22/2013 1:00	0.121	0				
1430	3/22/2013 4:00	0.121	0				
1431	3/22/2013 7:00	0.121	0				
1432	3/22/2013 10:00	0.121	0				
1433	3/22/2013 13:00	0.121	0				
1434	3/22/2013 16:00	0.121	0				
1435	3/22/2013 19:00	0.121	0				
1436	3/22/2013 22:00	0.121	0				
1437	3/23/2013 1:00	0.121	0				
1438	3/23/2013 4:00	0.121	0				
1439	3/23/2013 7:00	0.121	0				
1440	3/23/2013 10:00	0.232	0				
1441	3/23/2013 13:00	0.121	0				
1442	3/23/2013 16:00	0.232	0				
1443	3/23/2013 19:00	0.121	0				
1444	3/23/2013 22:00	0.121	0				
1445	3/24/2013 1:00	0.121	0				
1446	3/24/2013 4:00	0.232	0				
1447	3/24/2013 7:00	0.232	0				
1448	3/24/2013 10:00	0.232	0				
1449	3/24/2013 13:00	0.232	0				
1450	3/24/2013 16:00	0.121	0				
1451	3/24/2013 19:00	0.121	0				
1452	3/24/2013 22:00	0.121	0				
1453	3/25/2013 1:00	0.121	0				
1454	3/25/2013 4:00	0.232	0				
1455	3/25/2013 7:00	0.121	0				
1456	3/25/2013 10:00	0.121	0				
1457	3/25/2013 13:00	0.121	0				
1458	3/25/2013 16:00	0.121	0				
1459	3/25/2013 19:00	0.121	0				
1460	3/25/2013 22:00	0.232	0				
1461	3/26/2013 1:00	0.232	0				
1462	3/26/2013 4:00	0.121	0				
1463	3/26/2013 7:00	0.232	0				
1464	3/26/2013 10:00	0.121	0				
1465	3/26/2013 13:00	0.232	0				
1466	3/26/2013 16:00	0.121	0				
1467	3/26/2013 19:00	0.232	0				
1468	3/26/2013 22:00	0.121	0				
1469	3/27/2013 1:00	0.232	0				
1470	3/27/2013 4:00	0.121	0				
1471	3/27/2013 7:00	0.232	0				
1472	3/27/2013 10:00	0.121	0				
1473	3/27/2013 13:00	0.121	0				
1474	3/27/2013 16:00	0.121	0				
1475	3/27/2013 19:00	0.232	0				
1476	3/27/2013 22:00	0.232	0				
1477	3/28/2013 1:00	0.232	0				
1478	3/28/2013 4:00	0.121	0				
1479	3/28/2013 7:00	0.121	0				
1480	3/28/2013 10:00	0.232	0				
1481	3/28/2013 13:00	0.232	0				
1482	3/28/2013 16:00	0.121	0				
1483	3/28/2013 19:00	0.232	0				
1484	3/28/2013 22:00	0.232	0				
1485	3/29/2013 1:00	0.232	0				
1486	3/29/2013 4:00	0.232	0				
1487	3/29/2013 7:00	0.232	0				
1488	3/29/2013 10:00	0.232	0				
1489	3/29/2013 13:00	0.232	0				
1490	3/29/2013 16:00	0.121	0				
1491	3/29/2013 19:00	0.232	0				
1492	3/29/2013 22:00	0.121	0				
1493	3/30/2013 1:00	0.232	0				
1494	3/30/2013 4:00	0.121	0				
1495	3/30/2013 7:00	0.121	0				
1496	3/30/2013 10:00	0.121	0				
1497	3/30/2013 13:00	0.232	0				
1498	3/30/2013 16:00	0.232	0				
1499	3/30/2013 19:00	0.232	0				
1500	3/30/2013 22:00	0.232	0				
1501	3/31/2013 1:00	0.232	0				
1502	3/31/2013 4:00	0.121	0				
1503	3/31/2013 7:00	0.232	0				
1504	3/31/2013 10:00	0.232	0				
1505	3/31/2013 13:00	0.232	0				
1506	3/31/2013 16:00	0.232	0				
1507	3/31/2013 19:00	0.232	0				
1508	3/31/2013 22:00	0.121	0				
1509	4/1/2013 1:00	0.232	0				
1510	4/1/2013 4:00	0.232	0				
1511	4/1/2013 7:00	0.232	0				
1512	4/1/2013 10:00	0.232	0				
1513	4/1/2013 13:00	0.232	0				
1514	4/1/2013 16:00	0.232	0				
1515	4/1/2013 19:00	0.232	0				
1516	4/1/2013 22:00	0.232	0				
1517	4/2/2013 1:00	0.232	0				
1518	4/2/2013 4:00	0.232	0				
1519	4/2/2013 7:00	0.232	0				
1520	4/2/2013 10:00	0.232	0				
1521	4/2/2013 13:00	0.232	0				
1522	4/2/2013 16:00	0.232	0				
1523	4/2/2013 19:00	0.232	0				
1524	4/2/2013 22:00	0.232	0				
1525	4/3/2013 1:00	0.232	0				
1526	4/3/2013 4:00	0.232	0				
1527	4/3/2013 7:00	0.232	0				
1528	4/3/2013 10:00	0.232	0				
1529	4/3/2013 13:00	0.232	0				
1530	4/3/2013 16:00	0.232	0				
1531	4/3/2013 19:00	0.232	0				
1532	4/3/2013 22:00	0.232	0				
1533	4/4/2013 1:00	0.232	0				
1534	4/4/2013 4:00	0.232	0				
1535	4/4/2013 7:00	0.232	0				
1536	4/4/2013 10:00	0.232	0				
1537	4/4/2013 13:00	0.232	0				
1538	4/4/2013 16:00	0.232	0				
1539	4/4/2013 19:00	0.232	0				
1540	4/4/2013 22:00	0.232	0				
1541	4/5/2013 1:00	0.232	0				
1542	4/5/2013 4:00	0.121	0				
1543	4/5/2013 7:00	0.121	0				
1544	4/5/2013 10:00	0.232	0				
1545	4/5/2013 13:00	0.232	0				
1546	4/5/2013 16:00	0.232	0				
1547	4/5/2013 19:00	0.232	0				
1548	4/5/2013 22:00	0.232	0				
1549	4/6/2013 1:00	0.232	0				
1550	4/6/2013 4:00	0.232	0				
1551	4/6/2013 7:00	0.232	0				
1552	4/6/2013 10:00	0.232	0				
1553	4/6/2013 13:00	0.232	0				
1554	4/6/2013 16:00	0.232	0				
1555	4/6/2013 19:00	0.232	0				
1556	4/6/2013 22:00	0.232	0				
1557	4/7/2013 1:00	0.121	0				
1558	4/7/2013 4:00	0.232	0				
1559	4/7/2013 7:00	0.121	0				
1560	4/7/2013 10:00	0.232	0				
1561	4/7/2013 13:00	0.232	0				
1562	4/7/2013 16:00	0.232	0				
1563	4/7/2013 19:00	0.232	0				
1564	4/7/2013 22:00	0.232	0				
1565	4/8/2013 1:00	0.232	0				
1566	4/8/2013 4:00	0.232	0				
1567	4/8/2013 7:00	0.232	0				
1568	4/8/2013 10:00	0.232	0				
1569	4/8/2013 13:00	0.232	0				
1570	4/8/2013 16:00	0.232	0				
1571	4/8/2013 19:00	0.232	0				
1572	4/8/2013 22:00	0.232	0				
1573	4/9/2013 1:00	0.232	0				
1574	4/9/2013 4:00	0.232	0				
1575	4/9/2013 7:00	0.232	0				
1576	4/9/2013 10:00	0.232	0				
1577	4/9/2013 13:00	0.232	0				
1578	4/9/2013 16:00	0.232	0				
1579	4/9/2013 19:00	0.232	0				
1580	4/9/2013 22:00	0.232	0				
1581	4/10/2013 1:00	0.232	0				
1582	4/10/2013 4:00	0.232	0				
1583	4/10/2013 7:00	0.232	0				
1584	4/10/2013 10:00	0.232	0				
1585	4/10/2013 13:00	0.232	0				
1586	4/10/2013 16:00	0.232	0				
1587	4/10/2013 19:00	0.232	0				
1588	4/10/2013 22:00	0.232	0				
1589	4/11/2013 1:00	0.232	0				
1590	4/11/2013 4:00	0.232	0				
1591	4/11/2013 7:00	0.232	0				
1592	4/11/2013 10:00	0.232	0				
1593	4/11/2013 13:00	0.232	21.5				
1594	4/11/2013 16:00	0.232	0				
1595	4/11/2013 19:00	0.232	0				
1596	4/11/2013 22:00	0.232	0				
1597	4/12/2013 1:00	0.232	0				
1598	4/12/2013 4:00	0.232	0				
1599	4/12/2013 7:00	0.232	0				
1600	4/12/2013 10:00	0.232	0				
1601	4/12/2013 13:00	0.232	0				
1602	4/12/2013 16:00	0.232	0				
1603	4/12/2013 19:00	0.232	0				
1604	4/12/2013 22:00	0.232	0				
1605	4/13/2013 1:00	0.232	0				
1606	4/13/2013 4:00	0.232	0				
1607	4/13/2013 7:00	0.232	0				
1608	4/13/2013 10:00	0.232	0				
1609	4/13/2013 13:00	0.232	0				
1610	4/13/2013 16:00	0.232	0				
1611	4/13/2013 19:00	0.232	0				
1612	4/13/2013 22:00	0.232	0				
1613	4/14/2013 1:00	0.232	0				
1614	4/14/2013 4:00	0.232	0				
1615	4/14/2013 7:00	0.232	0				
1616	4/14/2013 10:00	0.232	0				
1617	4/14/2013 13:00	0.232	0				
1618	4/14/2013 16:00	0.232	0				
1619	4/14/2013 19:00	0.232	0				
1620	4/14/2013 22:00	0.232	0				
1621	4/15/2013 1:00	0.232	0				
1622	4/15/2013 4:00	0.232	0				
1623	4/15/2013 7:00	0.232	0				
1624	4/15/2013 10:00	0.232	0				
1625	4/15/2013 13:00	0.232	0				
1626	4/15/2013 16:00	0.232	0				
1627	4/15/2013 19:00	0.232	0				
1628	4/15/2013 22:00	0.232	0				
1629	4/16/2013 1:00	0.232	0				
1630	4/16/2013 4:00	0.232	0				
1631	4/16/2013 7:00	0.232	0				
1632	4/16/2013 10:00	0.232	0				
1633	4/16/2013 13:00	0.232	0				
1634	4/16/2013 16:00	0.232	0				
1635	4/16/2013 19:00	0.232	0				
1636	4/16/2013 22:00	0.232	0				
1637	4/17/2013 1:00	0.232	0				
1638	4/17/2013 4:00	0.232	0				
1639	4/17/2013 7:00	0.232	0				
1640	4/17/2013 10:00	0.232	0				
1641	4/17/2013 13:00	0.232	0				
1642	4/17/2013 16:00	0.232	0				
1643	4/17/2013 19:00	0.121	0				
1644	4/17/2013 22:00	0.232	0				
1645	4/18/2013 1:00	0.232	0				
1646	4/18/2013 4:00	0.232	0				
1647	4/18/2013 7:00	0.232	0				
1648	4/18/2013 10:00	0.232	0				
1649	4/18/2013 13:00	0.232	0				
1650	4/18/2013 16:00	0.232	0				
1651	4/18/2013 19:00	0.232	0				
1652	4/18/2013 22:00	0.232	0				
1653	4/19/2013 1:00	0.232	0				
1654	4/19/2013 4:00	0.232	0				
1655	4/19/2013 7:00	0.232	0				
1656	4/19/2013 10:00	0.232	0				
1657	4/19/2013 13:00	0.232	0				
1658	4/19/2013 16:00	0.232	0				
1659	4/19/2013 19:00	0.232	0				
1660	4/19/2013 22:00	0.232	0				
1661	4/20/2013 1:00	0.232	0				
1662	4/20/2013 4:00	0.232	0				
1663	4/20/2013 7:00	0.232	0				
1664	4/20/2013 10:00	0.232	0				
1665	4/20/2013 13:00	0.232	107.6				
1666	4/20/2013 16:00	0.232	0				
1667	4/20/2013 19:00	0.232	0				
1668	4/20/2013 22:00	0.232	0				
1669	4/21/2013 1:00	0.232	0				
1670	4/21/2013 4:00	0.232	0				
1671	4/21/2013 7:00	0.232	0				
1672	4/21/2013 10:00	0.232	0				
1673	4/21/2013 13:00	0.232	0				
1674	4/21/2013 16:00	0.232	0				
1675	4/21/2013 19:00	0.232	0				
1676	4/21/2013 22:00	0.232	0				
1677	4/22/2013 1:00	0.232	0				
1678	4/22/2013 4:00	0.232	0				
1679	4/22/2013 7:00	0.232	0				
1680	4/22/2013 10:00	0.232	10.8				
1681	4/22/2013 13:00	0.232	204.5				
1682	4/22/2013 16:00	0.232	10.8				
1683	4/22/2013 19:00	0.232	0				
1684	4/22/2013 22:00	0.232	0				
1685	4/23/2013 1:00	0.232	0				
1686	4/23/2013 4:00	0.232	0				
1687	4/23/2013 7:00	0.232	0				
1688	4/23/2013 10:00	0.232	21.5				
1689	4/23/2013 13:00	0.232	21.5				
1690	4/23/2013 16:00	0.232	10.8				
1691	4/23/2013 19:00	0.232	0				
1692	4/23/2013 22:00	0.232	0				
1693	4/24/2013 1:00	0.232	0				
1694	4/24/2013 4:00	0.232	0				
1695	4/24/2013 7:00	0.232	0				
1696	4/24/2013 10:00	0.232	43.1				
1697	4/24/2013 13:00	0.232	484.4				
1698	4/24/2013 16:00	0.232	86.1				
1699	4/24/2013 19:00	0.232	0				
1700	4/24/2013 22:00	0.232	0				
1701	4/25/2013 1:00	0.232	0				
1702	4/25/2013 4:00	0.232	0				
1703	4/25/2013 7:00	0.232	0				
1704	4/25/2013 10:00	0.232	64.6				
1705	4/25/2013 13:00	0.232	936.5				
1706	4/25/2013 16:00	0.232	247.6				
1707	4/25/2013 19:00	0.232	0				
1708	4/25/2013 22:00	0.232	0				
1709	4/26/2013 1:00	0.232	0				
1710	4/26/2013 4:00	0.232	0				
1711	4/26/2013 7:00	0.232	0				
1712	4/26/2013 10:00	0.232	129.2				
1713	4/26/2013 13:00	0.343	721.2				
1714	4/26/2013 16:00	0.232	721.2				
1715	4/26/2013 19:00	0.232	10.8				
1716	4/26/2013 22:00	0.343	0				
1717	4/27/2013 1:00	0.343	0				
1718	4/27/2013 4:00	0.343	0				
1719	4/27/2013 7:00	0.343	43.1				
1720	4/27/2013 10:00	0.343	387.5				
1721	4/27/2013 13:00	0.343	484.4				
1722	4/27/2013 16:00	0.453	279.9				
1723	4/27/2013 19:00	0.343	32.3				
1724	4/27/2013 22:00	0.343	0				
1725	4/28/2013 1:00	0.343	0				
1726	4/28/2013 4:00	0.343	0				
1727	4/28/2013 7:00	0.343	236.8				
1728	4/28/2013 10:00	0.453	678.1				
1729	4/28/2013 13:00	0.893	5511.1				
1730	4/28/2013 16:00	1.003	4133.4				
1731	4/28/2013 19:00	0.784	172.2				
1732	4/28/2013 22:00	0.674	0				
1733	4/29/2013 1:00	0.563	0				
1734	4/29/2013 4:00	0.453	0				
1735	4/29/2013 7:00	0.343	139.9				
1736	4/29/2013 10:00	0.674	1894.5				
1737	4/29/2013 13:00	1.98	16533.4				
1738	4/29/2013 16:00	3.049	11022.3				
1739	4/29/2013 19:00	0.893	301.4				
1740	4/29/2013 22:00	0.232	0				
1741	4/30/2013 1:00	-0.102	0				
1742	4/30/2013 4:00	-0.213	0				
1743	4/30/2013 7:00	-0.437	710.4				
1744	4/30/2013 10:00	0.343	2583.4				
1745	4/30/2013 13:00	1.872	5166.7				
1746	4/30/2013 16:00	3.472	20666.8				
1747	4/30/2013 19:00	1.221	742.7				
1748	4/30/2013 22:00	0.01	0				
1749	5/1/2013 1:00	-0.437	0				
1750	5/1/2013 4:00	-0.774	0				
1751	5/1/2013 7:00	-0.662	1108.7				
1752	5/1/2013 10:00	0.893	4305.6				
1753	5/1/2013 13:00	6.37	33066.9				
1754	5/1/2013 16:00	17.189	187379				
1755	5/1/2013 19:00	2.195	1087.2				
1756	5/1/2013 22:00	0.784	0				
1757	5/2/2013 1:00	0.563	0				
1758	5/2/2013 4:00	0.121	0				
1759	5/2/2013 7:00	0.232	1894.5				
1760	5/2/2013 10:00	3.683	5511.1				
1761	5/2/2013 13:00	13.654	30311.3				
1762	5/2/2013 16:00	17.379	60622.6				
1763	5/2/2013 19:00	5.037	2755.6				
1764	5/2/2013 22:00	2.624	0				
1765	5/3/2013 1:00	1.221	0				
1766	5/3/2013 4:00	0.343	0				
1767	5/3/2013 7:00	0.563	1636.1				
1768	5/3/2013 10:00	4.934	5166.7				
1769	5/3/2013 13:00	15.473	77156.1				
1770	5/3/2013 16:00	28.258	110223				
1771	5/3/2013 19:00	5.347	1022.6				
1772	5/3/2013 22:00	2.624	0				
1773	5/4/2013 1:00	1.548	0				
1774	5/4/2013 4:00	1.221	0				
1775	5/4/2013 7:00	1.33	1808.3				
1776	5/4/2013 10:00	6.268	5511.1				
1777	5/4/2013 13:00	15.378	132267.5				
1778	5/4/2013 16:00	31.574	187379				
1779	5/4/2013 19:00	6.166	1022.6				
1780	5/4/2013 22:00	3.472	0				
1781	5/5/2013 1:00	2.517	0				
1782	5/5/2013 4:00	1.872	0				
1783	5/5/2013 7:00	2.088	1894.5				
1784	5/5/2013 10:00	8.879	6200				
1785	5/5/2013 13:00	16.618	132267.5				
1786	5/5/2013 16:00	34.374	198401.3				
1787	5/5/2013 19:00	7.481	1011.8				
1788	5/5/2013 22:00	4.415	0				
1789	5/6/2013 1:00	3.367	0				
1790	5/6/2013 4:00	2.837	0				
1791	5/6/2013 7:00	3.049	1894.5				
1792	5/6/2013 10:00	7.882	5166.7				
1793	5/6/2013 13:00	19.187	132267.5				
1794	5/6/2013 16:00	36.295	82667.2				
1795	5/6/2013 19:00	9.275	1076.4				
1796	5/6/2013 22:00	5.757	0				
1797	5/7/2013 1:00	4.415	0				
1798	5/7/2013 4:00	3.472	0				
1799	5/7/2013 7:00	3.788	1894.5				
1800	5/7/2013 10:00	9.571	5511.1				
1801	5/7/2013 13:00	19.758	176356.7				
1802	5/7/2013 16:00	35.864	170845.6				
1803	5/7/2013 19:00	10.357	1280.9				
1804	5/7/2013 22:00	6.37	0				
1805	5/8/2013 1:00	4.934	0				
1806	5/8/2013 4:00	3.998	0				
1807	5/8/2013 7:00	4.102	1980.6				
1808	5/8/2013 10:00	9.866	5511.1				
1809	5/8/2013 13:00	17.379	148801				
1810	5/8/2013 16:00	36.403	176356.7				
1811	5/8/2013 19:00	10.944	1280.9				
1812	5/8/2013 22:00	6.674	0				
1813	5/9/2013 1:00	5.037	0				
1814	5/9/2013 4:00	4.207	0				
1815	5/9/2013 7:00	4.311	2152.8				
1816	5/9/2013 10:00	10.553	5511.1				
1817	5/9/2013 13:00	17.95	148801				
1818	5/9/2013 16:00	38.157	187379				
1819	5/9/2013 19:00	11.722	1270.1				
1820	5/9/2013 22:00	7.582	0				
1821	5/10/2013 1:00	5.655	0				
1822	5/10/2013 4:00	4.831	0				
1823	5/10/2013 7:00	5.141	2152.8				
1824	5/10/2013 10:00	11.722	5511.1				
1825	5/10/2013 13:00	19.948	88178.4				
1826	5/10/2013 16:00	31.983	104711.8				
1827	5/10/2013 19:00	13.558	3100				
1828	5/10/2013 22:00	9.275	0				
1829	5/11/2013 1:00	8.182	0				
1830	5/11/2013 4:00	7.179	0				
1831	5/11/2013 7:00	7.782	2497.2				
1832	5/11/2013 10:00	13.461	13777.9				
1833	5/11/2013 13:00	19.472	49600.3				
1834	5/11/2013 16:00	20.901	34444.7				
1835	5/11/2013 19:00	14.613	2927.8				
1836	5/11/2013 22:00	9.965	0				
1837	5/12/2013 1:00	8.382	0				
1838	5/12/2013 4:00	7.079	0				
1839	5/12/2013 7:00	7.882	2238.9				
1840	5/12/2013 10:00	9.669	3444.5				
1841	5/12/2013 13:00	16.999	34444.7				
1842	5/12/2013 16:00	15.569	5511.1				
1843	5/12/2013 19:00	12.304	2497.2				
1844	5/12/2013 22:00	9.472	0				
1845	5/13/2013 1:00	7.682	0				
1846	5/13/2013 4:00	7.882	0				
1847	5/13/2013 7:00	7.983	3961.1				
1848	5/13/2013 10:00	10.259	9300.1				
1849	5/13/2013 13:00	13.75	23422.4				
1850	5/13/2013 16:00	10.846	6200				
1851	5/13/2013 19:00	7.582	3272.2				
1852	5/13/2013 22:00	4.207	0				
1853	5/14/2013 1:00	3.261	0				
1854	5/14/2013 4:00	2.624	0				
1855	5/14/2013 7:00	3.049	2927.8				
1856	5/14/2013 10:00	6.775	10677.8				
1857	5/14/2013 13:00	10.846	24800.2				
1858	5/14/2013 16:00	15.664	38578				
1859	5/14/2013 19:00	9.965	2497.2				
1860	5/14/2013 22:00	5.45	0				
1861	5/15/2013 1:00	4.415	0				
1862	5/15/2013 4:00	3.155	0				
1863	5/15/2013 7:00	3.788	2927.8				
1864	5/15/2013 10:00	9.866	9644.5				
1865	5/15/2013 13:00	14.038	18600.1				
1866	5/15/2013 16:00	11.625	10677.8				
1867	5/15/2013 19:00	8.581	1980.6				
1868	5/15/2013 22:00	6.978	0				
1869	5/16/2013 1:00	6.166	0				
1870	5/16/2013 4:00	5.655	0				
1871	5/16/2013 7:00	4.311	2238.9				
1872	5/16/2013 10:00	9.571	6544.5				
1873	5/16/2013 13:00	14.517	21355.7				
1874	5/16/2013 16:00	13.558	4650				
1875	5/16/2013 19:00	10.259	2238.9				
1876	5/16/2013 22:00	7.983	0				
1877	5/17/2013 1:00	7.381	0				
1878	5/17/2013 4:00	6.674	0				
1879	5/17/2013 7:00	6.674	1377.8				
1880	5/17/2013 10:00	8.581	8266.7				
1881	5/17/2013 13:00	8.779	6544.5				
1882	5/17/2013 16:00	8.282	5511.1				
1883	5/17/2013 19:00	7.682	1216.3				
1884	5/17/2013 22:00	6.37	0				
1885	5/18/2013 1:00	5.757	0				
1886	5/18/2013 4:00	5.141	0				
1887	5/18/2013 7:00	5.86	3788.9				
1888	5/18/2013 10:00	8.082	8611.2				
1889	5/18/2013 13:00	9.077	15155.7				
1890	5/18/2013 16:00	8.978	8611.2				
1891	5/18/2013 19:00	8.282	4477.8				
1892	5/18/2013 22:00	6.064	0				
1893	5/19/2013 1:00	5.86	0				
1894	5/19/2013 4:00	5.347	0				
1895	5/19/2013 7:00	5.757	1808.3				
1896	5/19/2013 10:00	8.282	10333.4				
1897	5/19/2013 13:00	10.846	9644.5				
1898	5/19/2013 16:00	10.651	9644.5				
1899	5/19/2013 19:00	8.282	2583.4				
1900	5/19/2013 22:00	5.45	0				
1901	5/20/2013 1:00	3.367	0				
1902	5/20/2013 4:00	2.088	0				
1903	5/20/2013 7:00	2.837	2583.4				
1904	5/20/2013 10:00	9.866	6200				
1905	5/20/2013 13:00	15.091	15844.5				
1906	5/20/2013 16:00	39.615	176356.7				
1907	5/20/2013 19:00	12.207	1722.2				
1908	5/20/2013 22:00	8.382	0				
1909	5/21/2013 1:00	7.079	0				
1910	5/21/2013 4:00	7.079	0				
1911	5/21/2013 7:00	6.064	1722.2				
1912	5/21/2013 10:00	6.471	10333.4				
1913	5/21/2013 13:00	7.079	5166.7				
1914	5/21/2013 16:00	5.757	4305.6				
1915	5/21/2013 19:00	6.37	2927.8				
1916	5/21/2013 22:00	4.207	0				
1917	5/22/2013 1:00	2.943	0				
1918	5/22/2013 4:00	1.872	0				
1919	5/22/2013 7:00	1.98	775				
1920	5/22/2013 10:00	3.578	10333.4				
1921	5/22/2013 13:00	5.45	16533.4				
1922	5/22/2013 16:00	3.893	4994.5				
1923	5/22/2013 19:00	3.261	4650				
1924	5/22/2013 22:00	1.548	0				
1925	5/23/2013 1:00	1.548	0				
1926	5/23/2013 4:00	1.439	0				
1927	5/23/2013 7:00	1.872	2755.6				
1928	5/23/2013 10:00	5.037	15844.5				
1929	5/23/2013 13:00	4.831	8266.7				
1930	5/23/2013 16:00	6.37	14466.8				
1931	5/23/2013 19:00	4.934	3788.9				
1932	5/23/2013 22:00	3.367	0				
1933	5/24/2013 1:00	2.73	0				
1934	5/24/2013 4:00	2.303	0				
1935	5/24/2013 7:00	2.73	1980.6				
1936	5/24/2013 10:00	5.037	7577.8				
1937	5/24/2013 13:00	8.082	17222.3				
1938	5/24/2013 16:00	23.966	104711.8				
1939	5/24/2013 19:00	7.179	1894.5				
1940	5/24/2013 22:00	5.037	0				
1941	5/25/2013 1:00	4.623	0				
1942	5/25/2013 4:00	4.311	0				
1943	5/25/2013 7:00	4.623	3444.5				
1944	5/25/2013 10:00	7.079	9300.1				
1945	5/25/2013 13:00	11.722	22044.6				
1946	5/25/2013 16:00	13.558	16533.4				
1947	5/25/2013 19:00	8.779	4133.4				
1948	5/25/2013 22:00	5.962	0				
1949	5/26/2013 1:00	3.788	0				
1950	5/26/2013 4:00	4.207	0				
1951	5/26/2013 7:00	5.037	2497.2				
1952	5/26/2013 10:00	8.879	8611.2				
1953	5/26/2013 13:00	12.497	18600.1				
1954	5/26/2013 16:00	36.403	209423.6				
1955	5/26/2013 19:00	10.748	2583.4				
1956	5/26/2013 22:00	8.282	0				
1957	5/27/2013 1:00	6.674	0				
1958	5/27/2013 4:00	5.244	0				
1959	5/27/2013 7:00	5.86	2669.5				
1960	5/27/2013 10:00	7.481	9300.1				
1961	5/27/2013 13:00	8.481	12400.1				
1962	5/27/2013 16:00	8.978	17222.3				
1963	5/27/2013 19:00	7.782	818.1				
1964	5/27/2013 22:00	6.268	0				
1965	5/28/2013 1:00	5.757	0				
1966	5/28/2013 4:00	5.347	0				
1967	5/28/2013 7:00	5.962	2497.2				
1968	5/28/2013 10:00	10.259	15155.7				
1969	5/28/2013 13:00	12.787	19289				
1970	5/28/2013 16:00	11.236	13777.9				
1971	5/28/2013 19:00	8.779	2497.2				
1972	5/28/2013 22:00	6.573	0				
1973	5/29/2013 1:00	4.934	0				
1974	5/29/2013 4:00	4.831	0				
1975	5/29/2013 7:00	3.683	2066.7				
1976	5/29/2013 10:00	7.582	10677.8				
1977	5/29/2013 13:00	8.581	12400.1				
1978	5/29/2013 16:00	8.879	8611.2				
1979	5/29/2013 19:00	6.978	2755.6				
1980	5/29/2013 22:00	5.655	0				
1981	5/30/2013 1:00	4.934	0				
1982	5/30/2013 4:00	4.415	0				
1983	5/30/2013 7:00	4.415	2755.6				
1984	5/30/2013 10:00	6.573	10333.4				
1985	5/30/2013 13:00	11.528	38578				
1986	5/30/2013 16:00	11.819	15844.5				
1987	5/30/2013 19:00	7.381	3272.2				
1988	5/30/2013 22:00	5.655	0				
1989	5/31/2013 1:00	5.141	0				
1990	5/31/2013 4:00	4.831	0				
1991	5/31/2013 7:00	4.102	3444.5				
1992	5/31/2013 10:00	8.382	14466.8				
1993	5/31/2013 13:00	10.357	13089				
1994	5/31/2013 16:00	37.604	209423.6				
1995	5/31/2013 19:00	11.139	1980.6				
1996	5/31/2013 22:00	8.082	0				
1997	6/1/2013 1:00	5.655	0				
1998	6/1/2013 4:00	4.934	0				
1999	6/1/2013 7:00	6.37	5511.1				
2000	6/1/2013 10:00	14.134	8266.7				
2001	6/1/2013 13:00	15.378	17911.2				
2002	6/1/2013 16:00	14.613	11022.3				
2003	6/1/2013 19:00	11.819	2755.6				
2004	6/1/2013 22:00	7.983	0				
2005	6/2/2013 1:00	6.471	0				
2006	6/2/2013 4:00	5.86	0				
2007	6/2/2013 7:00	6.775	1377.8				
2008	6/2/2013 10:00	9.176	12400.1				
2009	6/2/2013 13:00	12.594	22044.6				
2010	6/2/2013 16:00	12.013	14466.8				
2011	6/2/2013 19:00	10.944	5338.9				
2012	6/2/2013 22:00	6.471	0				
2013	6/3/2013 1:00	4.519	0				
2014	6/3/2013 4:00	3.472	0				
2015	6/3/2013 7:00	4.311	2755.6				
2016	6/3/2013 10:00	14.709	7577.8				
2017	6/3/2013 13:00	15.569	15844.5				
2018	6/3/2013 16:00	25.416	14466.8				
2019	6/3/2013 19:00	13.076	2927.8				
2020	6/3/2013 22:00	8.182	0				
2021	6/4/2013 1:00	5.962	0				
2022	6/4/2013 4:00	4.519	0				
2023	6/4/2013 7:00	5.962	2927.8				
2024	6/4/2013 10:00	17.094	8266.7				
2025	6/4/2013 13:00	18.14	10677.8				
2026	6/4/2013 16:00	46.465	198401.3				
2027	6/4/2013 19:00	16.808	1980.6				
2028	6/4/2013 22:00	11.528	0				
2029	6/5/2013 1:00	9.571	0				
2030	6/5/2013 4:00	8.182	0				
2031	6/5/2013 7:00	8.481	4994.5				
2032	6/5/2013 10:00	17.284	15844.5				
2033	6/5/2013 13:00	21.569	21355.7				
2034	6/5/2013 16:00	19.472	10333.4				
2035	6/5/2013 19:00	16.999	4994.5				
2036	6/5/2013 22:00	11.916	0				
2037	6/6/2013 1:00	10.161	0				
2038	6/6/2013 4:00	8.481	0				
2039	6/6/2013 7:00	8.382	2755.6				
2040	6/6/2013 10:00	19.853	14466.8				
2041	6/6/2013 13:00	20.138	12400.1				
2042	6/6/2013 16:00	35.435	148801				
2043	6/6/2013 19:00	17.57	5511.1				
2044	6/6/2013 22:00	12.304	0				
2045	6/7/2013 1:00	9.866	0				
2046	6/7/2013 4:00	8.481	0				
2047	6/7/2013 7:00	9.275	1980.6				
2048	6/7/2013 10:00	14.038	9300.1				
2049	6/7/2013 13:00	16.427	15844.5				
2050	6/7/2013 16:00	39.843	209423.6				
2051	6/7/2013 19:00	14.23	2066.7				
2052	6/7/2013 22:00	9.965	0				
2053	6/8/2013 1:00	8.978	0				
2054	6/8/2013 4:00	8.68	0				
2055	6/8/2013 7:00	9.275	3100				
2056	6/8/2013 10:00	17.76	19289				
2057	6/8/2013 13:00	18.14	18600.1				
2058	6/8/2013 16:00	43.359	209423.6				
2059	6/8/2013 19:00	15.569	3100				
2060	6/8/2013 22:00	11.431	0				
2061	6/9/2013 1:00	9.768	0				
2062	6/9/2013 4:00	8.68	0				
2063	6/9/2013 7:00	9.373	4822.3				
2064	6/9/2013 10:00	17.475	31689.1				
2065	6/9/2013 13:00	16.999	13777.9				
2066	6/9/2013 16:00	39.615	209423.6				
2067	6/9/2013 19:00	13.654	3616.7				
2068	6/9/2013 22:00	8.581	0				
2069	6/10/2013 1:00	6.268	0				
2070	6/10/2013 4:00	5.757	0				
2071	6/10/2013 7:00	5.45	2927.8				
2072	6/10/2013 10:00	14.804	42711.4				
2073	6/10/2013 13:00	15.569	22044.6				
2074	6/10/2013 16:00	43.844	198401.3				
2075	6/10/2013 19:00	12.69	3272.2				
2076	6/10/2013 22:00	10.063	0				
2077	6/11/2013 1:00	8.282	0				
2078	6/11/2013 4:00	7.481	0				
2079	6/11/2013 7:00	7.079	1377.8				
2080	6/11/2013 10:00	9.571	17911.2				
2081	6/11/2013 13:00	14.038	18600.1				
2082	6/11/2013 16:00	11.139	4305.6				
2083	6/11/2013 19:00	8.879	2927.8				
2084	6/11/2013 22:00	6.978	0				
2085	6/12/2013 1:00	6.268	0				
2086	6/12/2013 4:00	5.552	0				
2087	6/12/2013 7:00	5.141	3272.2				
2088	6/12/2013 10:00	12.594	17222.3				
2089	6/12/2013 13:00	9.768	16533.4				
2090	6/12/2013 16:00	9.176	8611.2				
2091	6/12/2013 19:00	8.082	1550				
2092	6/12/2013 22:00	6.471	0				
2093	6/13/2013 1:00	6.064	0				
2094	6/13/2013 4:00	5.655	0				
2095	6/13/2013 7:00	6.166	5166.7				
2096	6/13/2013 10:00	10.259	60622.6				
2097	6/13/2013 13:00	12.11	20666.8				
2098	6/13/2013 16:00	17.475	14466.8				
2099	6/13/2013 19:00	10.651	4822.3				
2100	6/13/2013 22:00	6.877	0				
2101	6/14/2013 1:00	6.268	0				
2102	6/14/2013 4:00	5.347	0				
2103	6/14/2013 7:00	6.471	3100				
2104	6/14/2013 10:00	12.401	68889.3				
2105	6/14/2013 13:00	14.996	24800.2				
2106	6/14/2013 16:00	16.332	14466.8				
2107	6/14/2013 19:00	11.722	2238.9				
2108	6/14/2013 22:00	7.782	0				
2109	6/15/2013 1:00	6.166	0				
2110	6/15/2013 4:00	5.552	0				
2111	6/15/2013 7:00	5.962	2927.8				
2112	6/15/2013 10:00	16.808	74400.5				
2113	6/15/2013 13:00	18.901	19289				
2114	6/15/2013 16:00	26.195	77156.1				
2115	6/15/2013 19:00	16.237	4822.3				
2116	6/15/2013 22:00	12.304	0				
2117	6/16/2013 1:00	9.571	0				
2118	6/16/2013 4:00	7.983	0				
2119	6/16/2013 7:00	10.161	4305.6				
2120	6/16/2013 10:00	18.616	85422.8				
2121	6/16/2013 13:00	20.329	18600.1				
2122	6/16/2013 16:00	20.71	5511.1				
2123	6/16/2013 19:00	14.325	936.5				
2124	6/16/2013 22:00	12.594	0				
2125	6/17/2013 1:00	11.334	0				
2126	6/17/2013 4:00	10.651	0				
2127	6/17/2013 7:00	10.651	1722.2				
2128	6/17/2013 10:00	14.325	10333.4				
2129	6/17/2013 13:00	18.996	27555.7				
2130	6/17/2013 16:00	28.555	57867				
2131	6/17/2013 19:00	14.709	2411.1				
2132	6/17/2013 22:00	10.944	0				
2133	6/18/2013 1:00	10.161	0				
2134	6/18/2013 4:00	9.472	0				
2135	6/18/2013 7:00	9.768	5338.9				
2136	6/18/2013 10:00	11.916	6544.5				
2137	6/18/2013 13:00	14.709	9300.1				
2138	6/18/2013 16:00	45.326	209423.6				
2139	6/18/2013 19:00	13.461	2583.4				
2140	6/18/2013 22:00	10.161	0				
2141	6/19/2013 1:00	8.779	0				
2142	6/19/2013 4:00	8.282	0				
2143	6/19/2013 7:00	8.182	2755.6				
2144	6/19/2013 10:00	10.553	8266.7				
2145	6/19/2013 13:00	14.996	18600.1				
2146	6/19/2013 16:00	23.196	104711.8				
2147	6/19/2013 19:00	12.497	9300.1				
2148	6/19/2013 22:00	8.68	0				
2149	6/20/2013 1:00	8.082	0				
2150	6/20/2013 4:00	7.28	0				
2151	6/20/2013 7:00	7.782	3788.9				
2152	6/20/2013 10:00	10.357	11711.2				
2153	6/20/2013 13:00	12.401	10677.8				
2154	6/20/2013 16:00	11.334	7577.8				
2155	6/20/2013 19:00	9.571	4133.4				
2156	6/20/2013 22:00	6.978	0				
2157	6/21/2013 1:00	6.471	0				
2158	6/21/2013 4:00	6.37	0				
2159	6/21/2013 7:00	7.079	2927.8				
2160	6/21/2013 10:00	11.139	17911.2				
2161	6/21/2013 13:00	14.421	22044.6				
2162	6/21/2013 16:00	17.57	23422.4				
2163	6/21/2013 19:00	11.722	2927.8				
2164	6/21/2013 22:00	9.669	0				
2165	6/22/2013 1:00	8.779	0				
2166	6/22/2013 4:00	5.86	0				
2167	6/22/2013 7:00	6.37	1463.9				
2168	6/22/2013 10:00	15.091	68889.3				
2169	6/22/2013 13:00	18.901	7577.8				
2170	6/22/2013 16:00	34.268	63378.2				
2171	6/22/2013 19:00	16.903	3616.7				
2172	6/22/2013 22:00	12.207	0				
2173	6/23/2013 1:00	11.139	0				
2174	6/23/2013 4:00	10.651	0				
2175	6/23/2013 7:00	11.139	3444.5				
2176	6/23/2013 10:00	14.996	14466.8				
2177	6/23/2013 13:00	16.332	18600.1				
2178	6/23/2013 16:00	14.134	5166.7				
2179	6/23/2013 19:00	13.461	3272.2				
2180	6/23/2013 22:00	11.139	0				
2181	6/24/2013 1:00	10.455	0				
2182	6/24/2013 4:00	9.768	0				
2183	6/24/2013 7:00	9.965	947.2				
2184	6/24/2013 10:00	12.013	9300.1				
2185	6/24/2013 13:00	14.517	12400.1				
2186	6/24/2013 16:00	12.69	13777.9				
2187	6/24/2013 19:00	11.431	4994.5				
2188	6/24/2013 22:00	9.669	0				
2189	6/25/2013 1:00	8.68	0				
2190	6/25/2013 4:00	8.382	0				
2191	6/25/2013 7:00	8.68	2755.6				
2192	6/25/2013 10:00	11.139	10333.4				
2193	6/25/2013 13:00	15.855	23422.4				
2194	6/25/2013 16:00	15.091	12400.1				
2195	6/25/2013 19:00	11.139	3616.7				
2196	6/25/2013 22:00	8.481	0				
2197	6/26/2013 1:00	7.983	0				
2198	6/26/2013 4:00	8.082	0				
2199	6/26/2013 7:00	8.779	1044.1				
2200	6/26/2013 10:00	11.722	7577.8				
2201	6/26/2013 13:00	16.427	28933.5				
2202	6/26/2013 16:00	21.951	14466.8				
2203	6/26/2013 19:00	13.461	2066.7				
2204	6/26/2013 22:00	11.528	0				
2205	6/27/2013 1:00	10.259	0				
2206	6/27/2013 4:00	9.866	0				
2207	6/27/2013 7:00	10.063	2238.9				
2208	6/27/2013 10:00	11.041	1291.7				
2209	6/27/2013 11:02			Logged	Logged		
2210	6/27/2013 11:02					Logged	Logged
