year,trail,DOY,ANOC,ARLA,ASLE,CAMI,CAPA,ERMO,ERGR,ERPE,LIGR,LUAR,PEBR,POBI,VASI,rich,flseason
2013,RL,105,0,0,0,0,0,0,0,0,0,0,0,0,0,0,0
2013,RL,106,0,0,0,0,0,0,0,0,0,0,0,0,0,0,0
2013,RL,107,0,0,0,0,0,0,0,0,0,0,0,0,0,0,0
2013,RL,108,0,0,0,0,0,0,0,0,0,0,0,0,0,0,0
2013,RL,109,0,0,0,0,0,0,0,0,0,0,0,0,0,0,0
2013,RL,110,0,0,0,0,0,0,0,0,0,0,0,0,0,0,0
2013,RL,111,0,0,0,0,0,0,0,0,0,0,0,0,0,0,0
2013,RL,112,0,0,0,0,0,0,0,0,0,0,0,0,0,0,0
2013,RL,113,0,0,0,0,0,0,0,0,0,0,0,0,0,0,0
2013,RL,114,0,0,0,0,0,0,0,0,0,0,0,0,0,0,0
2013,RL,115,0,0,0,0,0,0,0,0,0,0,0,0,0,0,0
2013,RL,116,0,0,0,0,0,0,0,0,0,0,0,0,0,0,0
2013,RL,117,0,0,0,0,0,0,0,0,0,0,0,0,0,0,0
2013,RL,118,0,0,0,0,0,0,0,0,0,0,0,0,0,0,0
2013,RL,119,0,0,0,0,0,0,0,0,0,0,0,0,0,0,0
2013,RL,120,0,0,0,0,0,0,0,0,0,0,0,0,0,0,0
2013,RL,121,0,0,0,0,0,0,0,0,0,0,0,0,0,0,0
2013,RL,122,0,0,0,0,0,0,0,0,0,0,0,0,0,0,0
2013,RL,123,0,0,0,0,0,0,0,0,0,0,0,0,0,0,0
2013,RL,124,0,0,0,0,0,0,0,0,0,0,0,0,0,0,0
2013,RL,125,0,0,0,0,0,0,0,0,0,0,0,0,0,0,0
2013,RL,126,0,0,0,0,0,0,0,0,0,0,0,0,0,0,0
2013,RL,127,0,0,0,0,0,0,0,0,0,0,0,0,0,0,0
2013,RL,128,0,0,0,0,0,0,0,0,0,0,0,0,0,0,0
2013,RL,129,0,0,0,0,0,0,0,0,0,0,0,0,0,0,0
2013,RL,130,0,0,0,0,0,0,0,0,0,0,0,0,0,0,0
2013,RL,131,0,0,0,0,0,0,0,0,0,0,0,0,0,0,0
2013,RL,132,0,0,0,0,0,0,0,0,0,0,0,0,0,0,0
2013,RL,133,0,0,0,0,0,0,0,0,0,0,0,0,0,0,0
2013,RL,134,0,0,0,0,0,0,0,0,0,0,0,0,0,0,0
2013,RL,135,0,0,0,0,0,0,0,0,0,0,0,0,0,0,0
2013,RL,136,0,0,0,0,0,0,0,0,0,0,0,0,0,0,0
2013,RL,137,0,0,0,0,0,0,0,0,0,0,0,0,0,0,0
2013,RL,138,0,0,0,0,0,0,0,0,0,0,0,0,0,0,0
2013,RL,139,0,0,0,0,0,0,0,0,0,0,0,0,0,0,0
2013,RL,140,0,0,0,0,0,0,0,0,0,0,0,0,0,0,0
2013,RL,141,0,0,0,0,0,0,0,0,0,0,0,0,0,0,0
2013,RL,142,0,0,0,0,0,0,0,0,0,0,0,0,0,0,0
2013,RL,143,0,0,0,0,0,0,0,0,0,0,0,0,0,0,0
2013,RL,144,0,0,0,0,0,0,0,0,0,0,0,0,0,0,0
2013,RL,145,0,0,0,0,0,0,0,0,0,0,0,0,0,0,0
2013,RL,146,0,0,0,0,0,0,0,0,0,0,0,0,0,0,0
2013,RL,147,0,0,0,0,0,0,0,0,0,0,0,0,0,0,0
2013,RL,148,0,0,0,0,0,0,0,0,0,0,0,0,0,0,0
2013,RL,149,0,0,0,0,0,0,0,0,0,0,0,0,0,0,0
2013,RL,150,0,0,0,0,0,0,0,0,0,0,0,0,0,0,0
2013,RL,151,0,0,0,0,0,0,0,0,0,0,0,0,0,0,0
2013,RL,152,0,0,0,0,0,0,0,0,0,0,0,0,0,0,0
2013,RL,153,0,0,0,0,0,0,0,0,0,0,0,0,0,0,0
2013,RL,154,0,0,0,0,0,0,0,0,0,0,0,0,0,0,0
2013,RL,155,0,0,0,0,0,0,0,0,0,0,0,0,0,0,0
2013,RL,156,0,0,0,0,0,0,0,0,0,0,0,0,0,0,0
2013,RL,157,0,0,0,0,0,0,0,0,0,0,0,0,0,0,0
2013,RL,158,0,0,0,0,0,0,0,0,0,0,0,0,0,0,0
2013,RL,159,0,0,0,0,0,0,0,0,0,0,0,0,0,0,0
2013,RL,160,0,0,0,0,0,0,0,0,0,0,0,0,0,0,0
2013,RL,161,0,0,0,0,0,0,0,0,0,0,0,0,0,0,0
2013,RL,162,0,0,0,0,0,0,0,0,0,0,0,0,0,0,0
2013,RL,163,0,0,0,0,0,0,0,0,0,0,0,0,0,0,0
2013,RL,164,0,0,0,0,0,0,0,0,0,0,0,0,0,0,0
2013,RL,165,0,0,0,0,0,0,0,0,0,0,0,0,0,0,0
2013,RL,166,0,0,0,0,0,0,0,0,0,0,0,0,0,0,0
2013,RL,167,0,0,0,0,0,0,0,0,0,0,0,0,0,0,0
2013,RL,168,0,0,0,0,0,0,0,0,0,0,0,0,0,0,0
2013,RL,169,0,0,0,0,0,0,0,0,0,0,0,0,0,0,0
2013,RL,170,0,0,0,0,0,0,0,0,0,0,0,0,0,0,0
2013,RL,171,0,0,0,0,0,0,0,0,0,0,0,0,0,0,0
2013,RL,172,0,0,0,0,0,0,0,0,0,0,0,0,0,0,0
2013,RL,173,0,0,0,0,0,0,0,0,0,0,0,0,0,0,0
2013,RL,174,0,0,0,0,0,0,0,0,0,0,0,0,0,0,0
2013,RL,175,0,0,0,0,0,0,0,0,0,0,0,0,0,0,0
2013,RL,176,0,0,0,0,0,0,0,0,0,0,0,0,0,0,0
2013,RL,177,0,0,0,0,0,0,0,0,0,0,0,0,0,0,0
2013,RL,178,0,0,0,0,0,0,0,0,0,0,0,0,0,0,0
2013,RL,179,0,0,0,0,0,0,0,0,0,0,0,0,0,0,0
2013,RL,180,0,0,0,0,0,0,0,0,0,0,0,0,0,0,0
2013,RL,181,0,0,0,0,0,0,1,0,0,0,0,0,0,1,0
2013,RL,182,0,0,0,0,0,0,1,0,0,0,0,0,0,1,0
2013,RL,183,0,0,0,0,0,0,1,0,0,0,0,0,0,1,0
2013,RL,184,0,0,0,0,0,0,1,0,0,0,0,0,0,1,0
2013,RL,185,0,0,0,0,0,0,1,0,0,0,0,0,0,1,0
2013,RL,186,0,0,0,0,0,0,1,0,0,0,0,0,0,1,0
2013,RL,187,0,0,0,0,0,0,1,0,0,0,0,0,0,1,0
2013,RL,188,0,0,0,0,0,0,1,0,0,0,0,0,0,1,0
2013,RL,189,0,0,0,0,0,0,1,0,0,0,0,0,0,1,0
2013,RL,190,0,0,0,0,0,0,1,0,0,0,0,0,0,1,0
2013,RL,191,0,0,0,0,0,0,1,0,0,0,0,0,0,1,0
2013,RL,192,0,0,0,0,0,0,1,0,0,0,0,0,0,1,0
2013,RL,193,1,0,0,0,0,0,1,0,0,0,0,0,0,2,0
2013,RL,194,1,0,0,0,0,0,1,0,0,0,0,0,0,2,0
2013,RL,195,1,0,0,0,0,1,1,0,0,0,0,0,0,3,0
2013,RL,196,1,0,0,0,0,1,1,0,0,0,0,0,0,3,0
2013,RL,197,1,0,0,0,0,1,1,0,0,0,0,0,0,3,0
2013,RL,198,1,0,0,0,0,1,1,0,0,0,0,0,0,3,0
2013,RL,199,1,0,0,0,0,1,1,0,0,0,0,0,0,3,0
2013,RL,200,1,0,0,0,0,1,1,0,0,0,0,0,0,3,0
2013,RL,201,1,0,0,0,0,1,1,0,0,0,0,0,0,3,0
2013,RL,202,1,0,0,0,0,1,1,0,0,0,0,0,0,3,0
2013,RL,203,1,0,0,0,0,1,1,0,0,0,0,0,0,3,0
2013,RL,204,1,0,0,0,0,1,0,0,0,0,0,0,0,2,0
2013,RL,205,1,0,0,0,0,1,0,0,0,0,0,0,0,2,0
2013,RL,206,1,0,0,0,0,1,0,0,0,0,0,0,0,2,0
2013,RL,207,1,0,0,0,0,1,0,0,0,0,0,0,0,2,0
2013,RL,208,1,0,0,0,0,1,0,0,0,0,0,0,1,3,0
2013,RL,209,1,0,0,0,0,1,0,0,0,0,0,0,1,3,0
2013,RL,210,1,0,0,0,1,1,0,0,0,0,0,0,1,4,0
2013,RL,211,1,1,0,0,1,1,0,0,0,1,0,0,1,6,0
2013,RL,212,1,1,0,0,1,1,0,0,0,1,0,0,1,6,0
2013,RL,213,1,1,0,0,1,1,0,0,0,1,1,0,1,7,1
2013,RL,214,1,1,0,0,1,1,0,0,0,1,1,0,1,7,1
2013,RL,215,1,1,0,0,1,1,0,0,0,1,1,0,1,7,1
2013,RL,216,1,1,0,0,1,1,0,0,0,1,1,0,1,7,1
2013,RL,217,1,1,0,0,1,1,0,0,0,1,1,0,1,7,1
2013,RL,218,1,1,0,0,1,1,0,0,0,1,1,1,1,8,1
2013,RL,219,1,1,0,0,1,1,0,0,0,1,1,1,1,8,1
2013,RL,220,0,1,0,0,1,0,0,1,0,1,1,1,1,7,1
2013,RL,221,0,1,0,0,1,0,0,1,0,1,1,1,1,7,1
2013,RL,222,0,1,0,0,1,0,0,1,1,1,1,1,1,8,1
2013,RL,223,0,1,0,1,1,0,0,1,1,1,1,1,1,9,1
2013,RL,224,0,1,0,1,1,0,0,1,1,1,1,1,1,9,1
2013,RL,225,0,1,1,1,1,0,0,1,1,1,1,1,1,10,1
2013,RL,226,0,1,1,1,1,0,0,1,1,1,1,1,1,10,1
2013,RL,227,0,1,1,1,1,0,0,1,1,1,1,1,1,10,1
2013,RL,228,0,1,1,1,1,0,0,1,1,1,1,1,1,10,1
2013,RL,229,0,1,1,1,1,0,0,1,1,1,1,1,1,10,1
2013,RL,230,0,1,1,1,1,0,0,1,1,1,1,1,1,10,1
2013,RL,231,0,1,1,1,1,0,0,1,1,1,1,1,1,10,1
2013,RL,232,0,1,1,1,1,0,0,1,1,1,1,1,1,10,1
2013,RL,233,0,1,1,1,1,0,0,1,1,1,1,1,1,10,1
2013,RL,234,0,1,1,1,1,0,0,1,1,1,1,1,1,10,1
2013,RL,235,0,1,1,1,1,0,0,1,1,1,1,1,1,10,1
2013,RL,236,0,1,1,1,1,0,0,1,1,1,0,1,1,9,1
2013,RL,237,0,1,1,1,1,0,0,1,1,1,0,1,1,9,1
2013,RL,238,0,1,1,1,1,0,0,1,1,1,0,1,1,9,1
2013,RL,239,0,1,1,1,1,0,0,1,1,1,0,1,1,9,1
2013,RL,240,0,1,1,1,1,0,0,1,1,1,0,1,1,9,1
2013,RL,241,0,1,1,1,1,0,0,1,1,1,0,1,1,9,1
2013,RL,242,0,1,1,1,1,0,0,1,1,1,0,1,1,9,1
2013,RL,243,0,1,1,1,1,0,0,1,1,1,0,1,1,9,1
2013,RL,244,0,1,1,1,1,0,0,1,1,1,0,1,1,9,1
2013,RL,245,0,1,1,1,1,0,0,1,1,1,0,1,0,8,1
2013,RL,246,0,1,1,1,1,0,0,1,1,1,0,1,0,8,1
2013,RL,247,0,1,1,1,1,0,0,1,1,1,0,1,0,8,1
2013,RL,248,0,1,1,1,1,0,0,1,1,1,0,1,0,8,1
2013,RL,249,0,1,1,1,1,0,0,1,1,1,0,1,0,8,1
2013,RL,250,0,1,1,1,1,0,0,1,1,0,0,1,0,7,1
2013,RL,251,0,1,1,1,0,0,0,1,0,0,0,1,0,5,0
2013,RL,252,0,1,1,1,0,0,0,1,0,0,0,1,0,5,0
2013,RL,253,0,1,1,1,0,0,0,0,0,0,0,0,0,3,0
2013,RL,254,0,1,1,1,0,0,0,0,0,0,0,0,0,3,0
2013,RL,255,0,1,1,1,0,0,0,0,0,0,0,0,0,3,0
2013,RL,256,0,1,1,1,0,0,0,0,0,0,0,0,0,3,0
2013,RL,257,0,1,1,1,0,0,0,0,0,0,0,0,0,3,0
2013,RL,258,0,1,1,1,0,0,0,0,0,0,0,0,0,3,0
2013,RL,259,0,1,1,1,0,0,0,0,0,0,0,0,0,3,0
2013,RL,260,0,1,1,1,0,0,0,0,0,0,0,0,0,3,0
2013,RL,261,0,1,1,1,0,0,0,0,0,0,0,0,0,3,0
2013,RL,262,0,1,1,1,0,0,0,0,0,0,0,0,0,3,0
2013,RL,263,0,0,1,1,0,0,0,0,0,0,0,0,0,2,0
2013,RL,264,0,0,1,1,0,0,0,0,0,0,0,0,0,2,0
2013,RL,265,0,0,1,1,0,0,0,0,0,0,0,0,0,2,0
2013,RL,266,0,0,1,1,0,0,0,0,0,0,0,0,0,2,0
2013,RL,267,0,0,1,1,0,0,0,0,0,0,0,0,0,2,0
2013,RL,268,0,0,1,1,0,0,0,0,0,0,0,0,0,2,0
2013,RL,269,0,0,1,1,0,0,0,0,0,0,0,0,0,2,0
2013,RL,270,0,0,1,1,0,0,0,0,0,0,0,0,0,2,0
2013,RL,271,0,0,1,1,0,0,0,0,0,0,0,0,0,2,0
2013,RL,272,0,0,1,1,0,0,0,0,0,0,0,0,0,2,0
2013,RL,273,0,0,0,1,0,0,0,0,0,0,0,0,0,1,0
2013,RL,274,0,0,0,1,0,0,0,0,0,0,0,0,0,1,0
2013,RL,275,0,0,0,1,0,0,0,0,0,0,0,0,0,1,0
2013,RL,276,0,0,0,0,0,0,0,0,0,0,0,0,0,0,0
2013,RL,277,0,0,0,0,0,0,0,0,0,0,0,0,0,0,0
2013,RL,278,0,0,0,0,0,0,0,0,0,0,0,0,0,0,0
2013,RL,279,0,0,0,0,0,0,0,0,0,0,0,0,0,0,0
2013,RL,280,0,0,0,0,0,0,0,0,0,0,0,0,0,0,0
2013,RL,281,0,0,0,0,0,0,0,0,0,0,0,0,0,0,0
2013,RL,282,0,0,0,0,0,0,0,0,0,0,0,0,0,0,0
2013,RL,283,0,0,0,0,0,0,0,0,0,0,0,0,0,0,0
2013,RL,284,0,0,0,0,0,0,0,0,0,0,0,0,0,0,0
2013,RL,285,0,0,0,0,0,0,0,0,0,0,0,0,0,0,0
2014,RL,105,0,0,0,0,0,0,0,0,0,0,0,0,0,0,0
2014,RL,106,0,0,0,0,0,0,0,0,0,0,0,0,0,0,0
2014,RL,107,0,0,0,0,0,0,0,0,0,0,0,0,0,0,0
2014,RL,108,0,0,0,0,0,0,0,0,0,0,0,0,0,0,0
2014,RL,109,0,0,0,0,0,0,0,0,0,0,0,0,0,0,0
2014,RL,110,0,0,0,0,0,0,0,0,0,0,0,0,0,0,0
2014,RL,111,0,0,0,0,0,0,0,0,0,0,0,0,0,0,0
2014,RL,112,0,0,0,0,0,0,0,0,0,0,0,0,0,0,0
2014,RL,113,0,0,0,0,0,0,0,0,0,0,0,0,0,0,0
2014,RL,114,0,0,0,0,0,0,0,0,0,0,0,0,0,0,0
2014,RL,115,0,0,0,0,0,0,0,0,0,0,0,0,0,0,0
2014,RL,116,0,0,0,0,0,0,0,0,0,0,0,0,0,0,0
2014,RL,117,0,0,0,0,0,0,0,0,0,0,0,0,0,0,0
2014,RL,118,0,0,0,0,0,0,0,0,0,0,0,0,0,0,0
2014,RL,119,0,0,0,0,0,0,0,0,0,0,0,0,0,0,0
2014,RL,120,0,0,0,0,0,0,0,0,0,0,0,0,0,0,0
2014,RL,121,0,0,0,0,0,0,0,0,0,0,0,0,0,0,0
2014,RL,122,0,0,0,0,0,0,0,0,0,0,0,0,0,0,0
2014,RL,123,0,0,0,0,0,0,0,0,0,0,0,0,0,0,0
2014,RL,124,0,0,0,0,0,0,0,0,0,0,0,0,0,0,0
2014,RL,125,0,0,0,0,0,0,0,0,0,0,0,0,0,0,0
2014,RL,126,0,0,0,0,0,0,0,0,0,0,0,0,0,0,0
2014,RL,127,0,0,0,0,0,0,0,0,0,0,0,0,0,0,0
2014,RL,128,0,0,0,0,0,0,0,0,0,0,0,0,0,0,0
2014,RL,129,0,0,0,0,0,0,0,0,0,0,0,0,0,0,0
2014,RL,130,0,0,0,0,0,0,0,0,0,0,0,0,0,0,0
2014,RL,131,0,0,0,0,0,0,0,0,0,0,0,0,0,0,0
2014,RL,132,0,0,0,0,0,0,0,0,0,0,0,0,0,0,0
2014,RL,133,0,0,0,0,0,0,0,0,0,0,0,0,0,0,0
2014,RL,134,0,0,0,0,0,0,0,0,0,0,0,0,0,0,0
2014,RL,135,0,0,0,0,0,0,0,0,0,0,0,0,0,0,0
2014,RL,136,0,0,0,0,0,0,0,0,0,0,0,0,0,0,0
2014,RL,137,0,0,0,0,0,0,0,0,0,0,0,0,0,0,0
2014,RL,138,0,0,0,0,0,0,0,0,0,0,0,0,0,0,0
2014,RL,139,0,0,0,0,0,0,0,0,0,0,0,0,0,0,0
2014,RL,140,0,0,0,0,0,0,0,0,0,0,0,0,0,0,0
2014,RL,141,0,0,0,0,0,0,0,0,0,0,0,0,0,0,0
2014,RL,142,0,0,0,0,0,0,0,0,0,0,0,0,0,0,0
2014,RL,143,0,0,0,0,0,0,0,0,0,0,0,0,0,0,0
2014,RL,144,0,0,0,0,0,0,0,0,0,0,0,0,0,0,0
2014,RL,145,0,0,0,0,0,0,0,0,0,0,0,0,0,0,0
2014,RL,146,0,0,0,0,0,0,0,0,0,0,0,0,0,0,0
2014,RL,147,0,0,0,0,0,0,0,0,0,0,0,0,0,0,0
2014,RL,148,0,0,0,0,0,0,0,0,0,0,0,0,0,0,0
2014,RL,149,0,0,0,0,0,0,0,0,0,0,0,0,0,0,0
2014,RL,150,0,0,0,0,0,0,0,0,0,0,0,0,0,0,0
2014,RL,151,0,0,0,0,0,0,0,0,0,0,0,0,0,0,0
2014,RL,152,0,0,0,0,0,0,0,0,0,0,0,0,0,0,0
2014,RL,153,0,0,0,0,0,0,0,0,0,0,0,0,0,0,0
2014,RL,154,0,0,0,0,0,0,0,0,0,0,0,0,0,0,0
2014,RL,155,0,0,0,0,0,0,0,0,0,0,0,0,0,0,0
2014,RL,156,0,0,0,0,0,0,0,0,0,0,0,0,0,0,0
2014,RL,157,0,0,0,0,0,0,0,0,0,0,0,0,0,0,0
2014,RL,158,0,0,0,0,0,0,0,0,0,0,0,0,0,0,0
2014,RL,159,0,0,0,0,0,0,0,0,0,0,0,0,0,0,0
2014,RL,160,0,0,0,0,0,0,0,0,0,0,0,0,0,0,0
2014,RL,161,0,0,0,0,0,0,0,0,0,0,0,0,0,0,0
2014,RL,162,0,0,0,0,0,0,0,0,0,0,0,0,0,0,0
2014,RL,163,0,0,0,0,0,0,0,0,0,0,0,0,0,0,0
2014,RL,164,0,0,0,0,0,0,0,0,0,0,0,0,0,0,0
2014,RL,165,0,0,0,0,0,0,0,0,0,0,0,0,0,0,0
2014,RL,166,0,0,0,0,0,0,0,0,0,0,0,0,0,0,0
2014,RL,167,0,0,0,0,0,0,0,0,0,0,0,0,0,0,0
2014,RL,168,0,0,0,0,0,0,0,0,0,0,0,0,0,0,0
2014,RL,169,0,0,0,0,0,0,0,0,0,0,0,0,0,0,0
2014,RL,170,0,0,0,0,0,0,0,0,0,0,0,0,0,0,0
2014,RL,171,0,0,0,0,0,0,0,0,0,0,0,0,0,0,0
2014,RL,172,0,0,0,0,0,0,0,0,0,0,0,0,0,0,0
2014,RL,173,0,0,0,0,0,0,0,0,0,0,0,0,0,0,0
2014,RL,174,0,0,0,0,0,0,0,0,0,0,0,0,0,0,0
2014,RL,175,0,0,0,0,0,0,0,0,0,0,0,0,0,0,0
2014,RL,176,0,0,0,0,0,0,0,0,0,0,0,0,0,0,0
2014,RL,177,0,0,0,0,0,0,0,0,0,0,0,0,0,0,0
2014,RL,178,0,0,0,0,0,0,0,0,0,0,0,0,0,0,0
2014,RL,179,0,0,0,0,0,0,0,0,0,0,0,0,0,0,0
2014,RL,180,0,0,0,0,0,0,0,0,0,0,0,0,0,0,0
2014,RL,181,0,0,0,0,0,0,1,0,0,0,0,0,0,1,0
2014,RL,182,0,0,0,0,0,0,1,0,0,0,0,0,0,1,0
2014,RL,183,0,0,0,0,0,0,1,0,0,0,0,0,0,1,0
2014,RL,184,0,0,0,0,0,0,1,0,0,0,0,0,0,1,0
2014,RL,185,0,0,0,0,0,0,1,0,0,0,0,0,0,1,0
2014,RL,186,0,0,0,0,0,0,1,0,0,0,0,0,0,1,0
2014,RL,187,0,0,0,0,0,0,1,0,0,0,0,0,0,1,0
2014,RL,188,0,0,0,0,0,0,1,0,0,0,0,0,0,1,0
2014,RL,189,0,0,0,0,0,0,1,0,0,0,0,0,0,1,0
2014,RL,190,0,0,0,0,0,0,1,0,0,0,0,0,0,1,0
2014,RL,191,0,0,0,0,0,0,1,0,0,0,0,0,0,1,0
2014,RL,192,0,0,0,0,0,0,1,0,0,0,0,0,0,1,0
2014,RL,193,0,0,0,0,0,0,1,0,0,0,0,0,0,1,0
2014,RL,194,0,0,0,0,0,0,1,0,0,0,0,0,0,1,0
2014,RL,195,1,0,0,0,0,0,1,0,0,0,0,0,0,2,0
2014,RL,196,1,0,0,0,0,1,1,0,0,0,0,0,0,3,0
2014,RL,197,1,0,0,0,0,1,1,0,0,0,0,0,0,3,0
2014,RL,198,1,0,0,0,0,1,1,0,0,0,0,0,0,3,0
2014,RL,199,1,0,0,0,0,1,1,0,0,0,0,0,0,3,0
2014,RL,200,1,0,0,0,0,1,1,0,0,0,0,0,0,3,0
2014,RL,201,1,0,0,0,0,1,1,0,0,0,0,0,0,3,0
2014,RL,202,1,0,0,0,0,1,1,0,0,0,0,0,0,3,0
2014,RL,203,1,0,0,0,0,1,1,0,0,0,0,0,0,3,0
2014,RL,204,1,0,0,0,0,1,1,0,0,0,0,0,0,3,0
2014,RL,205,1,0,0,0,0,1,1,0,0,0,0,0,0,3,0
2014,RL,206,1,0,0,0,0,1,0,0,0,0,0,0,0,2,0
2014,RL,207,1,0,0,0,0,1,0,0,0,0,0,0,0,2,0
2014,RL,208,1,0,0,0,0,1,0,0,0,0,0,0,0,2,0
2014,RL,209,1,0,0,0,0,1,0,0,0,0,0,0,1,3,0
2014,RL,210,1,0,0,0,0,1,0,0,0,0,0,0,1,3,0
2014,RL,211,1,1,0,0,0,1,0,0,0,0,0,0,1,4,0
2014,RL,212,1,1,0,0,1,1,0,0,0,1,0,0,1,6,0
2014,RL,213,1,1,0,0,1,1,0,0,0,1,0,0,1,6,0
2014,RL,214,1,1,0,0,1,1,0,0,0,1,1,0,1,7,1
2014,RL,215,1,1,0,0,1,1,0,0,0,1,1,0,1,7,1
2014,RL,216,1,1,0,0,1,1,0,0,0,1,1,0,1,7,1
2014,RL,217,1,1,0,0,1,1,0,0,0,1,1,0,1,7,1
2014,RL,218,1,1,0,0,1,1,0,0,0,1,1,0,1,7,1
2014,RL,219,1,1,0,0,1,1,0,0,0,1,1,0,1,7,1
2014,RL,220,1,1,0,0,1,1,0,0,0,1,1,1,1,8,1
2014,RL,221,1,1,0,0,1,1,0,0,0,1,1,1,1,8,1
2014,RL,222,1,1,0,0,1,1,0,1,0,1,1,1,1,9,1
2014,RL,223,1,1,0,0,1,0,0,1,0,1,1,1,1,8,1
2014,RL,224,0,1,0,1,1,0,0,1,1,1,1,1,1,9,1
2014,RL,225,0,1,0,1,1,0,0,1,1,1,1,1,1,9,1
2014,RL,226,0,1,1,1,1,0,0,1,1,1,1,1,1,10,1
2014,RL,227,0,1,1,1,1,0,0,1,1,1,1,1,1,10,1
2014,RL,228,0,1,1,1,1,0,0,1,1,1,1,1,1,10,1
2014,RL,229,0,1,1,1,1,0,0,1,1,1,1,1,1,10,1
2014,RL,230,0,1,1,1,1,0,0,1,1,1,1,1,1,10,1
2014,RL,231,0,1,1,1,1,0,0,1,1,1,1,1,1,10,1
2014,RL,232,0,1,1,1,1,0,0,1,1,1,1,1,1,10,1
2014,RL,233,0,1,1,1,1,0,0,1,1,1,1,1,1,10,1
2014,RL,234,0,1,1,1,1,0,0,1,1,1,1,1,1,10,1
2014,RL,235,0,1,1,1,1,0,0,1,1,1,1,1,1,10,1
2014,RL,236,0,1,1,1,1,0,0,1,1,1,1,1,1,10,1
2014,RL,237,0,1,1,1,1,0,0,1,1,1,1,1,1,10,1
2014,RL,238,0,1,1,1,1,0,0,1,1,1,0,1,1,9,1
2014,RL,239,0,1,1,1,1,0,0,1,1,1,0,1,1,9,1
2014,RL,240,0,1,1,1,1,0,0,1,1,1,0,1,1,9,1
2014,RL,241,0,1,1,1,1,0,0,1,1,1,0,1,1,9,1
2014,RL,242,0,1,1,1,1,0,0,1,1,1,0,1,1,9,1
2014,RL,243,0,1,1,1,1,0,0,1,1,1,0,1,1,9,1
2014,RL,244,0,1,1,1,1,0,0,1,1,1,0,1,1,9,1
2014,RL,245,0,1,1,1,1,0,0,1,1,1,0,1,1,9,1
2014,RL,246,0,1,1,1,1,0,0,1,1,1,0,1,1,9,1
2014,RL,247,0,1,1,1,1,0,0,1,1,1,0,1,1,9,1
2014,RL,248,0,1,1,1,1,0,0,1,1,1,0,1,0,8,1
2014,RL,249,0,1,1,1,1,0,0,1,1,1,0,1,0,8,1
2014,RL,250,0,1,1,1,1,0,0,1,1,1,0,1,0,8,1
2014,RL,251,0,1,1,1,1,0,0,1,1,1,0,1,0,8,1
2014,RL,252,0,1,1,1,1,0,0,1,1,0,0,1,0,7,1
2014,RL,253,0,1,1,1,1,0,0,1,1,0,0,1,0,7,1
2014,RL,254,0,1,1,1,0,0,0,1,0,0,0,1,0,5,0
2014,RL,255,0,1,1,1,0,0,0,1,0,0,0,1,0,5,0
2014,RL,256,0,1,1,1,0,0,0,0,0,0,0,0,0,3,0
2014,RL,257,0,1,1,1,0,0,0,0,0,0,0,0,0,3,0
2014,RL,258,0,1,1,1,0,0,0,0,0,0,0,0,0,3,0
2014,RL,259,0,1,1,1,0,0,0,0,0,0,0,0,0,3,0
2014,RL,260,0,1,1,1,0,0,0,0,0,0,0,0,0,3,0
2014,RL,261,0,1,1,1,0,0,0,0,0,0,0,0,0,3,0
2014,RL,262,0,1,1,1,0,0,0,0,0,0,0,0,0,3,0
2014,RL,263,0,1,1,1,0,0,0,0,0,0,0,0,0,3,0
2014,RL,264,0,1,1,1,0,0,0,0,0,0,0,0,0,3,0
2014,RL,265,0,0,1,1,0,0,0,0,0,0,0,0,0,2,0
2014,RL,266,0,0,1,1,0,0,0,0,0,0,0,0,0,2,0
2014,RL,267,0,0,1,1,0,0,0,0,0,0,0,0,0,2,0
2014,RL,268,0,0,1,1,0,0,0,0,0,0,0,0,0,2,0
2014,RL,269,0,0,1,1,0,0,0,0,0,0,0,0,0,2,0
2014,RL,270,0,0,1,1,0,0,0,0,0,0,0,0,0,2,0
2014,RL,271,0,0,1,1,0,0,0,0,0,0,0,0,0,2,0
2014,RL,272,0,0,1,1,0,0,0,0,0,0,0,0,0,2,0
2014,RL,273,0,0,1,1,0,0,0,0,0,0,0,0,0,2,0
2014,RL,274,0,0,1,1,0,0,0,0,0,0,0,0,0,2,0
2014,RL,275,0,0,0,1,0,0,0,0,0,0,0,0,0,1,0
2014,RL,276,0,0,0,1,0,0,0,0,0,0,0,0,0,1,0
2014,RL,277,0,0,0,1,0,0,0,0,0,0,0,0,0,1,0
2014,RL,278,0,0,0,0,0,0,0,0,0,0,0,0,0,0,0
2014,RL,279,0,0,0,0,0,0,0,0,0,0,0,0,0,0,0
2014,RL,280,0,0,0,0,0,0,0,0,0,0,0,0,0,0,0
2014,RL,281,0,0,0,0,0,0,0,0,0,0,0,0,0,0,0
2014,RL,282,0,0,0,0,0,0,0,0,0,0,0,0,0,0,0
2014,RL,283,0,0,0,0,0,0,0,0,0,0,0,0,0,0,0
2014,RL,284,0,0,0,0,0,0,0,0,0,0,0,0,0,0,0
2014,RL,285,0,0,0,0,0,0,0,0,0,0,0,0,0,0,0
2015,GB,105,0,0,0,0,0,0,0,0,0,0,0,0,0,0,0
2015,GB,106,0,0,0,0,0,0,0,0,0,0,0,0,0,0,0
2015,GB,107,0,0,0,0,0,0,0,0,0,0,0,0,0,0,0
2015,GB,108,0,0,0,0,0,0,0,0,0,0,0,0,0,0,0
2015,GB,109,0,0,0,0,0,0,0,0,0,0,0,0,0,0,0
2015,GB,110,0,0,0,0,0,0,0,0,0,0,0,0,0,0,0
2015,GB,111,0,0,0,0,0,0,0,0,0,0,0,0,0,0,0
2015,GB,112,0,0,0,0,0,0,0,0,0,0,0,0,0,0,0
2015,GB,113,0,0,0,0,0,0,0,0,0,0,0,0,0,0,0
2015,GB,114,0,0,0,0,0,0,0,0,0,0,0,0,0,0,0
2015,GB,115,0,0,0,0,0,0,0,0,0,0,0,0,0,0,0
2015,GB,116,0,0,0,0,0,0,0,0,0,0,0,0,0,0,0
2015,GB,117,0,0,0,0,0,0,0,0,0,0,0,0,0,0,0
2015,GB,118,0,0,0,0,0,0,0,0,0,0,0,0,0,0,0
2015,GB,119,0,0,0,0,0,0,0,0,0,0,0,0,0,0,0
2015,GB,120,0,0,0,0,0,0,0,0,0,0,0,0,0,0,0
2015,GB,121,0,0,0,0,0,0,0,0,0,0,0,0,0,0,0
2015,GB,122,0,0,0,0,0,0,0,0,0,0,0,0,0,0,0
2015,GB,123,0,0,0,0,0,0,0,0,0,0,0,0,0,0,0
2015,GB,124,0,0,0,0,0,0,0,0,0,0,0,0,0,0,0
2015,GB,125,0,0,0,0,0,0,0,0,0,0,0,0,0,0,0
2015,GB,126,0,0,0,0,0,0,0,0,0,0,0,0,0,0,0
2015,GB,127,0,0,0,0,0,0,0,0,0,0,0,0,0,0,0
2015,GB,128,0,0,0,0,0,0,0,0,0,0,0,0,0,0,0
2015,GB,129,0,0,0,0,0,0,0,0,0,0,0,0,0,0,0
2015,GB,130,0,0,0,0,0,0,0,0,0,0,0,0,0,0,0
2015,GB,131,0,0,0,0,0,0,0,0,0,0,0,0,0,0,0
2015,GB,132,0,0,0,0,0,0,0,0,0,0,0,0,0,0,0
2015,GB,133,0,0,0,0,0,0,0,0,0,0,0,0,0,0,0
2015,GB,134,0,0,0,0,0,0,0,0,0,0,0,0,0,0,0
2015,GB,135,0,0,0,0,0,0,0,0,0,0,0,0,0,0,0
2015,GB,136,1,0,0,0,0,0,0,0,0,0,0,0,0,1,0
2015,GB,137,1,0,0,0,0,0,0,0,0,0,0,0,0,1,0
2015,GB,138,1,0,0,0,0,0,0,0,0,0,0,0,0,1,0
2015,GB,139,1,0,0,0,0,0,0,0,0,0,0,0,0,1,0
2015,GB,140,1,0,0,0,0,0,0,0,0,0,0,0,0,1,0
2015,GB,141,1,0,0,0,0,0,0,0,0,0,0,0,0,1,0
2015,GB,142,1,0,0,0,0,0,0,0,0,0,0,0,0,1,0
2015,GB,143,1,0,0,0,0,0,0,0,0,0,0,0,0,1,0
2015,GB,144,1,0,0,0,0,1,0,0,0,0,0,0,0,2,0
2015,GB,145,1,0,0,0,0,1,0,0,0,0,0,0,0,2,0
2015,GB,146,1,0,0,0,1,1,0,0,0,0,0,0,0,3,0
2015,GB,147,1,0,0,0,1,1,0,0,0,0,0,0,0,3,0
2015,GB,148,1,0,0,0,1,1,0,0,0,0,0,0,0,3,0
2015,GB,149,1,0,0,0,1,1,0,0,0,0,0,0,0,3,0
2015,GB,150,1,0,0,0,1,1,0,0,0,0,0,0,0,3,0
2015,GB,151,1,0,0,0,1,1,1,0,0,0,0,0,0,4,0
2015,GB,152,1,0,0,0,1,1,1,0,0,0,0,0,0,4,0
2015,GB,153,1,0,0,0,1,1,1,1,0,0,0,0,0,5,0
2015,GB,154,1,0,0,0,1,1,1,1,0,0,0,0,0,5,0
2015,GB,155,1,0,0,0,1,1,1,1,0,0,0,0,0,5,0
2015,GB,156,1,0,0,0,1,1,1,1,0,0,0,0,0,5,0
2015,GB,157,1,0,0,0,1,1,1,1,0,0,0,0,0,5,0
2015,GB,158,1,0,0,0,1,1,1,1,0,0,0,0,0,5,0
2015,GB,159,1,0,0,0,1,1,1,1,0,0,0,0,0,5,0
2015,GB,160,1,0,0,0,1,1,1,1,0,0,0,0,0,5,0
2015,GB,161,1,0,0,0,1,1,1,1,0,0,0,0,1,6,0
2015,GB,162,1,0,0,0,1,1,1,1,0,0,0,1,1,7,1
2015,GB,163,1,0,0,0,1,1,1,1,0,0,0,1,1,7,1
2015,GB,164,1,0,0,0,1,1,1,1,0,0,0,1,1,7,1
2015,GB,165,1,0,0,0,1,1,1,1,0,0,0,1,1,7,1
2015,GB,166,1,0,0,0,1,1,1,1,0,0,0,1,1,7,1
2015,GB,167,1,0,0,0,1,1,1,1,1,0,0,1,1,8,1
2015,GB,168,1,0,0,0,1,1,1,1,1,0,0,1,1,8,1
2015,GB,169,1,0,0,0,1,1,1,1,1,0,0,1,1,8,1
2015,GB,170,1,0,0,0,1,1,1,1,1,0,0,1,1,8,1
2015,GB,171,1,0,0,0,1,1,1,1,1,0,1,1,1,9,1
2015,GB,172,1,0,0,0,1,1,1,1,1,1,1,1,1,10,1
2015,GB,173,1,0,0,0,1,1,1,1,1,1,1,1,1,10,1
2015,GB,174,1,0,0,1,1,1,1,1,1,1,1,1,1,11,1
2015,GB,175,1,0,0,1,1,1,1,1,1,1,1,1,1,11,1
2015,GB,176,0,0,0,1,1,1,1,1,1,1,1,1,1,10,1
2015,GB,177,0,0,0,1,1,1,1,1,1,1,1,1,1,10,1
2015,GB,178,0,0,0,1,1,1,1,1,1,1,1,1,1,10,1
2015,GB,179,0,0,0,1,1,1,1,1,1,1,1,1,1,10,1
2015,GB,180,0,0,0,1,1,1,1,1,1,1,1,1,1,10,1
2015,GB,181,0,0,0,1,1,0,0,1,1,1,1,1,1,8,1
2015,GB,182,0,1,0,1,1,0,0,1,1,1,1,1,1,9,1
2015,GB,183,0,1,0,1,1,0,0,1,1,1,1,1,1,9,1
2015,GB,184,0,1,0,1,1,0,0,1,1,1,1,1,1,9,1
2015,GB,185,0,1,0,1,1,0,0,1,1,1,1,1,1,9,1
2015,GB,186,0,1,0,1,1,0,0,1,1,1,1,1,1,9,1
2015,GB,187,0,1,0,1,1,0,0,1,1,1,1,1,1,9,1
2015,GB,188,0,1,0,1,1,0,0,1,1,1,1,1,1,9,1
2015,GB,189,0,1,0,1,1,0,0,1,1,1,1,1,1,9,1
2015,GB,190,0,1,1,1,1,0,0,1,1,1,1,1,1,10,1
2015,GB,191,0,1,1,1,1,0,0,1,1,1,1,1,1,10,1
2015,GB,192,0,1,1,1,1,0,0,1,1,1,1,1,1,10,1
2015,GB,193,0,1,1,1,1,0,0,1,1,1,1,1,1,10,1
2015,GB,194,0,1,1,1,1,0,0,1,1,1,1,1,1,10,1
2015,GB,195,0,1,1,1,1,0,0,1,1,1,1,1,1,10,1
2015,GB,196,0,1,1,1,1,0,0,1,1,1,1,1,1,10,1
2015,GB,197,0,1,1,1,1,0,0,1,1,1,1,1,1,10,1
2015,GB,198,0,1,1,1,1,0,0,1,1,1,1,1,1,10,1
2015,GB,199,0,1,1,1,1,0,0,1,1,1,1,1,1,10,1
2015,GB,200,0,1,1,1,1,0,0,0,1,1,1,1,1,9,1
2015,GB,201,0,1,1,1,0,0,0,0,1,1,1,1,1,8,1
2015,GB,202,0,1,1,1,0,0,0,0,1,1,1,1,1,8,1
2015,GB,203,0,1,1,1,0,0,0,0,1,1,0,1,1,7,1
2015,GB,204,0,1,1,1,0,0,0,0,1,1,0,1,1,7,1
2015,GB,205,0,1,1,1,0,0,0,0,1,1,0,1,1,7,1
2015,GB,206,0,1,1,1,0,0,0,0,1,1,0,1,1,7,1
2015,GB,207,0,1,1,1,0,0,0,0,1,1,0,1,1,7,1
2015,GB,208,0,1,1,1,0,0,0,0,0,1,0,1,0,5,0
2015,GB,209,0,1,1,1,0,0,0,0,0,1,0,0,0,4,0
2015,GB,210,0,1,1,1,0,0,0,0,0,1,0,0,0,4,0
2015,GB,211,0,1,1,1,0,0,0,0,0,1,0,0,0,4,0
2015,GB,212,0,1,1,1,0,0,0,0,0,1,0,0,0,4,0
2015,GB,213,0,1,1,1,0,0,0,0,0,1,0,0,0,4,0
2015,GB,214,0,1,1,1,0,0,0,0,0,1,0,0,0,4,0
2015,GB,215,0,1,1,1,0,0,0,0,0,1,0,0,0,4,0
2015,GB,216,0,1,1,1,0,0,0,0,0,1,0,0,0,4,0
2015,GB,217,0,1,1,1,0,0,0,0,0,1,0,0,0,4,0
2015,GB,218,0,1,1,1,0,0,0,0,0,1,0,0,0,4,0
2015,GB,219,0,1,1,1,0,0,0,0,0,1,0,0,0,4,0
2015,GB,220,0,1,1,1,0,0,0,0,0,0,0,0,0,3,0
2015,GB,221,0,1,1,1,0,0,0,0,0,0,0,0,0,3,0
2015,GB,222,0,1,1,1,0,0,0,0,0,0,0,0,0,3,0
2015,GB,223,0,1,1,1,0,0,0,0,0,0,0,0,0,3,0
2015,GB,224,0,1,1,1,0,0,0,0,0,0,0,0,0,3,0
2015,GB,225,0,1,1,1,0,0,0,0,0,0,0,0,0,3,0
2015,GB,226,0,1,1,1,0,0,0,0,0,0,0,0,0,3,0
2015,GB,227,0,1,1,1,0,0,0,0,0,0,0,0,0,3,0
2015,GB,228,0,1,1,1,0,0,0,0,0,0,0,0,0,3,0
2015,GB,229,0,1,1,1,0,0,0,0,0,0,0,0,0,3,0
2015,GB,230,0,1,1,1,0,0,0,0,0,0,0,0,0,3,0
2015,GB,231,0,1,1,1,0,0,0,0,0,0,0,0,0,3,0
2015,GB,232,0,1,1,1,0,0,0,0,0,0,0,0,0,3,0
2015,GB,233,0,1,1,1,0,0,0,0,0,0,0,0,0,3,0
2015,GB,234,0,1,1,1,0,0,0,0,0,0,0,0,0,3,0
2015,GB,235,0,1,1,1,0,0,0,0,0,0,0,0,0,3,0
2015,GB,236,0,1,1,1,0,0,0,0,0,0,0,0,0,3,0
2015,GB,237,0,1,1,0,0,0,0,0,0,0,0,0,0,2,0
2015,GB,238,0,1,1,0,0,0,0,0,0,0,0,0,0,2,0
2015,GB,239,0,1,1,0,0,0,0,0,0,0,0,0,0,2,0
2015,GB,240,0,1,1,0,0,0,0,0,0,0,0,0,0,2,0
2015,GB,241,0,0,1,0,0,0,0,0,0,0,0,0,0,1,0
2015,GB,242,0,0,1,0,0,0,0,0,0,0,0,0,0,1,0
2015,GB,243,0,0,1,0,0,0,0,0,0,0,0,0,0,1,0
2015,GB,244,0,0,1,0,0,0,0,0,0,0,0,0,0,1,0
2015,GB,245,0,0,0,0,0,0,0,0,0,0,0,0,0,0,0
2015,GB,246,0,0,0,0,0,0,0,0,0,0,0,0,0,0,0
2015,GB,247,0,0,0,0,0,0,0,0,0,0,0,0,0,0,0
2015,GB,248,0,0,0,0,0,0,0,0,0,0,0,0,0,0,0
2015,GB,249,0,0,0,0,0,0,0,0,0,0,0,0,0,0,0
2015,GB,250,0,0,0,0,0,0,0,0,0,0,0,0,0,0,0
2015,GB,251,0,0,0,0,0,0,0,0,0,0,0,0,0,0,0
2015,GB,252,0,0,0,0,0,0,0,0,0,0,0,0,0,0,0
2015,GB,253,0,0,0,0,0,0,0,0,0,0,0,0,0,0,0
2015,GB,254,0,0,0,0,0,0,0,0,0,0,0,0,0,0,0
2015,GB,255,0,0,0,0,0,0,0,0,0,0,0,0,0,0,0
2015,GB,256,0,0,0,0,0,0,0,0,0,0,0,0,0,0,0
2015,GB,257,0,0,0,0,0,0,0,0,0,0,0,0,0,0,0
2015,GB,258,0,0,0,0,0,0,0,0,0,0,0,0,0,0,0
2015,GB,259,0,0,0,0,0,0,0,0,0,0,0,0,0,0,0
2015,GB,260,0,0,0,0,0,0,0,0,0,0,0,0,0,0,0
2015,GB,261,0,0,0,0,0,0,0,0,0,0,0,0,0,0,0
2015,GB,262,0,0,0,0,0,0,0,0,0,0,0,0,0,0,0
2015,GB,263,0,0,0,0,0,0,0,0,0,0,0,0,0,0,0
2015,GB,264,0,0,0,0,0,0,0,0,0,0,0,0,0,0,0
2015,GB,265,0,0,0,0,0,0,0,0,0,0,0,0,0,0,0
2015,GB,266,0,0,0,0,0,0,0,0,0,0,0,0,0,0,0
2015,GB,267,0,0,0,0,0,0,0,0,0,0,0,0,0,0,0
2015,GB,268,0,0,0,0,0,0,0,0,0,0,0,0,0,0,0
2015,GB,269,0,0,0,0,0,0,0,0,0,0,0,0,0,0,0
2015,GB,270,0,0,0,0,0,0,0,0,0,0,0,0,0,0,0
2015,GB,271,0,0,0,0,0,0,0,0,0,0,0,0,0,0,0
2015,GB,272,0,0,0,0,0,0,0,0,0,0,0,0,0,0,0
2015,GB,273,0,0,0,0,0,0,0,0,0,0,0,0,0,0,0
2015,GB,274,0,0,0,0,0,0,0,0,0,0,0,0,0,0,0
2015,GB,275,0,0,0,0,0,0,0,0,0,0,0,0,0,0,0
2015,GB,276,0,0,0,0,0,0,0,0,0,0,0,0,0,0,0
2015,GB,277,0,0,0,0,0,0,0,0,0,0,0,0,0,0,0
2015,GB,278,0,0,0,0,0,0,0,0,0,0,0,0,0,0,0
2015,GB,279,0,0,0,0,0,0,0,0,0,0,0,0,0,0,0
2015,GB,280,0,0,0,0,0,0,0,0,0,0,0,0,0,0,0
2015,GB,281,0,0,0,0,0,0,0,0,0,0,0,0,0,0,0
2015,GB,282,0,0,0,0,0,0,0,0,0,0,0,0,0,0,0
2015,GB,283,0,0,0,0,0,0,0,0,0,0,0,0,0,0,0
2015,GB,284,0,0,0,0,0,0,0,0,0,0,0,0,0,0,0
2015,GB,285,0,0,0,0,0,0,0,0,0,0,0,0,0,0,0
2015,RL,105,0,0,0,0,0,0,0,0,0,0,0,0,0,0,0
2015,RL,106,0,0,0,0,0,0,0,0,0,0,0,0,0,0,0
2015,RL,107,0,0,0,0,0,0,0,0,0,0,0,0,0,0,0
2015,RL,108,0,0,0,0,0,0,0,0,0,0,0,0,0,0,0
2015,RL,109,0,0,0,0,0,0,0,0,0,0,0,0,0,0,0
2015,RL,110,0,0,0,0,0,0,0,0,0,0,0,0,0,0,0
2015,RL,111,0,0,0,0,0,0,0,0,0,0,0,0,0,0,0
2015,RL,112,0,0,0,0,0,0,0,0,0,0,0,0,0,0,0
2015,RL,113,0,0,0,0,0,0,0,0,0,0,0,0,0,0,0
2015,RL,114,0,0,0,0,0,0,0,0,0,0,0,0,0,0,0
2015,RL,115,0,0,0,0,0,0,0,0,0,0,0,0,0,0,0
2015,RL,116,0,0,0,0,0,0,0,0,0,0,0,0,0,0,0
2015,RL,117,0,0,0,0,0,0,0,0,0,0,0,0,0,0,0
2015,RL,118,0,0,0,0,0,0,0,0,0,0,0,0,0,0,0
2015,RL,119,0,0,0,0,0,0,0,0,0,0,0,0,0,0,0
2015,RL,120,0,0,0,0,0,0,0,0,0,0,0,0,0,0,0
2015,RL,121,0,0,0,0,0,0,0,0,0,0,0,0,0,0,0
2015,RL,122,0,0,0,0,0,0,0,0,0,0,0,0,0,0,0
2015,RL,123,0,0,0,0,0,0,0,0,0,0,0,0,0,0,0
2015,RL,124,0,0,0,0,0,0,0,0,0,0,0,0,0,0,0
2015,RL,125,0,0,0,0,0,0,0,0,0,0,0,0,0,0,0
2015,RL,126,0,0,0,0,0,0,0,0,0,0,0,0,0,0,0
2015,RL,127,0,0,0,0,0,0,0,0,0,0,0,0,0,0,0
2015,RL,128,0,0,0,0,0,0,0,0,0,0,0,0,0,0,0
2015,RL,129,0,0,0,0,0,0,0,0,0,0,0,0,0,0,0
2015,RL,130,0,0,0,0,0,0,0,0,0,0,0,0,0,0,0
2015,RL,131,0,0,0,0,0,0,0,0,0,0,0,0,0,0,0
2015,RL,132,0,0,0,0,0,0,0,0,0,0,0,0,0,0,0
2015,RL,133,0,0,0,0,0,0,0,0,0,0,0,0,0,0,0
2015,RL,134,0,0,0,0,0,0,0,0,0,0,0,0,0,0,0
2015,RL,135,0,0,0,0,0,0,0,0,0,0,0,0,0,0,0
2015,RL,136,0,0,0,0,0,0,0,0,0,0,0,0,0,0,0
2015,RL,137,0,0,0,0,0,0,0,0,0,0,0,0,0,0,0
2015,RL,138,0,0,0,0,0,0,0,0,0,0,0,0,0,0,0
2015,RL,139,0,0,0,0,0,0,0,0,0,0,0,0,0,0,0
2015,RL,140,0,0,0,0,0,0,0,0,0,0,0,0,0,0,0
2015,RL,141,0,0,0,0,0,0,0,0,0,0,0,0,0,0,0
2015,RL,142,0,0,0,0,0,0,0,0,0,0,0,0,0,0,0
2015,RL,143,0,0,0,0,0,0,0,0,0,0,0,0,0,0,0
2015,RL,144,0,0,0,0,0,0,0,0,0,0,0,0,0,0,0
2015,RL,145,0,0,0,0,0,0,0,0,0,0,0,0,0,0,0
2015,RL,146,0,0,0,0,0,0,0,0,0,0,0,0,0,0,0
2015,RL,147,0,0,0,0,0,0,0,0,0,0,0,0,0,0,0
2015,RL,148,0,0,0,0,0,0,0,0,0,0,0,0,0,0,0
2015,RL,149,0,0,0,0,0,0,0,0,0,0,0,0,0,0,0
2015,RL,150,1,0,0,0,0,0,0,0,0,0,0,0,0,1,0
2015,RL,151,1,0,0,0,0,0,0,0,0,0,0,0,0,1,0
2015,RL,152,1,0,0,0,0,0,0,0,0,0,0,0,0,1,0
2015,RL,153,1,0,0,0,0,0,0,0,0,0,0,0,0,1,0
2015,RL,154,1,0,0,0,0,0,0,0,0,0,0,0,0,1,0
2015,RL,155,1,0,0,0,0,0,0,0,0,0,0,0,0,1,0
2015,RL,156,1,0,0,0,0,1,0,0,0,0,0,0,0,2,0
2015,RL,157,1,0,0,0,0,1,0,0,0,0,0,0,0,2,0
2015,RL,158,1,0,0,0,0,1,1,0,0,0,0,0,0,3,0
2015,RL,159,1,0,0,0,0,1,1,0,0,0,0,0,0,3,0
2015,RL,160,1,0,0,0,0,1,1,0,0,0,0,0,0,3,0
2015,RL,161,1,0,0,0,1,1,1,0,0,0,0,0,0,4,0
2015,RL,162,1,0,0,0,1,1,1,0,0,0,0,0,0,4,0
2015,RL,163,1,0,0,0,1,1,1,0,0,0,0,0,0,4,0
2015,RL,164,1,0,0,0,1,1,1,0,0,0,0,0,0,4,0
2015,RL,165,1,0,0,0,1,1,1,0,0,0,0,0,0,4,0
2015,RL,166,1,0,0,0,1,1,1,0,0,0,0,0,0,4,0
2015,RL,167,1,0,0,0,1,1,1,0,0,0,0,0,0,4,0
2015,RL,168,1,0,0,0,1,1,1,0,0,0,0,0,0,4,0
2015,RL,169,1,0,0,0,1,1,1,1,0,0,0,0,0,5,0
2015,RL,170,1,0,0,0,1,1,1,1,0,0,0,0,0,5,0
2015,RL,171,1,0,0,0,1,1,1,1,0,0,0,0,0,5,0
2015,RL,172,1,0,0,0,1,1,1,1,0,0,0,0,1,6,0
2015,RL,173,1,0,0,0,1,1,1,1,0,0,0,0,1,6,0
2015,RL,174,1,0,0,0,1,1,1,1,0,0,0,0,1,6,0
2015,RL,175,1,0,0,0,1,1,1,1,0,0,0,1,1,7,1
2015,RL,176,1,0,0,0,1,1,1,1,0,0,0,1,1,7,1
2015,RL,177,1,0,0,0,1,1,1,1,0,0,0,1,1,7,1
2015,RL,178,1,0,0,0,1,1,1,1,0,0,0,1,1,7,1
2015,RL,179,1,0,0,0,1,1,1,1,0,0,0,1,1,7,1
2015,RL,180,1,0,0,0,1,1,1,1,1,0,0,1,1,8,1
2015,RL,181,0,0,0,0,1,1,1,1,1,1,1,1,1,9,1
2015,RL,182,0,0,0,0,1,1,1,1,1,1,1,1,1,9,1
2015,RL,183,0,0,0,0,1,1,0,1,1,1,1,1,1,8,1
2015,RL,184,0,0,0,0,1,1,0,1,1,1,1,1,1,8,1
2015,RL,185,0,0,0,1,1,0,0,1,1,1,1,1,1,8,1
2015,RL,186,0,0,0,1,1,0,0,1,1,1,1,1,1,8,1
2015,RL,187,0,0,0,1,1,0,0,1,1,1,1,1,1,8,1
2015,RL,188,0,0,0,1,1,0,0,1,1,1,1,1,1,8,1
2015,RL,189,0,1,0,1,1,0,0,1,1,1,1,1,1,9,1
2015,RL,190,0,1,0,1,1,0,0,1,1,1,1,1,1,9,1
2015,RL,191,0,1,0,1,1,0,0,1,1,1,1,1,1,9,1
2015,RL,192,0,1,0,1,1,0,0,1,1,1,1,1,1,9,1
2015,RL,193,0,1,0,1,1,0,0,1,1,1,1,1,1,9,1
2015,RL,194,0,1,0,1,1,0,0,1,1,1,1,1,1,9,1
2015,RL,195,0,1,0,1,1,0,0,1,1,1,1,1,1,9,1
2015,RL,196,0,1,0,1,1,0,0,1,1,1,1,1,1,9,1
2015,RL,197,0,1,0,1,1,0,0,1,1,1,1,1,1,9,1
2015,RL,198,0,1,1,1,1,0,0,1,1,1,1,1,1,10,1
2015,RL,199,0,1,1,1,1,0,0,1,1,1,1,1,1,10,1
2015,RL,200,0,1,1,1,1,0,0,1,1,1,1,1,1,10,1
2015,RL,201,0,1,1,1,1,0,0,1,1,1,1,1,1,10,1
2015,RL,202,0,1,1,1,1,0,0,1,1,1,1,1,1,10,1
2015,RL,203,0,1,1,1,1,0,0,1,1,1,1,1,1,10,1
2015,RL,204,0,1,1,1,1,0,0,1,1,1,1,1,1,10,1
2015,RL,205,0,1,1,1,1,0,0,1,1,1,1,1,1,10,1
2015,RL,206,0,1,1,1,0,0,0,0,1,1,0,1,1,7,1
2015,RL,207,0,1,1,1,0,0,0,0,1,1,0,1,1,7,1
2015,RL,208,0,1,1,1,0,0,0,0,1,1,0,1,1,7,1
2015,RL,209,0,1,1,1,0,0,0,0,1,1,0,1,1,7,1
2015,RL,210,0,1,1,1,0,0,0,0,1,1,0,1,1,7,1
2015,RL,211,0,1,1,1,0,0,0,0,1,1,0,1,1,7,1
2015,RL,212,0,1,1,1,0,0,0,0,0,1,0,1,0,5,0
2015,RL,213,0,1,1,1,0,0,0,0,0,1,0,1,0,5,0
2015,RL,214,0,1,1,1,0,0,0,0,0,1,0,0,0,4,0
2015,RL,215,0,1,1,1,0,0,0,0,0,1,0,0,0,4,0
2015,RL,216,0,1,1,1,0,0,0,0,0,1,0,0,0,4,0
2015,RL,217,0,1,1,1,0,0,0,0,0,1,0,0,0,4,0
2015,RL,218,0,1,1,1,0,0,0,0,0,1,0,0,0,4,0
2015,RL,219,0,1,1,1,0,0,0,0,0,1,0,0,0,4,0
2015,RL,220,0,1,1,1,0,0,0,0,0,1,0,0,0,4,0
2015,RL,221,0,1,1,1,0,0,0,0,0,1,0,0,0,4,0
2015,RL,222,0,1,1,1,0,0,0,0,0,1,0,0,0,4,0
2015,RL,223,0,1,1,1,0,0,0,0,0,0,0,0,0,3,0
2015,RL,224,0,1,1,1,0,0,0,0,0,0,0,0,0,3,0
2015,RL,225,0,1,1,1,0,0,0,0,0,0,0,0,0,3,0
2015,RL,226,0,1,1,1,0,0,0,0,0,0,0,0,0,3,0
2015,RL,227,0,1,1,1,0,0,0,0,0,0,0,0,0,3,0
2015,RL,228,0,1,1,1,0,0,0,0,0,0,0,0,0,3,0
2015,RL,229,0,1,1,1,0,0,0,0,0,0,0,0,0,3,0
2015,RL,230,0,1,1,1,0,0,0,0,0,0,0,0,0,3,0
2015,RL,231,0,1,1,1,0,0,0,0,0,0,0,0,0,3,0
2015,RL,232,0,1,1,1,0,0,0,0,0,0,0,0,0,3,0
2015,RL,233,0,1,1,1,0,0,0,0,0,0,0,0,0,3,0
2015,RL,234,0,1,1,1,0,0,0,0,0,0,0,0,0,3,0
2015,RL,235,0,1,1,1,0,0,0,0,0,0,0,0,0,3,0
2015,RL,236,0,1,1,1,0,0,0,0,0,0,0,0,0,3,0
2015,RL,237,0,1,1,1,0,0,0,0,0,0,0,0,0,3,0
2015,RL,238,0,1,1,1,0,0,0,0,0,0,0,0,0,3,0
2015,RL,239,0,1,1,1,0,0,0,0,0,0,0,0,0,3,0
2015,RL,240,0,1,1,1,0,0,0,0,0,0,0,0,0,3,0
2015,RL,241,0,1,1,0,0,0,0,0,0,0,0,0,0,2,0
2015,RL,242,0,1,1,0,0,0,0,0,0,0,0,0,0,2,0
2015,RL,243,0,0,1,0,0,0,0,0,0,0,0,0,0,1,0
2015,RL,244,0,0,1,0,0,0,0,0,0,0,0,0,0,1,0
2015,RL,245,0,0,1,0,0,0,0,0,0,0,0,0,0,1,0
2015,RL,246,0,0,1,0,0,0,0,0,0,0,0,0,0,1,0
2015,RL,247,0,0,1,0,0,0,0,0,0,0,0,0,0,1,0
2015,RL,248,0,0,0,0,0,0,0,0,0,0,0,0,0,0,0
2015,RL,249,0,0,0,0,0,0,0,0,0,0,0,0,0,0,0
2015,RL,250,0,0,0,0,0,0,0,0,0,0,0,0,0,0,0
2015,RL,251,0,0,0,0,0,0,0,0,0,0,0,0,0,0,0
2015,RL,252,0,0,0,0,0,0,0,0,0,0,0,0,0,0,0
2015,RL,253,0,0,0,0,0,0,0,0,0,0,0,0,0,0,0
2015,RL,254,0,0,0,0,0,0,0,0,0,0,0,0,0,0,0
2015,RL,255,0,0,0,0,0,0,0,0,0,0,0,0,0,0,0
2015,RL,256,0,0,0,0,0,0,0,0,0,0,0,0,0,0,0
2015,RL,257,0,0,0,0,0,0,0,0,0,0,0,0,0,0,0
2015,RL,258,0,0,0,0,0,0,0,0,0,0,0,0,0,0,0
2015,RL,259,0,0,0,0,0,0,0,0,0,0,0,0,0,0,0
2015,RL,260,0,0,0,0,0,0,0,0,0,0,0,0,0,0,0
2015,RL,261,0,0,0,0,0,0,0,0,0,0,0,0,0,0,0
2015,RL,262,0,0,0,0,0,0,0,0,0,0,0,0,0,0,0
2015,RL,263,0,0,0,0,0,0,0,0,0,0,0,0,0,0,0
2015,RL,264,0,0,0,0,0,0,0,0,0,0,0,0,0,0,0
2015,RL,265,0,0,0,0,0,0,0,0,0,0,0,0,0,0,0
2015,RL,266,0,0,0,0,0,0,0,0,0,0,0,0,0,0,0
2015,RL,267,0,0,0,0,0,0,0,0,0,0,0,0,0,0,0
2015,RL,268,0,0,0,0,0,0,0,0,0,0,0,0,0,0,0
2015,RL,269,0,0,0,0,0,0,0,0,0,0,0,0,0,0,0
2015,RL,270,0,0,0,0,0,0,0,0,0,0,0,0,0,0,0
2015,RL,271,0,0,0,0,0,0,0,0,0,0,0,0,0,0,0
2015,RL,272,0,0,0,0,0,0,0,0,0,0,0,0,0,0,0
2015,RL,273,0,0,0,0,0,0,0,0,0,0,0,0,0,0,0
2015,RL,274,0,0,0,0,0,0,0,0,0,0,0,0,0,0,0
2015,RL,275,0,0,0,0,0,0,0,0,0,0,0,0,0,0,0
2015,RL,276,0,0,0,0,0,0,0,0,0,0,0,0,0,0,0
2015,RL,277,0,0,0,0,0,0,0,0,0,0,0,0,0,0,0
2015,RL,278,0,0,0,0,0,0,0,0,0,0,0,0,0,0,0
2015,RL,279,0,0,0,0,0,0,0,0,0,0,0,0,0,0,0
2015,RL,280,0,0,0,0,0,0,0,0,0,0,0,0,0,0,0
2015,RL,281,0,0,0,0,0,0,0,0,0,0,0,0,0,0,0
2015,RL,282,0,0,0,0,0,0,0,0,0,0,0,0,0,0,0
2015,RL,283,0,0,0,0,0,0,0,0,0,0,0,0,0,0,0
2015,RL,284,0,0,0,0,0,0,0,0,0,0,0,0,0,0,0
2015,RL,285,0,0,0,0,0,0,0,0,0,0,0,0,0,0,0
2016,GB,105,0,0,0,0,0,0,0,0,0,0,0,0,0,0,0
2016,GB,106,0,0,0,0,0,0,0,0,0,0,0,0,0,0,0
2016,GB,107,0,0,0,0,0,0,0,0,0,0,0,0,0,0,0
2016,GB,108,0,0,0,0,0,0,0,0,0,0,0,0,0,0,0
2016,GB,109,0,0,0,0,0,0,0,0,0,0,0,0,0,0,0
2016,GB,110,0,0,0,0,0,0,0,0,0,0,0,0,0,0,0
2016,GB,111,0,0,0,0,0,0,0,0,0,0,0,0,0,0,0
2016,GB,112,0,0,0,0,0,0,0,0,0,0,0,0,0,0,0
2016,GB,113,0,0,0,0,0,0,0,0,0,0,0,0,0,0,0
2016,GB,114,0,0,0,0,0,0,0,0,0,0,0,0,0,0,0
2016,GB,115,0,0,0,0,0,0,0,0,0,0,0,0,0,0,0
2016,GB,116,0,0,0,0,0,0,0,0,0,0,0,0,0,0,0
2016,GB,117,0,0,0,0,0,0,0,0,0,0,0,0,0,0,0
2016,GB,118,0,0,0,0,0,0,0,0,0,0,0,0,0,0,0
2016,GB,119,0,0,0,0,0,0,0,0,0,0,0,0,0,0,0
2016,GB,120,0,0,0,0,0,0,0,0,0,0,0,0,0,0,0
2016,GB,121,0,0,0,0,0,0,0,0,0,0,0,0,0,0,0
2016,GB,122,0,0,0,0,0,0,0,0,0,0,0,0,0,0,0
2016,GB,123,0,0,0,0,0,0,0,0,0,0,0,0,0,0,0
2016,GB,124,0,0,0,0,0,0,0,0,0,0,0,0,0,0,0
2016,GB,125,0,0,0,0,0,0,0,0,0,0,0,0,0,0,0
2016,GB,126,0,0,0,0,0,0,0,0,0,0,0,0,0,0,0
2016,GB,127,0,0,0,0,0,0,0,0,0,0,0,0,0,0,0
2016,GB,128,0,0,0,0,0,0,0,0,0,0,0,0,0,0,0
2016,GB,129,0,0,0,0,0,0,0,0,0,0,0,0,0,0,0
2016,GB,130,0,0,0,0,0,0,0,0,0,0,0,0,0,0,0
2016,GB,131,0,0,0,0,0,0,0,0,0,0,0,0,0,0,0
2016,GB,132,0,0,0,0,0,0,0,0,0,0,0,0,0,0,0
2016,GB,133,0,0,0,0,0,0,0,0,0,0,0,0,0,0,0
2016,GB,134,0,0,0,0,0,0,0,0,0,0,0,0,0,0,0
2016,GB,135,0,0,0,0,0,0,0,0,0,0,0,0,0,0,0
2016,GB,136,0,0,0,0,0,0,0,0,0,0,0,0,0,0,0
2016,GB,137,0,0,0,0,0,0,0,0,0,0,0,0,0,0,0
2016,GB,138,0,0,0,0,0,0,0,0,0,0,0,0,0,0,0
2016,GB,139,0,0,0,0,0,0,0,0,0,0,0,0,0,0,0
2016,GB,140,0,0,0,0,0,0,0,0,0,0,0,0,0,0,0
2016,GB,141,0,0,0,0,0,0,0,0,0,0,0,0,0,0,0
2016,GB,142,0,0,0,0,0,0,0,0,0,0,0,0,0,0,0
2016,GB,143,0,0,0,0,0,0,0,0,0,0,0,0,0,0,0
2016,GB,144,0,0,0,0,0,0,0,0,0,0,0,0,0,0,0
2016,GB,145,0,0,0,0,0,0,0,0,0,0,0,0,0,0,0
2016,GB,146,0,0,0,0,0,0,0,0,0,0,0,0,0,0,0
2016,GB,147,0,0,0,0,0,0,0,0,0,0,0,0,0,0,0
2016,GB,148,0,0,0,0,0,0,0,0,0,0,0,0,0,0,0
2016,GB,149,0,0,0,0,0,0,0,0,0,0,0,0,0,0,0
2016,GB,150,1,0,0,0,0,0,0,0,0,0,0,0,0,1,0
2016,GB,151,1,0,0,0,0,0,0,0,0,0,0,0,0,1,0
2016,GB,152,1,0,0,0,0,0,0,0,0,0,0,0,0,1,0
2016,GB,153,1,0,0,0,0,0,0,0,0,0,0,0,0,1,0
2016,GB,154,1,0,0,0,0,0,0,0,0,0,0,0,0,1,0
2016,GB,155,1,0,0,0,0,0,0,0,0,0,0,0,0,1,0
2016,GB,156,1,0,0,0,0,1,0,0,0,0,0,0,0,2,0
2016,GB,157,1,0,0,0,0,1,0,0,0,0,0,0,0,2,0
2016,GB,158,1,0,0,0,0,1,1,0,0,0,0,0,0,3,0
2016,GB,159,1,0,0,0,0,1,1,0,0,0,0,0,0,3,0
2016,GB,160,1,0,0,0,0,1,1,0,0,0,0,0,0,3,0
2016,GB,161,1,0,0,0,1,1,1,0,0,0,0,0,0,4,0
2016,GB,162,1,0,0,0,1,1,1,0,0,0,0,0,0,4,0
2016,GB,163,1,0,0,0,1,1,1,0,0,0,0,0,0,4,0
2016,GB,164,1,0,0,0,1,1,1,0,0,0,0,0,0,4,0
2016,GB,165,1,0,0,0,1,1,1,0,0,0,0,0,0,4,0
2016,GB,166,1,0,0,0,1,1,1,0,0,0,0,0,0,4,0
2016,GB,167,1,0,0,0,1,1,1,0,0,0,0,0,0,4,0
2016,GB,168,1,0,0,0,1,1,1,0,0,0,0,0,0,4,0
2016,GB,169,1,0,0,0,1,1,1,1,0,0,0,0,0,5,0
2016,GB,170,1,0,0,0,1,1,1,1,0,0,0,0,0,5,0
2016,GB,171,1,0,0,0,1,1,1,1,0,0,0,0,0,5,0
2016,GB,172,1,0,0,0,1,1,1,1,0,0,0,0,1,6,0
2016,GB,173,1,0,0,0,1,1,1,1,0,0,0,0,1,6,0
2016,GB,174,1,0,0,0,1,1,1,1,0,0,0,0,1,6,0
2016,GB,175,1,0,0,0,1,1,1,1,0,0,0,1,1,7,1
2016,GB,176,1,0,0,0,1,1,1,1,0,0,0,1,1,7,1
2016,GB,177,1,0,0,0,1,1,1,1,0,0,0,1,1,7,1
2016,GB,178,1,0,0,0,1,1,1,1,0,0,0,1,1,7,1
2016,GB,179,1,0,0,0,1,1,1,1,0,0,0,1,1,7,1
2016,GB,180,1,0,0,0,1,1,1,1,1,0,0,1,1,8,1
2016,GB,181,1,0,0,0,1,1,1,1,1,1,1,1,1,10,1
2016,GB,182,1,0,0,0,1,1,1,1,1,1,1,1,1,10,1
2016,GB,183,1,0,0,0,1,1,1,1,1,1,1,1,1,10,1
2016,GB,184,1,0,0,0,1,1,1,1,1,1,1,1,1,10,1
2016,GB,185,1,0,0,1,1,1,1,1,1,1,1,1,1,11,1
2016,GB,186,1,0,0,1,1,1,1,1,1,1,1,1,1,11,1
2016,GB,187,1,0,0,1,1,1,1,1,1,1,1,1,1,11,1
2016,GB,188,1,0,0,1,1,1,1,1,1,1,1,1,1,11,1
2016,GB,189,1,1,0,1,1,1,1,1,1,1,1,1,1,12,1
2016,GB,190,1,1,0,1,1,1,1,1,1,1,1,1,1,12,1
2016,GB,191,1,1,0,1,1,1,1,1,1,1,1,1,1,12,1
2016,GB,192,1,1,0,1,1,1,0,1,1,1,1,1,1,11,1
2016,GB,193,1,1,0,1,1,1,0,1,1,1,1,1,1,11,1
2016,GB,194,1,1,0,1,1,1,0,1,1,1,1,1,1,11,1
2016,GB,195,1,1,0,1,1,1,0,1,1,1,1,1,1,11,1
2016,GB,196,1,1,0,1,1,1,0,1,1,1,1,1,1,11,1
2016,GB,197,1,1,0,1,1,1,0,1,1,1,1,1,1,11,1
2016,GB,198,0,1,1,1,1,1,0,1,1,1,1,1,1,11,1
2016,GB,199,0,1,1,1,1,1,0,1,1,1,1,1,1,11,1
2016,GB,200,0,1,1,1,1,0,0,1,1,1,1,1,1,10,1
2016,GB,201,0,1,1,1,1,0,0,1,1,1,1,1,1,10,1
2016,GB,202,0,1,1,1,1,0,0,1,1,1,1,1,1,10,1
2016,GB,203,0,1,1,1,1,0,0,1,1,1,1,1,1,10,1
2016,GB,204,0,1,1,1,1,0,0,1,1,1,1,1,1,10,1
2016,GB,205,0,1,1,1,1,0,0,1,1,1,1,1,1,10,1
2016,GB,206,0,1,1,1,1,0,0,1,1,1,1,1,1,10,1
2016,GB,207,0,1,1,1,1,0,0,1,1,1,1,1,1,10,1
2016,GB,208,0,1,1,1,1,0,0,1,1,1,1,1,1,10,1
2016,GB,209,0,1,1,1,1,0,0,1,1,1,1,1,1,10,1
2016,GB,210,0,1,1,1,1,0,0,1,1,1,1,1,1,10,1
2016,GB,211,0,1,1,1,1,0,0,1,1,1,1,1,1,10,1
2016,GB,212,0,1,1,1,1,0,0,1,1,1,1,1,1,10,1
2016,GB,213,0,1,1,1,1,0,0,1,1,1,1,1,1,10,1
2016,GB,214,0,1,1,1,1,0,0,1,1,1,1,1,1,10,1
2016,GB,215,0,1,1,1,1,0,0,1,1,1,1,1,1,10,1
2016,GB,216,0,1,1,1,1,0,0,1,1,1,1,1,1,10,1
2016,GB,217,0,1,1,1,1,0,0,1,1,1,1,1,1,10,1
2016,GB,218,0,1,1,1,1,0,0,1,1,1,1,1,1,10,1
2016,GB,219,0,1,1,1,1,0,0,1,1,1,0,1,1,9,1
2016,GB,220,0,1,1,1,1,0,0,1,1,1,0,1,1,9,1
2016,GB,221,0,1,1,1,1,0,0,1,1,1,0,1,1,9,1
2016,GB,222,0,1,1,1,1,0,0,1,1,1,0,1,1,9,1
2016,GB,223,0,1,1,1,1,0,0,1,1,1,0,1,1,9,1
2016,GB,224,0,1,1,1,1,0,0,1,1,1,0,1,1,9,1
2016,GB,225,0,1,1,1,1,0,0,1,1,1,0,1,1,9,1
2016,GB,226,0,1,1,1,0,0,0,0,1,1,0,1,1,7,1
2016,GB,227,0,1,1,1,0,0,0,0,1,1,0,1,0,6,0
2016,GB,228,0,1,1,1,0,0,0,0,1,1,0,1,0,6,0
2016,GB,229,0,1,1,1,0,0,0,0,0,1,0,1,0,5,0
2016,GB,230,0,1,1,1,0,0,0,0,0,1,0,1,0,5,0
2016,GB,231,0,1,1,1,0,0,0,0,0,1,0,0,0,4,0
2016,GB,232,0,1,1,1,0,0,0,0,0,1,0,0,0,4,0
2016,GB,233,0,1,1,1,0,0,0,0,0,1,0,0,0,4,0
2016,GB,234,0,1,1,1,0,0,0,0,0,1,0,0,0,4,0
2016,GB,235,0,1,1,1,0,0,0,0,0,0,0,0,0,3,0
2016,GB,236,0,1,1,1,0,0,0,0,0,0,0,0,0,3,0
2016,GB,237,0,1,1,1,0,0,0,0,0,0,0,0,0,3,0
2016,GB,238,0,1,1,1,0,0,0,0,0,0,0,0,0,3,0
2016,GB,239,0,1,1,1,0,0,0,0,0,0,0,0,0,3,0
2016,GB,240,0,1,1,1,0,0,0,0,0,0,0,0,0,3,0
2016,GB,241,0,1,1,1,0,0,0,0,0,0,0,0,0,3,0
2016,GB,242,0,1,1,1,0,0,0,0,0,0,0,0,0,3,0
2016,GB,243,0,1,1,1,0,0,0,0,0,0,0,0,0,3,0
2016,GB,244,0,1,1,1,0,0,0,0,0,0,0,0,0,3,0
2016,GB,245,0,1,1,1,0,0,0,0,0,0,0,0,0,3,0
2016,GB,246,0,1,1,1,0,0,0,0,0,0,0,0,0,3,0
2016,GB,247,0,1,1,1,0,0,0,0,0,0,0,0,0,3,0
2016,GB,248,0,1,1,1,0,0,0,0,0,0,0,0,0,3,0
2016,GB,249,0,1,1,1,0,0,0,0,0,0,0,0,0,3,0
2016,GB,250,0,1,1,1,0,0,0,0,0,0,0,0,0,3,0
2016,GB,251,0,1,1,1,0,0,0,0,0,0,0,0,0,3,0
2016,GB,252,0,0,1,1,0,0,0,0,0,0,0,0,0,2,0
2016,GB,253,0,0,1,1,0,0,0,0,0,0,0,0,0,2,0
2016,GB,254,0,0,1,1,0,0,0,0,0,0,0,0,0,2,0
2016,GB,255,0,0,1,1,0,0,0,0,0,0,0,0,0,2,0
2016,GB,256,0,0,1,0,0,0,0,0,0,0,0,0,0,1,0
2016,GB,257,0,0,1,0,0,0,0,0,0,0,0,0,0,1,0
2016,GB,258,0,0,1,0,0,0,0,0,0,0,0,0,0,1,0
2016,GB,259,0,0,0,0,0,0,0,0,0,0,0,0,0,0,0
2016,GB,260,0,0,0,0,0,0,0,0,0,0,0,0,0,0,0
2016,GB,261,0,0,0,0,0,0,0,0,0,0,0,0,0,0,0
2016,GB,262,0,0,0,0,0,0,0,0,0,0,0,0,0,0,0
2016,GB,263,0,0,0,0,0,0,0,0,0,0,0,0,0,0,0
2016,GB,264,0,0,0,0,0,0,0,0,0,0,0,0,0,0,0
2016,GB,265,0,0,0,0,0,0,0,0,0,0,0,0,0,0,0
2016,GB,266,0,0,0,0,0,0,0,0,0,0,0,0,0,0,0
2016,GB,267,0,0,0,0,0,0,0,0,0,0,0,0,0,0,0
2016,GB,268,0,0,0,0,0,0,0,0,0,0,0,0,0,0,0
2016,GB,269,0,0,0,0,0,0,0,0,0,0,0,0,0,0,0
2016,GB,270,0,0,0,0,0,0,0,0,0,0,0,0,0,0,0
2016,GB,271,0,0,0,0,0,0,0,0,0,0,0,0,0,0,0
2016,GB,272,0,0,0,0,0,0,0,0,0,0,0,0,0,0,0
2016,GB,273,0,0,0,0,0,0,0,0,0,0,0,0,0,0,0
2016,GB,274,0,0,0,0,0,0,0,0,0,0,0,0,0,0,0
2016,GB,275,0,0,0,0,0,0,0,0,0,0,0,0,0,0,0
2016,GB,276,0,0,0,0,0,0,0,0,0,0,0,0,0,0,0
2016,GB,277,0,0,0,0,0,0,0,0,0,0,0,0,0,0,0
2016,GB,278,0,0,0,0,0,0,0,0,0,0,0,0,0,0,0
2016,GB,279,0,0,0,0,0,0,0,0,0,0,0,0,0,0,0
2016,GB,280,0,0,0,0,0,0,0,0,0,0,0,0,0,0,0
2016,GB,281,0,0,0,0,0,0,0,0,0,0,0,0,0,0,0
2016,GB,282,0,0,0,0,0,0,0,0,0,0,0,0,0,0,0
2016,GB,283,0,0,0,0,0,0,0,0,0,0,0,0,0,0,0
2016,GB,284,0,0,0,0,0,0,0,0,0,0,0,0,0,0,0
2016,GB,285,0,0,0,0,0,0,0,0,0,0,0,0,0,0,0
2016,RL,105,0,0,0,0,0,0,0,0,0,0,0,0,0,0,0
2016,RL,106,0,0,0,0,0,0,0,0,0,0,0,0,0,0,0
2016,RL,107,0,0,0,0,0,0,0,0,0,0,0,0,0,0,0
2016,RL,108,0,0,0,0,0,0,0,0,0,0,0,0,0,0,0
2016,RL,109,0,0,0,0,0,0,0,0,0,0,0,0,0,0,0
2016,RL,110,0,0,0,0,0,0,0,0,0,0,0,0,0,0,0
2016,RL,111,0,0,0,0,0,0,0,0,0,0,0,0,0,0,0
2016,RL,112,0,0,0,0,0,0,0,0,0,0,0,0,0,0,0
2016,RL,113,0,0,0,0,0,0,0,0,0,0,0,0,0,0,0
2016,RL,114,0,0,0,0,0,0,0,0,0,0,0,0,0,0,0
2016,RL,115,0,0,0,0,0,0,0,0,0,0,0,0,0,0,0
2016,RL,116,0,0,0,0,0,0,0,0,0,0,0,0,0,0,0
2016,RL,117,0,0,0,0,0,0,0,0,0,0,0,0,0,0,0
2016,RL,118,0,0,0,0,0,0,0,0,0,0,0,0,0,0,0
2016,RL,119,0,0,0,0,0,0,0,0,0,0,0,0,0,0,0
2016,RL,120,0,0,0,0,0,0,0,0,0,0,0,0,0,0,0
2016,RL,121,0,0,0,0,0,0,0,0,0,0,0,0,0,0,0
2016,RL,122,0,0,0,0,0,0,0,0,0,0,0,0,0,0,0
2016,RL,123,0,0,0,0,0,0,0,0,0,0,0,0,0,0,0
2016,RL,124,0,0,0,0,0,0,0,0,0,0,0,0,0,0,0
2016,RL,125,0,0,0,0,0,0,0,0,0,0,0,0,0,0,0
2016,RL,126,0,0,0,0,0,0,0,0,0,0,0,0,0,0,0
2016,RL,127,0,0,0,0,0,0,0,0,0,0,0,0,0,0,0
2016,RL,128,0,0,0,0,0,0,0,0,0,0,0,0,0,0,0
2016,RL,129,0,0,0,0,0,0,0,0,0,0,0,0,0,0,0
2016,RL,130,0,0,0,0,0,0,0,0,0,0,0,0,0,0,0
2016,RL,131,0,0,0,0,0,0,0,0,0,0,0,0,0,0,0
2016,RL,132,0,0,0,0,0,0,0,0,0,0,0,0,0,0,0
2016,RL,133,0,0,0,0,0,0,0,0,0,0,0,0,0,0,0
2016,RL,134,0,0,0,0,0,0,0,0,0,0,0,0,0,0,0
2016,RL,135,0,0,0,0,0,0,0,0,0,0,0,0,0,0,0
2016,RL,136,0,0,0,0,0,0,0,0,0,0,0,0,0,0,0
2016,RL,137,0,0,0,0,0,0,0,0,0,0,0,0,0,0,0
2016,RL,138,0,0,0,0,0,0,0,0,0,0,0,0,0,0,0
2016,RL,139,0,0,0,0,0,0,0,0,0,0,0,0,0,0,0
2016,RL,140,0,0,0,0,0,0,0,0,0,0,0,0,0,0,0
2016,RL,141,0,0,0,0,0,0,0,0,0,0,0,0,0,0,0
2016,RL,142,0,0,0,0,0,0,0,0,0,0,0,0,0,0,0
2016,RL,143,0,0,0,0,0,0,0,0,0,0,0,0,0,0,0
2016,RL,144,0,0,0,0,0,0,0,0,0,0,0,0,0,0,0
2016,RL,145,0,0,0,0,0,0,0,0,0,0,0,0,0,0,0
2016,RL,146,0,0,0,0,0,0,0,0,0,0,0,0,0,0,0
2016,RL,147,0,0,0,0,0,0,0,0,0,0,0,0,0,0,0
2016,RL,148,0,0,0,0,0,0,0,0,0,0,0,0,0,0,0
2016,RL,149,0,0,0,0,0,0,0,0,0,0,0,0,0,0,0
2016,RL,150,0,0,0,0,0,0,0,0,0,0,0,0,0,0,0
2016,RL,151,0,0,0,0,0,0,0,0,0,0,0,0,0,0,0
2016,RL,152,0,0,0,0,0,0,0,0,0,0,0,0,0,0,0
2016,RL,153,0,0,0,0,0,0,0,0,0,0,0,0,0,0,0
2016,RL,154,0,0,0,0,0,0,0,0,0,0,0,0,0,0,0
2016,RL,155,0,0,0,0,0,0,0,0,0,0,0,0,0,0,0
2016,RL,156,0,0,0,0,0,0,0,0,0,0,0,0,0,0,0
2016,RL,157,0,0,0,0,0,0,0,0,0,0,0,0,0,0,0
2016,RL,158,0,0,0,0,0,0,0,0,0,0,0,0,0,0,0
2016,RL,159,0,0,0,0,0,0,0,0,0,0,0,0,0,0,0
2016,RL,160,0,0,0,0,0,0,0,0,0,0,0,0,0,0,0
2016,RL,161,0,0,0,0,0,0,0,0,0,0,0,0,0,0,0
2016,RL,162,0,0,0,0,0,0,0,0,0,0,0,0,0,0,0
2016,RL,163,0,0,0,0,0,0,0,0,0,0,0,0,0,0,0
2016,RL,164,0,0,0,0,0,0,0,0,0,0,0,0,0,0,0
2016,RL,165,0,0,0,0,0,0,0,0,0,0,0,0,0,0,0
2016,RL,166,0,0,0,0,0,0,0,0,0,0,0,0,0,0,0
2016,RL,167,0,0,0,0,0,0,0,0,0,0,0,0,0,0,0
2016,RL,168,0,0,0,0,0,0,0,0,0,0,0,0,0,0,0
2016,RL,169,0,0,0,0,0,0,0,0,0,0,0,0,0,0,0
2016,RL,170,0,0,0,0,0,0,0,0,0,0,0,0,0,0,0
2016,RL,171,0,0,0,0,0,0,0,0,0,0,0,0,0,0,0
2016,RL,172,0,0,0,0,0,0,0,0,0,0,0,0,0,0,0
2016,RL,173,0,0,0,0,0,0,1,0,0,0,0,0,0,1,0
2016,RL,174,0,0,0,0,0,0,1,0,0,0,0,0,0,1,0
2016,RL,175,0,0,0,0,0,0,1,0,0,0,0,0,0,1,0
2016,RL,176,0,0,0,0,0,0,1,0,0,0,0,0,0,1,0
2016,RL,177,0,0,0,0,0,0,1,0,0,0,0,0,0,1,0
2016,RL,178,1,0,0,0,0,0,1,0,0,0,0,0,0,2,0
2016,RL,179,1,0,0,0,0,0,1,0,0,0,0,0,0,2,0
2016,RL,180,1,0,0,0,0,0,1,0,0,0,0,0,0,2,0
2016,RL,181,1,0,0,0,0,1,1,0,0,0,0,0,0,3,0
2016,RL,182,1,0,0,0,0,1,1,0,0,0,0,0,0,3,0
2016,RL,183,1,0,0,0,0,1,1,0,0,0,0,0,0,3,0
2016,RL,184,1,0,0,0,0,1,1,0,0,0,0,0,0,3,0
2016,RL,185,1,0,0,0,0,1,1,0,0,0,0,0,0,3,0
2016,RL,186,1,0,0,0,0,1,1,0,0,0,0,0,0,3,0
2016,RL,187,1,0,0,0,0,1,1,0,0,0,0,0,0,3,0
2016,RL,188,1,0,0,0,0,1,1,0,0,0,0,0,0,3,0
2016,RL,189,1,0,0,0,0,1,1,0,0,0,0,0,0,3,0
2016,RL,190,1,0,0,0,0,1,1,0,0,0,0,0,0,3,0
2016,RL,191,1,0,0,0,0,1,1,0,0,0,0,0,0,3,0
2016,RL,192,1,0,0,0,0,1,1,0,0,0,0,0,0,3,0
2016,RL,193,1,0,0,0,1,1,1,0,0,0,0,0,0,4,0
2016,RL,194,1,0,0,0,1,1,1,0,0,0,0,0,0,4,0
2016,RL,195,1,0,0,0,1,1,1,0,0,0,0,0,0,4,0
2016,RL,196,1,0,0,0,1,1,1,0,0,0,0,0,1,5,0
2016,RL,197,1,0,0,0,1,1,1,0,0,0,0,0,1,5,0
2016,RL,198,1,0,0,0,1,1,1,0,0,0,0,0,1,5,0
2016,RL,199,1,0,0,0,1,1,1,0,0,0,0,0,1,5,0
2016,RL,200,1,0,0,0,1,1,1,0,0,0,0,0,1,5,0
2016,RL,201,1,0,0,0,1,1,0,0,0,1,0,0,1,5,0
2016,RL,202,1,0,0,0,1,1,0,1,0,1,1,0,1,7,1
2016,RL,203,1,1,0,0,1,1,0,1,0,1,1,1,1,9,1
2016,RL,204,1,1,0,0,1,1,0,1,0,1,1,1,1,9,1
2016,RL,205,1,1,0,0,1,1,0,1,0,1,1,1,1,9,1
2016,RL,206,1,1,0,0,1,1,0,1,0,1,1,1,1,9,1
2016,RL,207,1,1,0,0,1,1,0,1,0,1,1,1,1,9,1
2016,RL,208,1,1,0,0,1,1,0,1,1,1,1,1,1,10,1
2016,RL,209,1,1,0,0,1,1,0,1,1,1,1,1,1,10,1
2016,RL,210,1,1,0,1,1,1,0,1,1,1,1,1,1,11,1
2016,RL,211,1,1,0,1,1,1,0,1,1,1,1,1,1,11,1
2016,RL,212,1,1,0,1,1,1,0,1,1,1,1,1,1,11,1
2016,RL,213,1,1,0,1,1,1,0,1,1,1,1,1,1,11,1
2016,RL,214,0,1,0,1,1,1,0,1,1,1,1,1,1,10,1
2016,RL,215,0,1,0,1,1,0,0,1,1,1,1,1,1,9,1
2016,RL,216,0,1,1,1,1,0,0,1,1,1,1,1,1,10,1
2016,RL,217,0,1,1,1,1,0,0,1,1,1,1,1,1,10,1
2016,RL,218,0,1,1,1,1,0,0,1,1,1,1,1,1,10,1
2016,RL,219,0,1,1,1,1,0,0,1,1,1,1,1,1,10,1
2016,RL,220,0,1,1,1,1,0,0,1,1,1,1,1,1,10,1
2016,RL,221,0,1,1,1,1,0,0,1,1,1,1,1,1,10,1
2016,RL,222,0,1,1,1,1,0,0,1,1,1,1,1,1,10,1
2016,RL,223,0,1,1,1,1,0,0,1,1,1,1,1,1,10,1
2016,RL,224,0,1,1,1,1,0,0,1,1,1,1,1,1,10,1
2016,RL,225,0,1,1,1,1,0,0,1,1,1,1,1,1,10,1
2016,RL,226,0,1,1,1,1,0,0,1,1,1,1,1,1,10,1
2016,RL,227,0,1,1,1,1,0,0,1,1,1,1,1,1,10,1
2016,RL,228,0,1,1,1,1,0,0,1,1,1,1,1,1,10,1
2016,RL,229,0,1,1,1,1,0,0,1,1,1,1,1,1,10,1
2016,RL,230,0,1,1,1,1,0,0,1,1,1,1,1,1,10,1
2016,RL,231,0,1,1,1,1,0,0,1,1,1,0,1,1,9,1
2016,RL,232,0,1,1,1,1,0,0,1,1,1,0,1,1,9,1
2016,RL,233,0,1,1,1,1,0,0,1,1,1,0,1,1,9,1
2016,RL,234,0,1,1,1,1,0,0,1,1,1,0,1,1,9,1
2016,RL,235,0,1,1,1,1,0,0,1,1,1,0,1,1,9,1
2016,RL,236,0,1,1,1,1,0,0,1,1,1,0,1,1,9,1
2016,RL,237,0,1,1,1,1,0,0,1,1,1,0,1,1,9,1
2016,RL,238,0,1,1,1,1,0,0,1,1,1,0,1,1,9,1
2016,RL,239,0,1,1,1,1,0,0,1,1,1,0,1,1,9,1
2016,RL,240,0,1,1,1,1,0,0,1,1,1,0,1,0,8,1
2016,RL,241,0,1,1,1,1,0,0,1,1,1,0,1,0,8,1
2016,RL,242,0,1,1,1,1,0,0,1,1,1,0,1,0,8,1
2016,RL,243,0,1,1,1,0,0,0,1,1,1,0,1,0,7,1
2016,RL,244,0,1,1,1,0,0,0,1,1,1,0,1,0,7,1
2016,RL,245,0,1,1,1,0,0,0,0,0,1,0,1,0,5,0
2016,RL,246,0,1,1,1,0,0,0,0,0,0,0,1,0,4,0
2016,RL,247,0,1,1,1,0,0,0,0,0,0,0,0,0,3,0
2016,RL,248,0,1,1,1,0,0,0,0,0,0,0,0,0,3,0
2016,RL,249,0,1,1,1,0,0,0,0,0,0,0,0,0,3,0
2016,RL,250,0,1,1,1,0,0,0,0,0,0,0,0,0,3,0
2016,RL,251,0,1,1,1,0,0,0,0,0,0,0,0,0,3,0
2016,RL,252,0,1,1,1,0,0,0,0,0,0,0,0,0,3,0
2016,RL,253,0,1,1,1,0,0,0,0,0,0,0,0,0,3,0
2016,RL,254,0,1,1,1,0,0,0,0,0,0,0,0,0,3,0
2016,RL,255,0,1,1,1,0,0,0,0,0,0,0,0,0,3,0
2016,RL,256,0,1,1,1,0,0,0,0,0,0,0,0,0,3,0
2016,RL,257,0,1,1,1,0,0,0,0,0,0,0,0,0,3,0
2016,RL,258,0,1,1,1,0,0,0,0,0,0,0,0,0,3,0
2016,RL,259,0,1,1,1,0,0,0,0,0,0,0,0,0,3,0
2016,RL,260,0,0,1,1,0,0,0,0,0,0,0,0,0,2,0
2016,RL,261,0,0,1,1,0,0,0,0,0,0,0,0,0,2,0
2016,RL,262,0,0,1,1,0,0,0,0,0,0,0,0,0,2,0
2016,RL,263,0,0,1,1,0,0,0,0,0,0,0,0,0,2,0
2016,RL,264,0,0,1,1,0,0,0,0,0,0,0,0,0,2,0
2016,RL,265,0,0,1,1,0,0,0,0,0,0,0,0,0,2,0
2016,RL,266,0,0,1,1,0,0,0,0,0,0,0,0,0,2,0
2016,RL,267,0,0,1,1,0,0,0,0,0,0,0,0,0,2,0
2016,RL,268,0,0,1,1,0,0,0,0,0,0,0,0,0,2,0
2016,RL,269,0,0,0,1,0,0,0,0,0,0,0,0,0,1,0
2016,RL,270,0,0,0,0,0,0,0,0,0,0,0,0,0,0,0
2016,RL,271,0,0,0,0,0,0,0,0,0,0,0,0,0,0,0
2016,RL,272,0,0,0,0,0,0,0,0,0,0,0,0,0,0,0
2016,RL,273,0,0,0,0,0,0,0,0,0,0,0,0,0,0,0
2016,RL,274,0,0,0,0,0,0,0,0,0,0,0,0,0,0,0
2016,RL,275,0,0,0,0,0,0,0,0,0,0,0,0,0,0,0
2016,RL,276,0,0,0,0,0,0,0,0,0,0,0,0,0,0,0
2016,RL,277,0,0,0,0,0,0,0,0,0,0,0,0,0,0,0
2016,RL,278,0,0,0,0,0,0,0,0,0,0,0,0,0,0,0
2016,RL,279,0,0,0,0,0,0,0,0,0,0,0,0,0,0,0
2016,RL,280,0,0,0,0,0,0,0,0,0,0,0,0,0,0,0
2016,RL,281,0,0,0,0,0,0,0,0,0,0,0,0,0,0,0
2016,RL,282,0,0,0,0,0,0,0,0,0,0,0,0,0,0,0
2016,RL,283,0,0,0,0,0,0,0,0,0,0,0,0,0,0,0
2016,RL,284,0,0,0,0,0,0,0,0,0,0,0,0,0,0,0
2016,RL,285,0,0,0,0,0,0,0,0,0,0,0,0,0,0,0
2017,GB,105,0,0,0,0,0,0,0,0,0,0,0,0,0,0,0
2017,GB,106,0,0,0,0,0,0,0,0,0,0,0,0,0,0,0
2017,GB,107,0,0,0,0,0,0,0,0,0,0,0,0,0,0,0
2017,GB,108,0,0,0,0,0,0,0,0,0,0,0,0,0,0,0
2017,GB,109,0,0,0,0,0,0,0,0,0,0,0,0,0,0,0
2017,GB,110,0,0,0,0,0,0,0,0,0,0,0,0,0,0,0
2017,GB,111,0,0,0,0,0,0,0,0,0,0,0,0,0,0,0
2017,GB,112,0,0,0,0,0,0,0,0,0,0,0,0,0,0,0
2017,GB,113,0,0,0,0,0,0,0,0,0,0,0,0,0,0,0
2017,GB,114,0,0,0,0,0,0,0,0,0,0,0,0,0,0,0
2017,GB,115,0,0,0,0,0,0,0,0,0,0,0,0,0,0,0
2017,GB,116,0,0,0,0,0,0,0,0,0,0,0,0,0,0,0
2017,GB,117,0,0,0,0,0,0,0,0,0,0,0,0,0,0,0
2017,GB,118,0,0,0,0,0,0,0,0,0,0,0,0,0,0,0
2017,GB,119,0,0,0,0,0,0,0,0,0,0,0,0,0,0,0
2017,GB,120,0,0,0,0,0,0,0,0,0,0,0,0,0,0,0
2017,GB,121,0,0,0,0,0,0,0,0,0,0,0,0,0,0,0
2017,GB,122,0,0,0,0,0,0,0,0,0,0,0,0,0,0,0
2017,GB,123,0,0,0,0,0,0,0,0,0,0,0,0,0,0,0
2017,GB,124,0,0,0,0,0,0,0,0,0,0,0,0,0,0,0
2017,GB,125,0,0,0,0,0,0,0,0,0,0,0,0,0,0,0
2017,GB,126,0,0,0,0,0,0,0,0,0,0,0,0,0,0,0
2017,GB,127,0,0,0,0,0,0,0,0,0,0,0,0,0,0,0
2017,GB,128,0,0,0,0,0,0,0,0,0,0,0,0,0,0,0
2017,GB,129,0,0,0,0,0,0,0,0,0,0,0,0,0,0,0
2017,GB,130,0,0,0,0,0,0,0,0,0,0,0,0,0,0,0
2017,GB,131,0,0,0,0,0,0,0,0,0,0,0,0,0,0,0
2017,GB,132,0,0,0,0,0,0,0,0,0,0,0,0,0,0,0
2017,GB,133,0,0,0,0,0,0,0,0,0,0,0,0,0,0,0
2017,GB,134,0,0,0,0,0,0,0,0,0,0,0,0,0,0,0
2017,GB,135,0,0,0,0,0,0,0,0,0,0,0,0,0,0,0
2017,GB,136,0,0,0,0,0,0,0,0,0,0,0,0,0,0,0
2017,GB,137,0,0,0,0,0,0,0,0,0,0,0,0,0,0,0
2017,GB,138,0,0,0,0,0,0,0,0,0,0,0,0,0,0,0
2017,GB,139,0,0,0,0,0,0,0,0,0,0,0,0,0,0,0
2017,GB,140,0,0,0,0,0,0,0,0,0,0,0,0,0,0,0
2017,GB,141,0,0,0,0,0,0,0,0,0,0,0,0,0,0,0
2017,GB,142,0,0,0,0,0,0,0,0,0,0,0,0,0,0,0
2017,GB,143,0,0,0,0,0,0,0,0,0,0,0,0,0,0,0
2017,GB,144,0,0,0,0,0,0,0,0,0,0,0,0,0,0,0
2017,GB,145,0,0,0,0,0,0,0,0,0,0,0,0,0,0,0
2017,GB,146,0,0,0,0,0,0,0,0,0,0,0,0,0,0,0
2017,GB,147,0,0,0,0,0,0,0,0,0,0,0,0,0,0,0
2017,GB,148,0,0,0,0,0,0,0,0,0,0,0,0,0,0,0
2017,GB,149,0,0,0,0,0,0,0,0,0,0,0,0,0,0,0
2017,GB,150,0,0,0,0,0,0,0,0,0,0,0,0,0,0,0
2017,GB,151,0,0,0,0,0,0,0,0,0,0,0,0,0,0,0
2017,GB,152,0,0,0,0,0,0,0,0,0,0,0,0,0,0,0
2017,GB,153,0,0,0,0,0,0,0,0,0,0,0,0,0,0,0
2017,GB,154,0,0,0,0,0,0,0,0,0,0,0,0,0,0,0
2017,GB,155,0,0,0,0,0,0,0,0,0,0,0,0,0,0,0
2017,GB,156,0,0,0,0,0,0,0,0,0,0,0,0,0,0,0
2017,GB,157,0,0,0,0,0,0,0,0,0,0,0,0,0,0,0
2017,GB,158,0,0,0,0,0,0,0,0,0,0,0,0,0,0,0
2017,GB,159,0,0,0,0,0,0,0,0,0,0,0,0,0,0,0
2017,GB,160,0,0,0,0,0,0,0,0,0,0,0,0,0,0,0
2017,GB,161,0,0,0,0,0,0,0,0,0,0,0,0,0,0,0
2017,GB,162,0,0,0,0,0,0,0,0,0,0,0,0,0,0,0
2017,GB,163,0,0,0,0,0,0,0,0,0,0,0,0,0,0,0
2017,GB,164,0,0,0,0,0,0,0,0,0,0,0,0,0,0,0
2017,GB,165,0,0,0,0,0,0,0,0,0,0,0,0,0,0,0
2017,GB,166,0,0,0,0,0,0,0,0,0,0,0,0,0,0,0
2017,GB,167,0,0,0,0,0,0,0,0,0,0,0,0,0,0,0
2017,GB,168,0,0,0,0,0,0,0,0,0,0,0,0,0,0,0
2017,GB,169,0,0,0,0,0,0,0,0,0,0,0,0,0,0,0
2017,GB,170,0,0,0,0,0,0,1,0,0,0,0,0,0,1,0
2017,GB,171,0,0,0,0,0,0,1,0,0,0,0,0,0,1,0
2017,GB,172,0,0,0,0,0,0,1,0,0,0,0,0,0,1,0
2017,GB,173,1,0,0,0,0,0,1,0,0,0,0,0,0,2,0
2017,GB,174,1,0,0,0,0,0,1,0,0,0,0,0,0,2,0
2017,GB,175,1,0,0,0,0,0,1,0,0,0,0,0,0,2,0
2017,GB,176,1,0,0,0,0,1,1,0,0,0,0,0,0,3,0
2017,GB,177,1,0,0,0,0,1,1,0,0,0,0,0,0,3,0
2017,GB,178,1,0,0,0,0,1,1,0,0,0,0,0,0,3,0
2017,GB,179,1,0,0,0,0,1,1,0,0,0,0,0,0,3,0
2017,GB,180,1,0,0,0,0,1,1,0,0,0,0,0,0,3,0
2017,GB,181,1,0,0,0,0,1,1,0,0,0,0,0,0,3,0
2017,GB,182,1,0,0,0,0,1,1,0,0,0,0,0,0,3,0
2017,GB,183,1,0,0,0,0,1,1,0,0,0,0,0,0,3,0
2017,GB,184,1,0,0,0,0,1,1,0,0,0,0,0,0,3,0
2017,GB,185,1,0,0,0,0,1,1,0,0,0,0,0,0,3,0
2017,GB,186,1,0,0,0,0,1,1,0,0,0,0,0,0,3,0
2017,GB,187,1,0,0,0,1,1,1,0,0,0,0,0,0,4,0
2017,GB,188,1,0,0,0,1,1,1,0,0,0,0,0,0,4,0
2017,GB,189,1,0,0,0,1,1,1,0,0,0,0,0,0,4,0
2017,GB,190,1,0,0,0,1,1,1,0,0,0,0,0,0,4,0
2017,GB,191,1,0,0,0,1,1,1,0,0,0,0,0,1,5,0
2017,GB,192,1,0,0,0,1,1,1,0,0,0,0,0,1,5,0
2017,GB,193,1,0,0,0,1,1,1,0,0,0,0,0,1,5,0
2017,GB,194,1,0,0,0,1,1,1,0,0,0,0,0,1,5,0
2017,GB,195,1,0,0,0,1,1,1,0,0,0,0,0,1,5,0
2017,GB,196,1,0,0,0,1,1,1,1,0,0,0,0,1,6,0
2017,GB,197,1,0,0,0,1,1,1,1,0,1,0,0,1,7,1
2017,GB,198,1,0,0,0,1,1,0,1,0,1,1,1,1,8,1
2017,GB,199,1,0,0,0,1,1,0,1,0,1,1,1,1,8,1
2017,GB,200,1,1,0,0,1,1,0,1,0,1,1,1,1,9,1
2017,GB,201,1,1,0,0,1,1,0,1,0,1,1,1,1,9,1
2017,GB,202,1,1,0,0,1,1,0,1,1,1,1,1,1,10,1
2017,GB,203,1,1,0,0,1,1,0,1,1,1,1,1,1,10,1
2017,GB,204,1,1,0,0,1,1,0,1,1,1,1,1,1,10,1
2017,GB,205,1,1,0,1,1,1,0,1,1,1,1,1,1,11,1
2017,GB,206,1,1,0,1,1,1,0,1,1,1,1,1,1,11,1
2017,GB,207,1,1,0,1,1,1,0,1,1,1,1,1,1,11,1
2017,GB,208,1,1,0,1,1,1,0,1,1,1,1,1,1,11,1
2017,GB,209,0,1,0,1,1,1,0,1,1,1,1,1,1,10,1
2017,GB,210,0,1,0,1,1,0,0,1,1,1,1,1,1,9,1
2017,GB,211,0,1,0,1,1,0,0,1,1,1,1,1,1,9,1
2017,GB,212,0,1,1,1,1,0,0,1,1,1,1,1,1,10,1
2017,GB,213,0,1,1,1,1,0,0,1,1,1,1,1,1,10,1
2017,GB,214,0,1,1,1,1,0,0,1,1,1,1,1,1,10,1
2017,GB,215,0,1,1,1,1,0,0,1,1,1,1,1,1,10,1
2017,GB,216,0,1,1,1,1,0,0,1,1,1,1,1,1,10,1
2017,GB,217,0,1,1,1,1,0,0,1,1,1,1,1,1,10,1
2017,GB,218,0,1,1,1,1,0,0,1,1,1,1,1,1,10,1
2017,GB,219,0,1,1,1,1,0,0,1,1,1,1,1,1,10,1
2017,GB,220,0,1,1,1,1,0,0,1,1,1,1,1,1,10,1
2017,GB,221,0,1,1,1,1,0,0,1,1,1,1,1,1,10,1
2017,GB,222,0,1,1,1,1,0,0,1,1,1,1,1,1,10,1
2017,GB,223,0,1,1,1,1,0,0,1,1,1,1,1,1,10,1
2017,GB,224,0,1,1,1,1,0,0,1,1,1,1,1,1,10,1
2017,GB,225,0,1,1,1,1,0,0,1,1,1,1,1,1,10,1
2017,GB,226,0,1,1,1,1,0,0,1,1,1,1,1,1,10,1
2017,GB,227,0,1,1,1,1,0,0,1,1,1,0,1,1,9,1
2017,GB,228,0,1,1,1,1,0,0,1,1,1,0,1,1,9,1
2017,GB,229,0,1,1,1,1,0,0,1,1,1,0,1,1,9,1
2017,GB,230,0,1,1,1,1,0,0,1,1,1,0,1,1,9,1
2017,GB,231,0,1,1,1,1,0,0,1,1,1,0,1,1,9,1
2017,GB,232,0,1,1,1,1,0,0,1,1,1,0,1,1,9,1
2017,GB,233,0,1,1,1,1,0,0,1,1,1,0,1,1,9,1
2017,GB,234,0,1,1,1,1,0,0,1,1,1,0,1,1,9,1
2017,GB,235,0,1,1,1,1,0,0,1,1,1,0,1,1,9,1
2017,GB,236,0,1,1,1,1,0,0,1,1,1,0,1,0,8,1
2017,GB,237,0,1,1,1,1,0,0,1,1,1,0,1,0,8,1
2017,GB,238,0,1,1,1,0,0,0,1,1,1,0,1,0,7,1
2017,GB,239,0,1,1,1,0,0,0,0,1,1,0,1,0,6,0
2017,GB,240,0,1,1,1,0,0,0,0,0,1,0,1,0,5,0
2017,GB,241,0,1,1,1,0,0,0,0,0,1,0,1,0,5,0
2017,GB,242,0,1,1,1,0,0,0,0,0,0,0,0,0,3,0
2017,GB,243,0,1,1,1,0,0,0,0,0,0,0,0,0,3,0
2017,GB,244,0,1,1,1,0,0,0,0,0,0,0,0,0,3,0
2017,GB,245,0,1,1,1,0,0,0,0,0,0,0,0,0,3,0
2017,GB,246,0,1,1,1,0,0,0,0,0,0,0,0,0,3,0
2017,GB,247,0,1,1,1,0,0,0,0,0,0,0,0,0,3,0
2017,GB,248,0,1,1,1,0,0,0,0,0,0,0,0,0,3,0
2017,GB,249,0,1,1,1,0,0,0,0,0,0,0,0,0,3,0
2017,GB,250,0,1,1,1,0,0,0,0,0,0,0,0,0,3,0
2017,GB,251,0,1,1,1,0,0,0,0,0,0,0,0,0,3,0
2017,GB,252,0,1,1,1,0,0,0,0,0,0,0,0,0,3,0
2017,GB,253,0,1,1,1,0,0,0,0,0,0,0,0,0,3,0
2017,GB,254,0,1,1,1,0,0,0,0,0,0,0,0,0,3,0
2017,GB,255,0,1,1,1,0,0,0,0,0,0,0,0,0,3,0
2017,GB,256,0,1,1,1,0,0,0,0,0,0,0,0,0,3,0
2017,GB,257,0,1,1,1,0,0,0,0,0,0,0,0,0,3,0
2017,GB,258,0,0,1,1,0,0,0,0,0,0,0,0,0,2,0
2017,GB,259,0,0,1,1,0,0,0,0,0,0,0,0,0,2,0
2017,GB,260,0,0,1,1,0,0,0,0,0,0,0,0,0,2,0
2017,GB,261,0,0,1,1,0,0,0,0,0,0,0,0,0,2,0
2017,GB,262,0,0,1,1,0,0,0,0,0,0,0,0,0,2,0
2017,GB,263,0,0,1,1,0,0,0,0,0,0,0,0,0,2,0
2017,GB,264,0,0,1,1,0,0,0,0,0,0,0,0,0,2,0
2017,GB,265,0,0,1,1,0,0,0,0,0,0,0,0,0,2,0
2017,GB,266,0,0,0,0,0,0,0,0,0,0,0,0,0,0,0
2017,GB,267,0,0,0,0,0,0,0,0,0,0,0,0,0,0,0
2017,GB,268,0,0,0,0,0,0,0,0,0,0,0,0,0,0,0
2017,GB,269,0,0,0,0,0,0,0,0,0,0,0,0,0,0,0
2017,GB,270,0,0,0,0,0,0,0,0,0,0,0,0,0,0,0
2017,GB,271,0,0,0,0,0,0,0,0,0,0,0,0,0,0,0
2017,GB,272,0,0,0,0,0,0,0,0,0,0,0,0,0,0,0
2017,GB,273,0,0,0,0,0,0,0,0,0,0,0,0,0,0,0
2017,GB,274,0,0,0,0,0,0,0,0,0,0,0,0,0,0,0
2017,GB,275,0,0,0,0,0,0,0,0,0,0,0,0,0,0,0
2017,GB,276,0,0,0,0,0,0,0,0,0,0,0,0,0,0,0
2017,GB,277,0,0,0,0,0,0,0,0,0,0,0,0,0,0,0
2017,GB,278,0,0,0,0,0,0,0,0,0,0,0,0,0,0,0
2017,GB,279,0,0,0,0,0,0,0,0,0,0,0,0,0,0,0
2017,GB,280,0,0,0,0,0,0,0,0,0,0,0,0,0,0,0
2017,GB,281,0,0,0,0,0,0,0,0,0,0,0,0,0,0,0
2017,GB,282,0,0,0,0,0,0,0,0,0,0,0,0,0,0,0
2017,GB,283,0,0,0,0,0,0,0,0,0,0,0,0,0,0,0
2017,GB,284,0,0,0,0,0,0,0,0,0,0,0,0,0,0,0
2017,GB,285,0,0,0,0,0,0,0,0,0,0,0,0,0,0,0
2017,RL,105,0,0,0,0,0,0,0,0,0,0,0,0,0,0,0
2017,RL,106,0,0,0,0,0,0,0,0,0,0,0,0,0,0,0
2017,RL,107,0,0,0,0,0,0,0,0,0,0,0,0,0,0,0
2017,RL,108,0,0,0,0,0,0,0,0,0,0,0,0,0,0,0
2017,RL,109,0,0,0,0,0,0,0,0,0,0,0,0,0,0,0
2017,RL,110,0,0,0,0,0,0,0,0,0,0,0,0,0,0,0
2017,RL,111,0,0,0,0,0,0,0,0,0,0,0,0,0,0,0
2017,RL,112,0,0,0,0,0,0,0,0,0,0,0,0,0,0,0
2017,RL,113,0,0,0,0,0,0,0,0,0,0,0,0,0,0,0
2017,RL,114,0,0,0,0,0,0,0,0,0,0,0,0,0,0,0
2017,RL,115,0,0,0,0,0,0,0,0,0,0,0,0,0,0,0
2017,RL,116,0,0,0,0,0,0,0,0,0,0,0,0,0,0,0
2017,RL,117,0,0,0,0,0,0,0,0,0,0,0,0,0,0,0
2017,RL,118,0,0,0,0,0,0,0,0,0,0,0,0,0,0,0
2017,RL,119,0,0,0,0,0,0,0,0,0,0,0,0,0,0,0
2017,RL,120,0,0,0,0,0,0,0,0,0,0,0,0,0,0,0
2017,RL,121,0,0,0,0,0,0,0,0,0,0,0,0,0,0,0
2017,RL,122,0,0,0,0,0,0,0,0,0,0,0,0,0,0,0
2017,RL,123,0,0,0,0,0,0,0,0,0,0,0,0,0,0,0
2017,RL,124,0,0,0,0,0,0,0,0,0,0,0,0,0,0,0
2017,RL,125,0,0,0,0,0,0,0,0,0,0,0,0,0,0,0
2017,RL,126,0,0,0,0,0,0,0,0,0,0,0,0,0,0,0
2017,RL,127,0,0,0,0,0,0,0,0,0,0,0,0,0,0,0
2017,RL,128,0,0,0,0,0,0,0,0,0,0,0,0,0,0,0
2017,RL,129,0,0,0,0,0,0,0,0,0,0,0,0,0,0,0
2017,RL,130,0,0,0,0,0,0,0,0,0,0,0,0,0,0,0
2017,RL,131,0,0,0,0,0,0,0,0,0,0,0,0,0,0,0
2017,RL,132,0,0,0,0,0,0,0,0,0,0,0,0,0,0,0
2017,RL,133,0,0,0,0,0,0,0,0,0,0,0,0,0,0,0
2017,RL,134,0,0,0,0,0,0,0,0,0,0,0,0,0,0,0
2017,RL,135,0,0,0,0,0,0,0,0,0,0,0,0,0,0,0
2017,RL,136,0,0,0,0,0,0,0,0,0,0,0,0,0,0,0
2017,RL,137,0,0,0,0,0,0,0,0,0,0,0,0,0,0,0
2017,RL,138,0,0,0,0,0,0,0,0,0,0,0,0,0,0,0
2017,RL,139,0,0,0,0,0,0,0,0,0,0,0,0,0,0,0
2017,RL,140,0,0,0,0,0,0,0,0,0,0,0,0,0,0,0
2017,RL,141,0,0,0,0,0,0,0,0,0,0,0,0,0,0,0
2017,RL,142,0,0,0,0,0,0,0,0,0,0,0,0,0,0,0
2017,RL,143,0,0,0,0,0,0,0,0,0,0,0,0,0,0,0
2017,RL,144,0,0,0,0,0,0,0,0,0,0,0,0,0,0,0
2017,RL,145,0,0,0,0,0,0,0,0,0,0,0,0,0,0,0
2017,RL,146,0,0,0,0,0,0,0,0,0,0,0,0,0,0,0
2017,RL,147,0,0,0,0,0,0,0,0,0,0,0,0,0,0,0
2017,RL,148,0,0,0,0,0,0,0,0,0,0,0,0,0,0,0
2017,RL,149,0,0,0,0,0,0,0,0,0,0,0,0,0,0,0
2017,RL,150,0,0,0,0,0,0,0,0,0,0,0,0,0,0,0
2017,RL,151,0,0,0,0,0,0,0,0,0,0,0,0,0,0,0
2017,RL,152,0,0,0,0,0,0,0,0,0,0,0,0,0,0,0
2017,RL,153,0,0,0,0,0,0,0,0,0,0,0,0,0,0,0
2017,RL,154,0,0,0,0,0,0,0,0,0,0,0,0,0,0,0
2017,RL,155,0,0,0,0,0,0,0,0,0,0,0,0,0,0,0
2017,RL,156,0,0,0,0,0,0,0,0,0,0,0,0,0,0,0
2017,RL,157,0,0,0,0,0,0,0,0,0,0,0,0,0,0,0
2017,RL,158,0,0,0,0,0,0,0,0,0,0,0,0,0,0,0
2017,RL,159,0,0,0,0,0,0,0,0,0,0,0,0,0,0,0
2017,RL,160,0,0,0,0,0,0,0,0,0,0,0,0,0,0,0
2017,RL,161,0,0,0,0,0,0,0,0,0,0,0,0,0,0,0
2017,RL,162,0,0,0,0,0,0,0,0,0,0,0,0,0,0,0
2017,RL,163,0,0,0,0,0,0,0,0,0,0,0,0,0,0,0
2017,RL,164,0,0,0,0,0,0,0,0,0,0,0,0,0,0,0
2017,RL,165,0,0,0,0,0,0,0,0,0,0,0,0,0,0,0
2017,RL,166,0,0,0,0,0,0,0,0,0,0,0,0,0,0,0
2017,RL,167,0,0,0,0,0,0,0,0,0,0,0,0,0,0,0
2017,RL,168,0,0,0,0,0,0,0,0,0,0,0,0,0,0,0
2017,RL,169,0,0,0,0,0,0,0,0,0,0,0,0,0,0,0
2017,RL,170,0,0,0,0,0,0,0,0,0,0,0,0,0,0,0
2017,RL,171,0,0,0,0,0,0,0,0,0,0,0,0,0,0,0
2017,RL,172,0,0,0,0,0,0,0,0,0,0,0,0,0,0,0
2017,RL,173,0,0,0,0,0,0,0,0,0,0,0,0,0,0,0
2017,RL,174,0,0,0,0,0,0,0,0,0,0,0,0,0,0,0
2017,RL,175,0,0,0,0,0,0,0,0,0,0,0,0,0,0,0
2017,RL,176,0,0,0,0,0,0,0,0,0,0,0,0,0,0,0
2017,RL,177,0,0,0,0,0,0,0,0,0,0,0,0,0,0,0
2017,RL,178,0,0,0,0,0,0,0,0,0,0,0,0,0,0,0
2017,RL,179,0,0,0,0,0,0,1,0,0,0,0,0,0,1,0
2017,RL,180,0,0,0,0,0,0,1,0,0,0,0,0,0,1,0
2017,RL,181,0,0,0,0,0,0,1,0,0,0,0,0,0,1,0
2017,RL,182,0,0,0,0,0,0,1,0,0,0,0,0,0,1,0
2017,RL,183,0,0,0,0,0,0,1,0,0,0,0,0,0,1,0
2017,RL,184,0,0,0,0,0,0,1,0,0,0,0,0,0,1,0
2017,RL,185,0,0,0,0,0,0,1,0,0,0,0,0,0,1,0
2017,RL,186,0,0,0,0,0,0,1,0,0,0,0,0,0,1,0
2017,RL,187,0,0,0,0,0,0,1,0,0,0,0,0,0,1,0
2017,RL,188,0,0,0,0,0,0,1,0,0,0,0,0,0,1,0
2017,RL,189,0,0,0,0,0,0,1,0,0,0,0,0,0,1,0
2017,RL,190,0,0,0,0,0,0,1,0,0,0,0,0,0,1,0
2017,RL,191,1,0,0,0,0,0,1,0,0,0,0,0,0,2,0
2017,RL,192,1,0,0,0,0,0,1,0,0,0,0,0,0,2,0
2017,RL,193,1,0,0,0,0,1,1,0,0,0,0,0,0,3,0
2017,RL,194,1,0,0,0,0,1,1,0,0,0,0,0,0,3,0
2017,RL,195,1,0,0,0,0,1,1,0,0,0,0,0,0,3,0
2017,RL,196,1,0,0,0,0,1,1,0,0,0,0,0,0,3,0
2017,RL,197,1,0,0,0,0,1,1,0,0,0,0,0,0,3,0
2017,RL,198,1,0,0,0,0,1,1,0,0,0,0,0,0,3,0
2017,RL,199,1,0,0,0,0,1,1,0,0,0,0,0,0,3,0
2017,RL,200,1,0,0,0,0,1,1,0,0,0,0,0,0,3,0
2017,RL,201,1,0,0,0,0,1,1,0,0,0,0,0,0,3,0
2017,RL,202,1,0,0,0,0,1,1,0,0,0,0,0,0,3,0
2017,RL,203,1,0,0,0,0,1,0,0,0,0,0,0,0,2,0
2017,RL,204,1,0,0,0,0,1,0,0,0,0,0,0,0,2,0
2017,RL,205,1,0,0,0,0,1,0,0,0,0,0,0,0,2,0
2017,RL,206,1,0,0,0,0,1,0,0,0,0,0,0,1,3,0
2017,RL,207,1,0,0,0,1,1,0,0,0,0,0,0,1,4,0
2017,RL,208,1,0,0,0,1,1,0,0,0,0,0,0,1,4,0
2017,RL,209,1,1,0,0,1,1,0,0,0,1,0,0,1,6,0
2017,RL,210,1,1,0,0,1,1,0,0,0,1,0,0,1,6,0
2017,RL,211,1,1,0,0,1,1,0,0,0,1,1,0,1,7,1
2017,RL,212,1,1,0,0,1,1,0,0,0,1,1,0,1,7,1
2017,RL,213,1,1,0,0,1,1,0,0,0,1,1,0,1,7,1
2017,RL,214,1,1,0,0,1,1,0,0,0,1,1,0,1,7,1
2017,RL,215,1,1,0,0,1,1,0,0,0,1,1,0,1,7,1
2017,RL,216,1,1,0,0,1,1,0,0,0,1,1,1,1,8,1
2017,RL,217,1,1,0,0,1,1,0,1,0,1,1,1,1,9,1
2017,RL,218,0,1,0,0,1,0,0,1,0,1,1,1,1,7,1
2017,RL,219,0,1,0,0,1,0,0,1,0,1,1,1,1,7,1
2017,RL,220,0,1,0,0,1,0,0,1,1,1,1,1,1,8,1
2017,RL,221,0,1,0,1,1,0,0,1,1,1,1,1,1,9,1
2017,RL,222,0,1,0,1,1,0,0,1,1,1,1,1,1,9,1
2017,RL,223,0,1,1,1,1,0,0,1,1,1,1,1,1,10,1
2017,RL,224,0,1,1,1,1,0,0,1,1,1,1,1,1,10,1
2017,RL,225,0,1,1,1,1,0,0,1,1,1,1,1,1,10,1
2017,RL,226,0,1,1,1,1,0,0,1,1,1,1,1,1,10,1
2017,RL,227,0,1,1,1,1,0,0,1,1,1,1,1,1,10,1
2017,RL,228,0,1,1,1,1,0,0,1,1,1,1,1,1,10,1
2017,RL,229,0,1,1,1,1,0,0,1,1,1,1,1,1,10,1
2017,RL,230,0,1,1,1,1,0,0,1,1,1,1,1,1,10,1
2017,RL,231,0,1,1,1,1,0,0,1,1,1,1,1,1,10,1
2017,RL,232,0,1,1,1,1,0,0,1,1,1,1,1,1,10,1
2017,RL,233,0,1,1,1,1,0,0,1,1,1,1,1,1,10,1
2017,RL,234,0,1,1,1,1,0,0,1,1,1,0,1,1,9,1
2017,RL,235,0,1,1,1,1,0,0,1,1,1,0,1,1,9,1
2017,RL,236,0,1,1,1,1,0,0,1,1,1,0,1,1,9,1
2017,RL,237,0,1,1,1,1,0,0,1,1,1,0,1,1,9,1
2017,RL,238,0,1,1,1,1,0,0,1,1,1,0,1,1,9,1
2017,RL,239,0,1,1,1,1,0,0,1,1,1,0,1,1,9,1
2017,RL,240,0,1,1,1,1,0,0,1,1,1,0,1,1,9,1
2017,RL,241,0,1,1,1,1,0,0,1,1,1,0,1,1,9,1
2017,RL,242,0,1,1,1,1,0,0,1,1,1,0,1,1,9,1
2017,RL,243,0,1,1,1,1,0,0,1,1,1,0,1,0,8,1
2017,RL,244,0,1,1,1,1,0,0,1,1,1,0,1,0,8,1
2017,RL,245,0,1,1,1,1,0,0,1,1,1,0,1,0,8,1
2017,RL,246,0,1,1,1,1,0,0,1,1,1,0,1,0,8,1
2017,RL,247,0,1,1,1,1,0,0,1,1,1,0,1,0,8,1
2017,RL,248,0,1,1,1,0,0,0,1,1,0,0,1,0,6,0
2017,RL,249,0,1,1,1,0,0,0,1,0,0,0,1,0,5,0
2017,RL,250,0,1,1,1,0,0,0,0,0,0,0,1,0,4,0
2017,RL,251,0,1,1,1,0,0,0,0,0,0,0,0,0,3,0
2017,RL,252,0,1,1,1,0,0,0,0,0,0,0,0,0,3,0
2017,RL,253,0,1,1,1,0,0,0,0,0,0,0,0,0,3,0
2017,RL,254,0,1,1,1,0,0,0,0,0,0,0,0,0,3,0
2017,RL,255,0,1,1,1,0,0,0,0,0,0,0,0,0,3,0
2017,RL,256,0,1,1,1,0,0,0,0,0,0,0,0,0,3,0
2017,RL,257,0,1,1,1,0,0,0,0,0,0,0,0,0,3,0
2017,RL,258,0,1,1,1,0,0,0,0,0,0,0,0,0,3,0
2017,RL,259,0,1,1,1,0,0,0,0,0,0,0,0,0,3,0
2017,RL,260,0,1,1,1,0,0,0,0,0,0,0,0,0,3,0
2017,RL,261,0,1,1,1,0,0,0,0,0,0,0,0,0,3,0
2017,RL,262,0,0,1,1,0,0,0,0,0,0,0,0,0,2,0
2017,RL,263,0,0,1,1,0,0,0,0,0,0,0,0,0,2,0
2017,RL,264,0,0,1,1,0,0,0,0,0,0,0,0,0,2,0
2017,RL,265,0,0,1,1,0,0,0,0,0,0,0,0,0,2,0
2017,RL,266,0,0,1,1,0,0,0,0,0,0,0,0,0,2,0
2017,RL,267,0,0,1,1,0,0,0,0,0,0,0,0,0,2,0
2017,RL,268,0,0,1,1,0,0,0,0,0,0,0,0,0,2,0
2017,RL,269,0,0,1,1,0,0,0,0,0,0,0,0,0,2,0
2017,RL,270,0,0,1,1,0,0,0,0,0,0,0,0,0,2,0
2017,RL,271,0,0,0,1,0,0,0,0,0,0,0,0,0,1,0
2017,RL,272,0,0,0,1,0,0,0,0,0,0,0,0,0,1,0
2017,RL,273,0,0,0,0,0,0,0,0,0,0,0,0,0,0,0
2017,RL,274,0,0,0,0,0,0,0,0,0,0,0,0,0,0,0
2017,RL,275,0,0,0,0,0,0,0,0,0,0,0,0,0,0,0
2017,RL,276,0,0,0,0,0,0,0,0,0,0,0,0,0,0,0
2017,RL,277,0,0,0,0,0,0,0,0,0,0,0,0,0,0,0
2017,RL,278,0,0,0,0,0,0,0,0,0,0,0,0,0,0,0
2017,RL,279,0,0,0,0,0,0,0,0,0,0,0,0,0,0,0
2017,RL,280,0,0,0,0,0,0,0,0,0,0,0,0,0,0,0
2017,RL,281,0,0,0,0,0,0,0,0,0,0,0,0,0,0,0
2017,RL,282,0,0,0,0,0,0,0,0,0,0,0,0,0,0,0
2017,RL,283,0,0,0,0,0,0,0,0,0,0,0,0,0,0,0
2017,RL,284,0,0,0,0,0,0,0,0,0,0,0,0,0,0,0
2017,RL,285,0,0,0,0,0,0,0,0,0,0,0,0,0,0,0
2018,GB,105,0,0,0,0,0,0,0,0,0,0,0,0,0,0,0
2018,GB,106,0,0,0,0,0,0,0,0,0,0,0,0,0,0,0
2018,GB,107,0,0,0,0,0,0,0,0,0,0,0,0,0,0,0
2018,GB,108,0,0,0,0,0,0,0,0,0,0,0,0,0,0,0
2018,GB,109,0,0,0,0,0,0,0,0,0,0,0,0,0,0,0
2018,GB,110,0,0,0,0,0,0,0,0,0,0,0,0,0,0,0
2018,GB,111,0,0,0,0,0,0,0,0,0,0,0,0,0,0,0
2018,GB,112,0,0,0,0,0,0,0,0,0,0,0,0,0,0,0
2018,GB,113,0,0,0,0,0,0,0,0,0,0,0,0,0,0,0
2018,GB,114,0,0,0,0,0,0,0,0,0,0,0,0,0,0,0
2018,GB,115,0,0,0,0,0,0,0,0,0,0,0,0,0,0,0
2018,GB,116,0,0,0,0,0,0,0,0,0,0,0,0,0,0,0
2018,GB,117,0,0,0,0,0,0,0,0,0,0,0,0,0,0,0
2018,GB,118,0,0,0,0,0,0,0,0,0,0,0,0,0,0,0
2018,GB,119,0,0,0,0,0,0,0,0,0,0,0,0,0,0,0
2018,GB,120,0,0,0,0,0,0,0,0,0,0,0,0,0,0,0
2018,GB,121,0,0,0,0,0,0,0,0,0,0,0,0,0,0,0
2018,GB,122,0,0,0,0,0,0,0,0,0,0,0,0,0,0,0
2018,GB,123,0,0,0,0,0,0,0,0,0,0,0,0,0,0,0
2018,GB,124,0,0,0,0,0,0,0,0,0,0,0,0,0,0,0
2018,GB,125,0,0,0,0,0,0,0,0,0,0,0,0,0,0,0
2018,GB,126,0,0,0,0,0,0,0,0,0,0,0,0,0,0,0
2018,GB,127,0,0,0,0,0,0,0,0,0,0,0,0,0,0,0
2018,GB,128,0,0,0,0,0,0,0,0,0,0,0,0,0,0,0
2018,GB,129,0,0,0,0,0,0,0,0,0,0,0,0,0,0,0
2018,GB,130,0,0,0,0,0,0,0,0,0,0,0,0,0,0,0
2018,GB,131,0,0,0,0,0,0,0,0,0,0,0,0,0,0,0
2018,GB,132,0,0,0,0,0,0,0,0,0,0,0,0,0,0,0
2018,GB,133,0,0,0,0,0,0,0,0,0,0,0,0,0,0,0
2018,GB,134,0,0,0,0,0,0,0,0,0,0,0,0,0,0,0
2018,GB,135,0,0,0,0,0,0,0,0,0,0,0,0,0,0,0
2018,GB,136,0,0,0,0,0,0,0,0,0,0,0,0,0,0,0
2018,GB,137,0,0,0,0,0,0,0,0,0,0,0,0,0,0,0
2018,GB,138,0,0,0,0,0,0,0,0,0,0,0,0,0,0,0
2018,GB,139,0,0,0,0,0,0,0,0,0,0,0,0,0,0,0
2018,GB,140,0,0,0,0,0,0,0,0,0,0,0,0,0,0,0
2018,GB,141,0,0,0,0,0,0,0,0,0,0,0,0,0,0,0
2018,GB,142,0,0,0,0,0,0,0,0,0,0,0,0,0,0,0
2018,GB,143,0,0,0,0,0,0,0,0,0,0,0,0,0,0,0
2018,GB,144,0,0,0,0,0,0,0,0,0,0,0,0,0,0,0
2018,GB,145,0,0,0,0,0,0,0,0,0,0,0,0,0,0,0
2018,GB,146,0,0,0,0,0,0,0,0,0,0,0,0,0,0,0
2018,GB,147,0,0,0,0,0,0,0,0,0,0,0,0,0,0,0
2018,GB,148,0,0,0,0,0,0,0,0,0,0,0,0,0,0,0
2018,GB,149,0,0,0,0,0,0,0,0,0,0,0,0,0,0,0
2018,GB,150,0,0,0,0,0,0,0,0,0,0,0,0,0,0,0
2018,GB,151,0,0,0,0,0,0,0,0,0,0,0,0,0,0,0
2018,GB,152,1,0,0,0,0,0,0,0,0,0,0,0,0,1,0
2018,GB,153,1,0,0,0,0,0,0,0,0,0,0,0,0,1,0
2018,GB,154,1,0,0,0,0,0,0,0,0,0,0,0,0,1,0
2018,GB,155,1,0,0,0,0,0,0,0,0,0,0,0,0,1,0
2018,GB,156,1,0,0,0,0,0,0,0,0,0,0,0,0,1,0
2018,GB,157,1,0,0,0,0,0,0,0,0,0,0,0,0,1,0
2018,GB,158,1,0,0,0,0,1,0,0,0,0,0,0,0,2,0
2018,GB,159,1,0,0,0,0,1,1,0,0,0,0,0,0,3,0
2018,GB,160,1,0,0,0,0,1,1,0,0,0,0,0,0,3,0
2018,GB,161,1,0,0,0,0,1,1,0,0,0,0,0,0,3,0
2018,GB,162,1,0,0,0,0,1,1,0,0,0,0,0,0,3,0
2018,GB,163,1,0,0,0,0,1,1,0,0,0,0,0,0,3,0
2018,GB,164,1,0,0,0,1,1,1,0,0,0,0,0,0,4,0
2018,GB,165,1,0,0,0,1,1,1,0,0,0,0,0,0,4,0
2018,GB,166,1,0,0,0,1,1,1,0,0,0,0,0,0,4,0
2018,GB,167,1,0,0,0,1,1,1,0,0,0,0,0,0,4,0
2018,GB,168,1,0,0,0,1,1,1,0,0,0,0,0,0,4,0
2018,GB,169,1,0,0,0,1,1,1,0,0,0,0,0,0,4,0
2018,GB,170,1,0,0,0,1,1,1,0,0,0,0,0,0,4,0
2018,GB,171,1,0,0,0,1,1,1,1,0,0,0,0,0,5,0
2018,GB,172,1,0,0,0,1,1,1,1,0,0,0,0,0,5,0
2018,GB,173,1,0,0,0,1,1,1,1,0,0,0,0,0,5,0
2018,GB,174,1,0,0,0,1,1,1,1,0,0,0,0,1,6,0
2018,GB,175,1,0,0,0,1,1,1,1,0,0,0,0,1,6,0
2018,GB,176,1,0,0,0,1,1,1,1,0,0,0,0,1,6,0
2018,GB,177,1,0,0,0,1,1,1,1,0,0,0,0,1,6,0
2018,GB,178,1,0,0,0,1,1,1,1,0,0,0,1,1,7,1
2018,GB,179,1,0,0,0,1,1,1,1,0,0,0,1,1,7,1
2018,GB,180,1,0,0,0,1,1,1,1,0,0,0,1,1,7,1
2018,GB,181,1,0,0,0,1,1,1,1,0,0,0,1,1,7,1
2018,GB,182,1,0,0,0,1,1,1,1,1,0,1,1,1,9,1
2018,GB,183,1,0,0,0,1,1,1,1,1,1,1,1,1,10,1
2018,GB,184,1,0,0,0,1,1,1,1,1,1,1,1,1,10,1
2018,GB,185,1,0,0,0,1,1,1,1,1,1,1,1,1,10,1
2018,GB,186,1,0,0,0,1,1,1,1,1,1,1,1,1,10,1
2018,GB,187,1,0,0,1,1,1,1,1,1,1,1,1,1,11,1
2018,GB,188,1,0,0,1,1,1,1,1,1,1,1,1,1,11,1
2018,GB,189,1,0,0,1,1,1,1,1,1,1,1,1,1,11,1
2018,GB,190,1,1,0,1,1,1,1,1,1,1,1,1,1,12,1
2018,GB,191,1,1,0,1,1,1,1,1,1,1,1,1,1,12,1
2018,GB,192,1,1,0,1,1,1,0,1,1,1,1,1,1,11,1
2018,GB,193,1,1,0,1,1,1,0,1,1,1,1,1,1,11,1
2018,GB,194,1,1,0,1,1,1,0,1,1,1,1,1,1,11,1
2018,GB,195,1,1,0,1,1,1,0,1,1,1,1,1,1,11,1
2018,GB,196,1,1,0,1,1,1,0,1,1,1,1,1,1,11,1
2018,GB,197,0,1,0,1,1,1,0,1,1,1,1,1,1,10,1
2018,GB,198,0,1,0,1,1,1,0,1,1,1,1,1,1,10,1
2018,GB,199,0,1,1,1,1,0,0,1,1,1,1,1,1,10,1
2018,GB,200,0,1,1,1,1,0,0,1,1,1,1,1,1,10,1
2018,GB,201,0,1,1,1,1,0,0,1,1,1,1,1,1,10,1
2018,GB,202,0,1,1,1,1,0,0,1,1,1,1,1,1,10,1
2018,GB,203,0,1,1,1,1,0,0,1,1,1,1,1,1,10,1
2018,GB,204,0,1,1,1,1,0,0,1,1,1,1,1,1,10,1
2018,GB,205,0,1,1,1,1,0,0,1,1,1,1,1,1,10,1
2018,GB,206,0,1,1,1,1,0,0,1,1,1,1,1,1,10,1
2018,GB,207,0,1,1,1,1,0,0,1,1,1,1,1,1,10,1
2018,GB,208,0,1,1,1,1,0,0,1,1,1,1,1,1,10,1
2018,GB,209,0,1,1,1,1,0,0,1,1,1,1,1,1,10,1
2018,GB,210,0,1,1,1,1,0,0,1,1,1,1,1,1,10,1
2018,GB,211,0,1,1,1,1,0,0,1,1,1,1,1,1,10,1
2018,GB,212,0,1,1,1,1,0,0,1,1,1,1,1,1,10,1
2018,GB,213,0,1,1,1,1,0,0,1,1,1,1,1,1,10,1
2018,GB,214,0,1,1,1,1,0,0,1,1,1,1,1,1,10,1
2018,GB,215,0,1,1,1,1,0,0,1,1,1,1,1,1,10,1
2018,GB,216,0,1,1,1,1,0,0,1,1,1,1,1,1,10,1
2018,GB,217,0,1,1,1,1,0,0,1,1,1,1,1,1,10,1
2018,GB,218,0,1,1,1,1,0,0,1,1,1,0,1,1,9,1
2018,GB,219,0,1,1,1,1,0,0,1,1,1,0,1,1,9,1
2018,GB,220,0,1,1,1,1,0,0,1,1,1,0,1,1,9,1
2018,GB,221,0,1,1,1,1,0,0,1,1,1,0,1,1,9,1
2018,GB,222,0,1,1,1,1,0,0,1,1,1,0,1,1,9,1
2018,GB,223,0,1,1,1,1,0,0,1,1,1,0,1,1,9,1
2018,GB,224,0,1,1,1,0,0,0,1,1,1,0,1,1,8,1
2018,GB,225,0,1,1,1,0,0,0,0,1,1,0,1,1,7,1
2018,GB,226,0,1,1,1,0,0,0,0,1,1,0,1,0,6,0
2018,GB,227,0,1,1,1,0,0,0,0,1,1,0,1,0,6,0
2018,GB,228,0,1,1,1,0,0,0,0,0,1,0,1,0,5,0
2018,GB,229,0,1,1,1,0,0,0,0,0,1,0,1,0,5,0
2018,GB,230,0,1,1,1,0,0,0,0,0,1,0,0,0,4,0
2018,GB,231,0,1,1,1,0,0,0,0,0,1,0,0,0,4,0
2018,GB,232,0,1,1,1,0,0,0,0,0,1,0,0,0,4,0
2018,GB,233,0,1,1,1,0,0,0,0,0,1,0,0,0,4,0
2018,GB,234,0,1,1,1,0,0,0,0,0,0,0,0,0,3,0
2018,GB,235,0,1,1,1,0,0,0,0,0,0,0,0,0,3,0
2018,GB,236,0,1,1,1,0,0,0,0,0,0,0,0,0,3,0
2018,GB,237,0,1,1,1,0,0,0,0,0,0,0,0,0,3,0
2018,GB,238,0,1,1,1,0,0,0,0,0,0,0,0,0,3,0
2018,GB,239,0,1,1,1,0,0,0,0,0,0,0,0,0,3,0
2018,GB,240,0,1,1,1,0,0,0,0,0,0,0,0,0,3,0
2018,GB,241,0,1,1,1,0,0,0,0,0,0,0,0,0,3,0
2018,GB,242,0,1,1,1,0,0,0,0,0,0,0,0,0,3,0
2018,GB,243,0,1,1,1,0,0,0,0,0,0,0,0,0,3,0
2018,GB,244,0,1,1,1,0,0,0,0,0,0,0,0,0,3,0
2018,GB,245,0,1,1,1,0,0,0,0,0,0,0,0,0,3,0
2018,GB,246,0,1,1,1,0,0,0,0,0,0,0,0,0,3,0
2018,GB,247,0,1,1,1,0,0,0,0,0,0,0,0,0,3,0
2018,GB,248,0,1,1,1,0,0,0,0,0,0,0,0,0,3,0
2018,GB,249,0,1,1,1,0,0,0,0,0,0,0,0,0,3,0
2018,GB,250,0,1,1,1,0,0,0,0,0,0,0,0,0,3,0
2018,GB,251,0,0,1,1,0,0,0,0,0,0,0,0,0,2,0
2018,GB,252,0,0,1,1,0,0,0,0,0,0,0,0,0,2,0
2018,GB,253,0,0,1,1,0,0,0,0,0,0,0,0,0,2,0
2018,GB,254,0,0,1,1,0,0,0,0,0,0,0,0,0,2,0
2018,GB,255,0,0,1,0,0,0,0,0,0,0,0,0,0,1,0
2018,GB,256,0,0,1,0,0,0,0,0,0,0,0,0,0,1,0
2018,GB,257,0,0,1,0,0,0,0,0,0,0,0,0,0,1,0
2018,GB,258,0,0,0,0,0,0,0,0,0,0,0,0,0,0,0
2018,GB,259,0,0,0,0,0,0,0,0,0,0,0,0,0,0,0
2018,GB,260,0,0,0,0,0,0,0,0,0,0,0,0,0,0,0
2018,GB,261,0,0,0,0,0,0,0,0,0,0,0,0,0,0,0
2018,GB,262,0,0,0,0,0,0,0,0,0,0,0,0,0,0,0
2018,GB,263,0,0,0,0,0,0,0,0,0,0,0,0,0,0,0
2018,GB,264,0,0,0,0,0,0,0,0,0,0,0,0,0,0,0
2018,GB,265,0,0,0,0,0,0,0,0,0,0,0,0,0,0,0
2018,GB,266,0,0,0,0,0,0,0,0,0,0,0,0,0,0,0
2018,GB,267,0,0,0,0,0,0,0,0,0,0,0,0,0,0,0
2018,GB,268,0,0,0,0,0,0,0,0,0,0,0,0,0,0,0
2018,GB,269,0,0,0,0,0,0,0,0,0,0,0,0,0,0,0
2018,GB,270,0,0,0,0,0,0,0,0,0,0,0,0,0,0,0
2018,GB,271,0,0,0,0,0,0,0,0,0,0,0,0,0,0,0
2018,GB,272,0,0,0,0,0,0,0,0,0,0,0,0,0,0,0
2018,GB,273,0,0,0,0,0,0,0,0,0,0,0,0,0,0,0
2018,GB,274,0,0,0,0,0,0,0,0,0,0,0,0,0,0,0
2018,GB,275,0,0,0,0,0,0,0,0,0,0,0,0,0,0,0
2018,GB,276,0,0,0,0,0,0,0,0,0,0,0,0,0,0,0
2018,GB,277,0,0,0,0,0,0,0,0,0,0,0,0,0,0,0
2018,GB,278,0,0,0,0,0,0,0,0,0,0,0,0,0,0,0
2018,GB,279,0,0,0,0,0,0,0,0,0,0,0,0,0,0,0
2018,GB,280,0,0,0,0,0,0,0,0,0,0,0,0,0,0,0
2018,GB,281,0,0,0,0,0,0,0,0,0,0,0,0,0,0,0
2018,GB,282,0,0,0,0,0,0,0,0,0,0,0,0,0,0,0
2018,GB,283,0,0,0,0,0,0,0,0,0,0,0,0,0,0,0
2018,GB,284,0,0,0,0,0,0,0,0,0,0,0,0,0,0,0
2018,GB,285,0,0,0,0,0,0,0,0,0,0,0,0,0,0,0
2018,RL,105,0,0,0,0,0,0,0,0,0,0,0,0,0,0,0
2018,RL,106,0,0,0,0,0,0,0,0,0,0,0,0,0,0,0
2018,RL,107,0,0,0,0,0,0,0,0,0,0,0,0,0,0,0
2018,RL,108,0,0,0,0,0,0,0,0,0,0,0,0,0,0,0
2018,RL,109,0,0,0,0,0,0,0,0,0,0,0,0,0,0,0
2018,RL,110,0,0,0,0,0,0,0,0,0,0,0,0,0,0,0
2018,RL,111,0,0,0,0,0,0,0,0,0,0,0,0,0,0,0
2018,RL,112,0,0,0,0,0,0,0,0,0,0,0,0,0,0,0
2018,RL,113,0,0,0,0,0,0,0,0,0,0,0,0,0,0,0
2018,RL,114,0,0,0,0,0,0,0,0,0,0,0,0,0,0,0
2018,RL,115,0,0,0,0,0,0,0,0,0,0,0,0,0,0,0
2018,RL,116,0,0,0,0,0,0,0,0,0,0,0,0,0,0,0
2018,RL,117,0,0,0,0,0,0,0,0,0,0,0,0,0,0,0
2018,RL,118,0,0,0,0,0,0,0,0,0,0,0,0,0,0,0
2018,RL,119,0,0,0,0,0,0,0,0,0,0,0,0,0,0,0
2018,RL,120,0,0,0,0,0,0,0,0,0,0,0,0,0,0,0
2018,RL,121,0,0,0,0,0,0,0,0,0,0,0,0,0,0,0
2018,RL,122,0,0,0,0,0,0,0,0,0,0,0,0,0,0,0
2018,RL,123,0,0,0,0,0,0,0,0,0,0,0,0,0,0,0
2018,RL,124,0,0,0,0,0,0,0,0,0,0,0,0,0,0,0
2018,RL,125,0,0,0,0,0,0,0,0,0,0,0,0,0,0,0
2018,RL,126,0,0,0,0,0,0,0,0,0,0,0,0,0,0,0
2018,RL,127,0,0,0,0,0,0,0,0,0,0,0,0,0,0,0
2018,RL,128,0,0,0,0,0,0,0,0,0,0,0,0,0,0,0
2018,RL,129,0,0,0,0,0,0,0,0,0,0,0,0,0,0,0
2018,RL,130,0,0,0,0,0,0,0,0,0,0,0,0,0,0,0
2018,RL,131,0,0,0,0,0,0,0,0,0,0,0,0,0,0,0
2018,RL,132,0,0,0,0,0,0,0,0,0,0,0,0,0,0,0
2018,RL,133,0,0,0,0,0,0,0,0,0,0,0,0,0,0,0
2018,RL,134,0,0,0,0,0,0,0,0,0,0,0,0,0,0,0
2018,RL,135,0,0,0,0,0,0,0,0,0,0,0,0,0,0,0
2018,RL,136,0,0,0,0,0,0,0,0,0,0,0,0,0,0,0
2018,RL,137,0,0,0,0,0,0,0,0,0,0,0,0,0,0,0
2018,RL,138,0,0,0,0,0,0,0,0,0,0,0,0,0,0,0
2018,RL,139,0,0,0,0,0,0,0,0,0,0,0,0,0,0,0
2018,RL,140,0,0,0,0,0,0,0,0,0,0,0,0,0,0,0
2018,RL,141,0,0,0,0,0,0,0,0,0,0,0,0,0,0,0
2018,RL,142,0,0,0,0,0,0,0,0,0,0,0,0,0,0,0
2018,RL,143,0,0,0,0,0,0,0,0,0,0,0,0,0,0,0
2018,RL,144,0,0,0,0,0,0,0,0,0,0,0,0,0,0,0
2018,RL,145,0,0,0,0,0,0,0,0,0,0,0,0,0,0,0
2018,RL,146,0,0,0,0,0,0,0,0,0,0,0,0,0,0,0
2018,RL,147,0,0,0,0,0,0,0,0,0,0,0,0,0,0,0
2018,RL,148,0,0,0,0,0,0,0,0,0,0,0,0,0,0,0
2018,RL,149,0,0,0,0,0,0,0,0,0,0,0,0,0,0,0
2018,RL,150,0,0,0,0,0,0,0,0,0,0,0,0,0,0,0
2018,RL,151,0,0,0,0,0,0,0,0,0,0,0,0,0,0,0
2018,RL,152,0,0,0,0,0,0,0,0,0,0,0,0,0,0,0
2018,RL,153,0,0,0,0,0,0,0,0,0,0,0,0,0,0,0
2018,RL,154,0,0,0,0,0,0,0,0,0,0,0,0,0,0,0
2018,RL,155,0,0,0,0,0,0,0,0,0,0,0,0,0,0,0
2018,RL,156,0,0,0,0,0,0,0,0,0,0,0,0,0,0,0
2018,RL,157,0,0,0,0,0,0,0,0,0,0,0,0,0,0,0
2018,RL,158,0,0,0,0,0,0,0,0,0,0,0,0,0,0,0
2018,RL,159,0,0,0,0,0,0,0,0,0,0,0,0,0,0,0
2018,RL,160,0,0,0,0,0,0,0,0,0,0,0,0,0,0,0
2018,RL,161,0,0,0,0,0,0,0,0,0,0,0,0,0,0,0
2018,RL,162,0,0,0,0,0,0,0,0,0,0,0,0,0,0,0
2018,RL,163,0,0,0,0,0,0,0,0,0,0,0,0,0,0,0
2018,RL,164,0,0,0,0,0,0,0,0,0,0,0,0,0,0,0
2018,RL,165,0,0,0,0,0,0,0,0,0,0,0,0,0,0,0
2018,RL,166,0,0,0,0,0,0,0,0,0,0,0,0,0,0,0
2018,RL,167,0,0,0,0,0,0,0,0,0,0,0,0,0,0,0
2018,RL,168,0,0,0,0,0,0,0,0,0,0,0,0,0,0,0
2018,RL,169,0,0,0,0,0,0,0,0,0,0,0,0,0,0,0
2018,RL,170,0,0,0,0,0,0,0,0,0,0,0,0,0,0,0
2018,RL,171,0,0,0,0,0,0,0,0,0,0,0,0,0,0,0
2018,RL,172,0,0,0,0,0,0,0,0,0,0,0,0,0,0,0
2018,RL,173,0,0,0,0,0,0,0,0,0,0,0,0,0,0,0
2018,RL,174,0,0,0,0,0,0,0,0,0,0,0,0,0,0,0
2018,RL,175,0,0,0,0,0,0,0,0,0,0,0,0,0,0,0
2018,RL,176,0,0,0,0,0,0,1,0,0,0,0,0,0,1,0
2018,RL,177,0,0,0,0,0,0,1,0,0,0,0,0,0,1,0
2018,RL,178,0,0,0,0,0,0,1,0,0,0,0,0,0,1,0
2018,RL,179,0,0,0,0,0,0,1,0,0,0,0,0,0,1,0
2018,RL,180,0,0,0,0,0,0,1,0,0,0,0,0,0,1,0
2018,RL,181,0,0,0,0,0,0,1,0,0,0,0,0,0,1,0
2018,RL,182,0,0,0,0,0,0,1,0,0,0,0,0,0,1,0
2018,RL,183,0,0,0,0,0,0,1,0,0,0,0,0,0,1,0
2018,RL,184,1,0,0,0,0,0,1,0,0,0,0,0,0,2,0
2018,RL,185,1,0,0,0,0,0,1,0,0,0,0,0,0,2,0
2018,RL,186,1,0,0,0,0,1,1,0,0,0,0,0,0,3,0
2018,RL,187,1,0,0,0,0,1,1,0,0,0,0,0,0,3,0
2018,RL,188,1,0,0,0,0,1,1,0,0,0,0,0,0,3,0
2018,RL,189,1,0,0,0,0,1,1,0,0,0,0,0,0,3,0
2018,RL,190,1,0,0,0,0,1,1,0,0,0,0,0,0,3,0
2018,RL,191,1,0,0,0,0,1,1,0,0,0,0,0,0,3,0
2018,RL,192,1,0,0,0,0,1,1,0,0,0,0,0,0,3,0
2018,RL,193,1,0,0,0,0,1,1,0,0,0,0,0,0,3,0
2018,RL,194,1,0,0,0,0,1,1,0,0,0,0,0,0,3,0
2018,RL,195,1,0,0,0,0,1,1,0,0,0,0,0,0,3,0
2018,RL,196,1,0,0,0,0,1,1,0,0,0,0,0,0,3,0
2018,RL,197,1,0,0,0,0,1,1,0,0,0,0,0,0,3,0
2018,RL,198,1,0,0,0,0,1,1,0,0,0,0,0,0,3,0
2018,RL,199,1,0,0,0,1,1,0,0,0,0,0,0,0,3,0
2018,RL,200,1,0,0,0,1,1,0,0,0,0,0,0,1,4,0
2018,RL,201,1,0,0,0,1,1,0,0,0,0,0,0,1,4,0
2018,RL,202,1,0,0,0,1,1,0,0,0,0,0,0,1,4,0
2018,RL,203,1,0,0,0,1,1,0,0,0,0,0,0,1,4,0
2018,RL,204,1,0,0,0,1,1,0,0,0,1,0,0,1,5,0
2018,RL,205,1,0,0,0,1,1,0,0,0,1,0,0,1,5,0
2018,RL,206,1,1,0,0,1,1,0,0,0,1,1,0,1,7,1
2018,RL,207,1,1,0,0,1,1,0,0,0,1,1,0,1,7,1
2018,RL,208,1,1,0,0,1,1,0,0,0,1,1,0,1,7,1
2018,RL,209,1,1,0,0,1,1,0,1,0,1,1,1,1,9,1
2018,RL,210,1,1,0,0,1,1,0,1,0,1,1,1,1,9,1
2018,RL,211,1,1,0,0,1,1,0,1,0,1,1,1,1,9,1
2018,RL,212,0,1,0,0,1,0,0,1,0,1,1,1,1,7,1
2018,RL,213,0,1,0,0,1,0,0,1,1,1,1,1,1,8,1
2018,RL,214,0,1,0,1,1,0,0,1,1,1,1,1,1,9,1
2018,RL,215,0,1,0,1,1,0,0,1,1,1,1,1,1,9,1
2018,RL,216,0,1,0,1,1,0,0,1,1,1,1,1,1,9,1
2018,RL,217,0,1,0,1,1,0,0,1,1,1,1,1,1,9,1
2018,RL,218,0,1,0,1,1,0,0,1,1,1,1,1,1,9,1
2018,RL,219,0,1,1,1,1,0,0,1,1,1,1,1,1,10,1
2018,RL,220,0,1,1,1,1,0,0,1,1,1,1,1,1,10,1
2018,RL,221,0,1,1,1,1,0,0,1,1,1,1,1,1,10,1
2018,RL,222,0,1,1,1,1,0,0,1,1,1,1,1,1,10,1
2018,RL,223,0,1,1,1,1,0,0,1,1,1,1,1,1,10,1
2018,RL,224,0,1,1,1,1,0,0,1,1,1,1,1,1,10,1
2018,RL,225,0,1,1,1,1,0,0,1,1,1,1,1,1,10,1
2018,RL,226,0,1,1,1,1,0,0,1,1,1,1,1,1,10,1
2018,RL,227,0,1,1,1,1,0,0,1,1,1,1,1,1,10,1
2018,RL,228,0,1,1,1,1,0,0,1,1,1,1,1,1,10,1
2018,RL,229,0,1,1,1,1,0,0,1,1,1,0,1,1,9,1
2018,RL,230,0,1,1,1,1,0,0,1,1,1,0,1,1,9,1
2018,RL,231,0,1,1,1,1,0,0,1,1,1,0,1,1,9,1
2018,RL,232,0,1,1,1,1,0,0,1,1,1,0,1,1,9,1
2018,RL,233,0,1,1,1,1,0,0,1,1,1,0,1,1,9,1
2018,RL,234,0,1,1,1,1,0,0,1,1,1,0,1,1,9,1
2018,RL,235,0,1,1,1,1,0,0,1,1,1,0,1,1,9,1
2018,RL,236,0,1,1,1,1,0,0,1,1,1,0,1,1,9,1
2018,RL,237,0,1,1,1,1,0,0,1,1,1,0,1,1,9,1
2018,RL,238,0,1,1,1,1,0,0,1,1,1,0,1,0,8,1
2018,RL,239,0,1,1,1,1,0,0,1,1,1,0,1,0,8,1
2018,RL,240,0,1,1,1,1,0,0,1,1,1,0,1,0,8,1
2018,RL,241,0,1,1,1,0,0,0,1,1,1,0,1,0,7,1
2018,RL,242,0,1,1,1,0,0,0,0,1,1,0,1,0,6,0
2018,RL,243,0,1,1,1,0,0,0,0,0,1,0,1,0,5,0
2018,RL,244,0,1,1,1,0,0,0,0,0,0,0,1,0,4,0
2018,RL,245,0,1,1,1,0,0,0,0,0,0,0,0,0,3,0
2018,RL,246,0,1,1,1,0,0,0,0,0,0,0,0,0,3,0
2018,RL,247,0,1,1,1,0,0,0,0,0,0,0,0,0,3,0
2018,RL,248,0,1,1,1,0,0,0,0,0,0,0,0,0,3,0
2018,RL,249,0,1,1,1,0,0,0,0,0,0,0,0,0,3,0
2018,RL,250,0,1,1,1,0,0,0,0,0,0,0,0,0,3,0
2018,RL,251,0,1,1,1,0,0,0,0,0,0,0,0,0,3,0
2018,RL,252,0,1,1,1,0,0,0,0,0,0,0,0,0,3,0
2018,RL,253,0,1,1,1,0,0,0,0,0,0,0,0,0,3,0
2018,RL,254,0,1,1,1,0,0,0,0,0,0,0,0,0,3,0
2018,RL,255,0,1,1,1,0,0,0,0,0,0,0,0,0,3,0
2018,RL,256,0,1,1,1,0,0,0,0,0,0,0,0,0,3,0
2018,RL,257,0,1,1,1,0,0,0,0,0,0,0,0,0,3,0
2018,RL,258,0,1,1,1,0,0,0,0,0,0,0,0,0,3,0
2018,RL,259,0,0,1,1,0,0,0,0,0,0,0,0,0,2,0
2018,RL,260,0,0,1,1,0,0,0,0,0,0,0,0,0,2,0
2018,RL,261,0,0,1,1,0,0,0,0,0,0,0,0,0,2,0
2018,RL,262,0,0,1,1,0,0,0,0,0,0,0,0,0,2,0
2018,RL,263,0,0,1,1,0,0,0,0,0,0,0,0,0,2,0
2018,RL,264,0,0,1,1,0,0,0,0,0,0,0,0,0,2,0
2018,RL,265,0,0,1,1,0,0,0,0,0,0,0,0,0,2,0
2018,RL,266,0,0,1,1,0,0,0,0,0,0,0,0,0,2,0
2018,RL,267,0,0,0,1,0,0,0,0,0,0,0,0,0,1,0
2018,RL,268,0,0,0,0,0,0,0,0,0,0,0,0,0,0,0
2018,RL,269,0,0,0,0,0,0,0,0,0,0,0,0,0,0,0
2018,RL,270,0,0,0,0,0,0,0,0,0,0,0,0,0,0,0
2018,RL,271,0,0,0,0,0,0,0,0,0,0,0,0,0,0,0
2018,RL,272,0,0,0,0,0,0,0,0,0,0,0,0,0,0,0
2018,RL,273,0,0,0,0,0,0,0,0,0,0,0,0,0,0,0
2018,RL,274,0,0,0,0,0,0,0,0,0,0,0,0,0,0,0
2018,RL,275,0,0,0,0,0,0,0,0,0,0,0,0,0,0,0
2018,RL,276,0,0,0,0,0,0,0,0,0,0,0,0,0,0,0
2018,RL,277,0,0,0,0,0,0,0,0,0,0,0,0,0,0,0
2018,RL,278,0,0,0,0,0,0,0,0,0,0,0,0,0,0,0
2018,RL,279,0,0,0,0,0,0,0,0,0,0,0,0,0,0,0
2018,RL,280,0,0,0,0,0,0,0,0,0,0,0,0,0,0,0
2018,RL,281,0,0,0,0,0,0,0,0,0,0,0,0,0,0,0
2018,RL,282,0,0,0,0,0,0,0,0,0,0,0,0,0,0,0
2018,RL,283,0,0,0,0,0,0,0,0,0,0,0,0,0,0,0
2018,RL,284,0,0,0,0,0,0,0,0,0,0,0,0,0,0,0
2018,RL,285,0,0,0,0,0,0,0,0,0,0,0,0,0,0,0
2019,GB,105,0,0,0,0,0,0,0,0,0,0,0,0,0,0,0
2019,GB,106,0,0,0,0,0,0,0,0,0,0,0,0,0,0,0
2019,GB,107,0,0,0,0,0,0,0,0,0,0,0,0,0,0,0
2019,GB,108,0,0,0,0,0,0,0,0,0,0,0,0,0,0,0
2019,GB,109,0,0,0,0,0,0,0,0,0,0,0,0,0,0,0
2019,GB,110,0,0,0,0,0,0,0,0,0,0,0,0,0,0,0
2019,GB,111,0,0,0,0,0,0,0,0,0,0,0,0,0,0,0
2019,GB,112,0,0,0,0,0,0,0,0,0,0,0,0,0,0,0
2019,GB,113,0,0,0,0,0,0,0,0,0,0,0,0,0,0,0
2019,GB,114,0,0,0,0,0,0,0,0,0,0,0,0,0,0,0
2019,GB,115,0,0,0,0,0,0,0,0,0,0,0,0,0,0,0
2019,GB,116,0,0,0,0,0,0,0,0,0,0,0,0,0,0,0
2019,GB,117,0,0,0,0,0,0,0,0,0,0,0,0,0,0,0
2019,GB,118,0,0,0,0,0,0,0,0,0,0,0,0,0,0,0
2019,GB,119,0,0,0,0,0,0,0,0,0,0,0,0,0,0,0
2019,GB,120,0,0,0,0,0,0,0,0,0,0,0,0,0,0,0
2019,GB,121,0,0,0,0,0,0,0,0,0,0,0,0,0,0,0
2019,GB,122,0,0,0,0,0,0,0,0,0,0,0,0,0,0,0
2019,GB,123,0,0,0,0,0,0,0,0,0,0,0,0,0,0,0
2019,GB,124,0,0,0,0,0,0,0,0,0,0,0,0,0,0,0
2019,GB,125,0,0,0,0,0,0,0,0,0,0,0,0,0,0,0
2019,GB,126,0,0,0,0,0,0,0,0,0,0,0,0,0,0,0
2019,GB,127,0,0,0,0,0,0,0,0,0,0,0,0,0,0,0
2019,GB,128,0,0,0,0,0,0,0,0,0,0,0,0,0,0,0
2019,GB,129,0,0,0,0,0,0,0,0,0,0,0,0,0,0,0
2019,GB,130,0,0,0,0,0,0,0,0,0,0,0,0,0,0,0
2019,GB,131,0,0,0,0,0,0,0,0,0,0,0,0,0,0,0
2019,GB,132,0,0,0,0,0,0,0,0,0,0,0,0,0,0,0
2019,GB,133,0,0,0,0,0,0,0,0,0,0,0,0,0,0,0
2019,GB,134,0,0,0,0,0,0,0,0,0,0,0,0,0,0,0
2019,GB,135,0,0,0,0,0,0,0,0,0,0,0,0,0,0,0
2019,GB,136,0,0,0,0,0,0,0,0,0,0,0,0,0,0,0
2019,GB,137,0,0,0,0,0,0,0,0,0,0,0,0,0,0,0
2019,GB,138,0,0,0,0,0,0,0,0,0,0,0,0,0,0,0
2019,GB,139,0,0,0,0,0,0,0,0,0,0,0,0,0,0,0
2019,GB,140,0,0,0,0,0,0,0,0,0,0,0,0,0,0,0
2019,GB,141,0,0,0,0,0,0,0,0,0,0,0,0,0,0,0
2019,GB,142,0,0,0,0,0,0,0,0,0,0,0,0,0,0,0
2019,GB,143,0,0,0,0,0,0,0,0,0,0,0,0,0,0,0
2019,GB,144,0,0,0,0,0,0,0,0,0,0,0,0,0,0,0
2019,GB,145,0,0,0,0,0,0,0,0,0,0,0,0,0,0,0
2019,GB,146,0,0,0,0,0,0,0,0,0,0,0,0,0,0,0
2019,GB,147,0,0,0,0,0,0,0,0,0,0,0,0,0,0,0
2019,GB,148,0,0,0,0,0,0,0,0,0,0,0,0,0,0,0
2019,GB,149,0,0,0,0,0,0,0,0,0,0,0,0,0,0,0
2019,GB,150,0,0,0,0,0,0,0,0,0,0,0,0,0,0,0
2019,GB,151,0,0,0,0,0,0,0,0,0,0,0,0,0,0,0
2019,GB,152,0,0,0,0,0,0,0,0,0,0,0,0,0,0,0
2019,GB,153,0,0,0,0,0,0,0,0,0,0,0,0,0,0,0
2019,GB,154,0,0,0,0,0,0,0,0,0,0,0,0,0,0,0
2019,GB,155,0,0,0,0,0,0,0,0,0,0,0,0,0,0,0
2019,GB,156,0,0,0,0,0,0,0,0,0,0,0,0,0,0,0
2019,GB,157,0,0,0,0,0,0,0,0,0,0,0,0,0,0,0
2019,GB,158,0,0,0,0,0,0,0,0,0,0,0,0,0,0,0
2019,GB,159,1,0,0,0,0,0,0,0,0,0,0,0,0,1,0
2019,GB,160,1,0,0,0,0,0,0,0,0,0,0,0,0,1,0
2019,GB,161,1,0,0,0,0,0,0,0,0,0,0,0,0,1,0
2019,GB,162,1,0,0,0,0,0,0,0,0,0,0,0,0,1,0
2019,GB,163,1,0,0,0,0,0,1,0,0,0,0,0,0,2,0
2019,GB,164,1,0,0,0,0,1,1,0,0,0,0,0,0,3,0
2019,GB,165,1,0,0,0,0,1,1,0,0,0,0,0,0,3,0
2019,GB,166,1,0,0,0,0,1,1,0,0,0,0,0,0,3,0
2019,GB,167,1,0,0,0,0,1,1,0,0,0,0,0,0,3,0
2019,GB,168,1,0,0,0,0,1,1,0,0,0,0,0,0,3,0
2019,GB,169,1,0,0,0,0,1,1,0,0,0,0,0,0,3,0
2019,GB,170,1,0,0,0,0,1,1,0,0,0,0,0,0,3,0
2019,GB,171,1,0,0,0,0,1,1,0,0,0,0,0,0,3,0
2019,GB,172,1,0,0,0,1,1,1,0,0,0,0,0,0,4,0
2019,GB,173,1,0,0,0,1,1,1,0,0,0,0,0,0,4,0
2019,GB,174,1,0,0,0,1,1,1,0,0,0,0,0,0,4,0
2019,GB,175,1,0,0,0,1,1,1,0,0,0,0,0,0,4,0
2019,GB,176,1,0,0,0,1,1,1,0,0,0,0,0,0,4,0
2019,GB,177,1,0,0,0,1,1,1,0,0,0,0,0,0,4,0
2019,GB,178,1,0,0,0,1,1,1,0,0,0,0,0,0,4,0
2019,GB,179,1,0,0,0,1,1,1,0,0,0,0,0,0,4,0
2019,GB,180,1,0,0,0,1,1,1,1,0,0,0,0,1,6,0
2019,GB,181,1,0,0,0,1,1,1,1,0,0,0,0,1,6,0
2019,GB,182,1,0,0,0,1,1,1,1,0,0,0,0,1,6,0
2019,GB,183,1,0,0,0,1,1,1,1,0,0,0,0,1,6,0
2019,GB,184,1,0,0,0,1,1,1,1,0,0,0,0,1,6,0
2019,GB,185,1,0,0,0,1,1,1,1,0,0,0,1,1,7,1
2019,GB,186,1,0,0,0,1,1,1,1,0,0,0,1,1,7,1
2019,GB,187,1,0,0,0,1,1,1,1,0,0,0,1,1,7,1
2019,GB,188,1,0,0,0,1,1,1,1,0,1,1,1,1,9,1
2019,GB,189,1,0,0,0,1,1,1,1,1,1,1,1,1,10,1
2019,GB,190,1,0,0,0,1,1,0,1,1,1,1,1,1,9,1
2019,GB,191,1,0,0,0,1,1,0,1,1,1,1,1,1,9,1
2019,GB,192,1,0,0,0,1,1,0,1,1,1,1,1,1,9,1
2019,GB,193,1,1,0,1,1,1,0,1,1,1,1,1,1,11,1
2019,GB,194,0,1,0,1,1,1,0,1,1,1,1,1,1,10,1
2019,GB,195,0,1,0,1,1,1,0,1,1,1,1,1,1,10,1
2019,GB,196,0,1,0,1,1,1,0,1,1,1,1,1,1,10,1
2019,GB,197,0,1,0,1,1,0,0,1,1,1,1,1,1,9,1
2019,GB,198,0,1,0,1,1,0,0,1,1,1,1,1,1,9,1
2019,GB,199,0,1,0,1,1,0,0,1,1,1,1,1,1,9,1
2019,GB,200,0,1,0,1,1,0,0,1,1,1,1,1,1,9,1
2019,GB,201,0,1,0,1,1,0,0,1,1,1,1,1,1,9,1
2019,GB,202,0,1,0,1,1,0,0,1,1,1,1,1,1,9,1
2019,GB,203,0,1,0,1,1,0,0,1,1,1,1,1,1,9,1
2019,GB,204,0,1,1,1,1,0,0,1,1,1,1,1,1,10,1
2019,GB,205,0,1,1,1,1,0,0,1,1,1,1,1,1,10,1
2019,GB,206,0,1,1,1,1,0,0,1,1,1,1,1,1,10,1
2019,GB,207,0,1,1,1,1,0,0,1,1,1,1,1,1,10,1
2019,GB,208,0,1,1,1,1,0,0,1,1,1,1,1,1,10,1
2019,GB,209,0,1,1,1,1,0,0,1,1,1,1,1,1,10,1
2019,GB,210,0,1,1,1,1,0,0,1,1,1,1,1,1,10,1
2019,GB,211,0,1,1,1,1,0,0,1,1,1,1,1,1,10,1
2019,GB,212,0,1,1,1,1,0,0,1,1,1,1,1,1,10,1
2019,GB,213,0,1,1,1,1,0,0,1,1,1,1,1,1,10,1
2019,GB,214,0,1,1,1,1,0,0,1,1,1,1,1,1,10,1
2019,GB,215,0,1,1,1,1,0,0,1,1,1,1,1,1,10,1
2019,GB,216,0,1,1,1,1,0,0,1,1,1,0,1,1,9,1
2019,GB,217,0,1,1,1,1,0,0,1,1,1,0,1,1,9,1
2019,GB,218,0,1,1,1,1,0,0,1,1,1,0,1,1,9,1
2019,GB,219,0,1,1,1,1,0,0,1,1,1,0,1,1,9,1
2019,GB,220,0,1,1,1,1,0,0,1,1,1,0,1,1,9,1
2019,GB,221,0,1,1,1,0,0,0,1,1,1,0,1,1,8,1
2019,GB,222,0,1,1,1,0,0,0,0,1,1,0,1,1,7,1
2019,GB,223,0,1,1,1,0,0,0,0,1,1,0,1,1,7,1
2019,GB,224,0,1,1,1,0,0,0,0,1,1,0,1,0,6,0
2019,GB,225,0,1,1,1,0,0,0,0,1,1,0,1,0,6,0
2019,GB,226,0,1,1,1,0,0,0,0,0,1,0,1,0,5,0
2019,GB,227,0,1,1,1,0,0,0,0,0,1,0,0,0,4,0
2019,GB,228,0,1,1,1,0,0,0,0,0,1,0,0,0,4,0
2019,GB,229,0,1,1,1,0,0,0,0,0,1,0,0,0,4,0
2019,GB,230,0,1,1,1,0,0,0,0,0,1,0,0,0,4,0
2019,GB,231,0,1,1,1,0,0,0,0,0,1,0,0,0,4,0
2019,GB,232,0,1,1,1,0,0,0,0,0,0,0,0,0,3,0
2019,GB,233,0,1,1,1,0,0,0,0,0,0,0,0,0,3,0
2019,GB,234,0,1,1,1,0,0,0,0,0,0,0,0,0,3,0
2019,GB,235,0,1,1,1,0,0,0,0,0,0,0,0,0,3,0
2019,GB,236,0,1,1,1,0,0,0,0,0,0,0,0,0,3,0
2019,GB,237,0,1,1,1,0,0,0,0,0,0,0,0,0,3,0
2019,GB,238,0,1,1,1,0,0,0,0,0,0,0,0,0,3,0
2019,GB,239,0,1,1,1,0,0,0,0,0,0,0,0,0,3,0
2019,GB,240,0,1,1,1,0,0,0,0,0,0,0,0,0,3,0
2019,GB,241,0,1,1,1,0,0,0,0,0,0,0,0,0,3,0
2019,GB,242,0,1,1,1,0,0,0,0,0,0,0,0,0,3,0
2019,GB,243,0,1,1,1,0,0,0,0,0,0,0,0,0,3,0
2019,GB,244,0,1,1,1,0,0,0,0,0,0,0,0,0,3,0
2019,GB,245,0,1,1,1,0,0,0,0,0,0,0,0,0,3,0
2019,GB,246,0,1,1,1,0,0,0,0,0,0,0,0,0,3,0
2019,GB,247,0,1,1,1,0,0,0,0,0,0,0,0,0,3,0
2019,GB,248,0,1,1,1,0,0,0,0,0,0,0,0,0,3,0
2019,GB,249,0,1,1,1,0,0,0,0,0,0,0,0,0,3,0
2019,GB,250,0,0,1,1,0,0,0,0,0,0,0,0,0,2,0
2019,GB,251,0,0,1,1,0,0,0,0,0,0,0,0,0,2,0
2019,GB,252,0,0,1,1,0,0,0,0,0,0,0,0,0,2,0
2019,GB,253,0,0,1,0,0,0,0,0,0,0,0,0,0,1,0
2019,GB,254,0,0,1,0,0,0,0,0,0,0,0,0,0,1,0
2019,GB,255,0,0,1,0,0,0,0,0,0,0,0,0,0,1,0
2019,GB,256,0,0,0,0,0,0,0,0,0,0,0,0,0,0,0
2019,GB,257,0,0,0,0,0,0,0,0,0,0,0,0,0,0,0
2019,GB,258,0,0,0,0,0,0,0,0,0,0,0,0,0,0,0
2019,GB,259,0,0,0,0,0,0,0,0,0,0,0,0,0,0,0
2019,GB,260,0,0,0,0,0,0,0,0,0,0,0,0,0,0,0
2019,GB,261,0,0,0,0,0,0,0,0,0,0,0,0,0,0,0
2019,GB,262,0,0,0,0,0,0,0,0,0,0,0,0,0,0,0
2019,GB,263,0,0,0,0,0,0,0,0,0,0,0,0,0,0,0
2019,GB,264,0,0,0,0,0,0,0,0,0,0,0,0,0,0,0
2019,GB,265,0,0,0,0,0,0,0,0,0,0,0,0,0,0,0
2019,GB,266,0,0,0,0,0,0,0,0,0,0,0,0,0,0,0
2019,GB,267,0,0,0,0,0,0,0,0,0,0,0,0,0,0,0
2019,GB,268,0,0,0,0,0,0,0,0,0,0,0,0,0,0,0
2019,GB,269,0,0,0,0,0,0,0,0,0,0,0,0,0,0,0
2019,GB,270,0,0,0,0,0,0,0,0,0,0,0,0,0,0,0
2019,GB,271,0,0,0,0,0,0,0,0,0,0,0,0,0,0,0
2019,GB,272,0,0,0,0,0,0,0,0,0,0,0,0,0,0,0
2019,GB,273,0,0,0,0,0,0,0,0,0,0,0,0,0,0,0
2019,GB,274,0,0,0,0,0,0,0,0,0,0,0,0,0,0,0
2019,GB,275,0,0,0,0,0,0,0,0,0,0,0,0,0,0,0
2019,GB,276,0,0,0,0,0,0,0,0,0,0,0,0,0,0,0
2019,GB,277,0,0,0,0,0,0,0,0,0,0,0,0,0,0,0
2019,GB,278,0,0,0,0,0,0,0,0,0,0,0,0,0,0,0
2019,GB,279,0,0,0,0,0,0,0,0,0,0,0,0,0,0,0
2019,GB,280,0,0,0,0,0,0,0,0,0,0,0,0,0,0,0
2019,GB,281,0,0,0,0,0,0,0,0,0,0,0,0,0,0,0
2019,GB,282,0,0,0,0,0,0,0,0,0,0,0,0,0,0,0
2019,GB,283,0,0,0,0,0,0,0,0,0,0,0,0,0,0,0
2019,GB,284,0,0,0,0,0,0,0,0,0,0,0,0,0,0,0
2019,GB,285,0,0,0,0,0,0,0,0,0,0,0,0,0,0,0
2019,RL,105,0,0,0,0,0,0,0,0,0,0,0,0,0,0,0
2019,RL,106,0,0,0,0,0,0,0,0,0,0,0,0,0,0,0
2019,RL,107,0,0,0,0,0,0,0,0,0,0,0,0,0,0,0
2019,RL,108,0,0,0,0,0,0,0,0,0,0,0,0,0,0,0
2019,RL,109,0,0,0,0,0,0,0,0,0,0,0,0,0,0,0
2019,RL,110,0,0,0,0,0,0,0,0,0,0,0,0,0,0,0
2019,RL,111,0,0,0,0,0,0,0,0,0,0,0,0,0,0,0
2019,RL,112,0,0,0,0,0,0,0,0,0,0,0,0,0,0,0
2019,RL,113,0,0,0,0,0,0,0,0,0,0,0,0,0,0,0
2019,RL,114,0,0,0,0,0,0,0,0,0,0,0,0,0,0,0
2019,RL,115,0,0,0,0,0,0,0,0,0,0,0,0,0,0,0
2019,RL,116,0,0,0,0,0,0,0,0,0,0,0,0,0,0,0
2019,RL,117,0,0,0,0,0,0,0,0,0,0,0,0,0,0,0
2019,RL,118,0,0,0,0,0,0,0,0,0,0,0,0,0,0,0
2019,RL,119,0,0,0,0,0,0,0,0,0,0,0,0,0,0,0
2019,RL,120,0,0,0,0,0,0,0,0,0,0,0,0,0,0,0
2019,RL,121,0,0,0,0,0,0,0,0,0,0,0,0,0,0,0
2019,RL,122,0,0,0,0,0,0,0,0,0,0,0,0,0,0,0
2019,RL,123,0,0,0,0,0,0,0,0,0,0,0,0,0,0,0
2019,RL,124,0,0,0,0,0,0,0,0,0,0,0,0,0,0,0
2019,RL,125,0,0,0,0,0,0,0,0,0,0,0,0,0,0,0
2019,RL,126,0,0,0,0,0,0,0,0,0,0,0,0,0,0,0
2019,RL,127,0,0,0,0,0,0,0,0,0,0,0,0,0,0,0
2019,RL,128,0,0,0,0,0,0,0,0,0,0,0,0,0,0,0
2019,RL,129,0,0,0,0,0,0,0,0,0,0,0,0,0,0,0
2019,RL,130,0,0,0,0,0,0,0,0,0,0,0,0,0,0,0
2019,RL,131,0,0,0,0,0,0,0,0,0,0,0,0,0,0,0
2019,RL,132,0,0,0,0,0,0,0,0,0,0,0,0,0,0,0
2019,RL,133,0,0,0,0,0,0,0,0,0,0,0,0,0,0,0
2019,RL,134,0,0,0,0,0,0,0,0,0,0,0,0,0,0,0
2019,RL,135,0,0,0,0,0,0,0,0,0,0,0,0,0,0,0
2019,RL,136,0,0,0,0,0,0,0,0,0,0,0,0,0,0,0
2019,RL,137,0,0,0,0,0,0,0,0,0,0,0,0,0,0,0
2019,RL,138,0,0,0,0,0,0,0,0,0,0,0,0,0,0,0
2019,RL,139,0,0,0,0,0,0,0,0,0,0,0,0,0,0,0
2019,RL,140,0,0,0,0,0,0,0,0,0,0,0,0,0,0,0
2019,RL,141,0,0,0,0,0,0,0,0,0,0,0,0,0,0,0
2019,RL,142,0,0,0,0,0,0,0,0,0,0,0,0,0,0,0
2019,RL,143,0,0,0,0,0,0,0,0,0,0,0,0,0,0,0
2019,RL,144,0,0,0,0,0,0,0,0,0,0,0,0,0,0,0
2019,RL,145,0,0,0,0,0,0,0,0,0,0,0,0,0,0,0
2019,RL,146,0,0,0,0,0,0,0,0,0,0,0,0,0,0,0
2019,RL,147,0,0,0,0,0,0,0,0,0,0,0,0,0,0,0
2019,RL,148,0,0,0,0,0,0,0,0,0,0,0,0,0,0,0
2019,RL,149,0,0,0,0,0,0,0,0,0,0,0,0,0,0,0
2019,RL,150,0,0,0,0,0,0,0,0,0,0,0,0,0,0,0
2019,RL,151,0,0,0,0,0,0,0,0,0,0,0,0,0,0,0
2019,RL,152,0,0,0,0,0,0,0,0,0,0,0,0,0,0,0
2019,RL,153,0,0,0,0,0,0,0,0,0,0,0,0,0,0,0
2019,RL,154,0,0,0,0,0,0,0,0,0,0,0,0,0,0,0
2019,RL,155,0,0,0,0,0,0,0,0,0,0,0,0,0,0,0
2019,RL,156,0,0,0,0,0,0,0,0,0,0,0,0,0,0,0
2019,RL,157,0,0,0,0,0,0,0,0,0,0,0,0,0,0,0
2019,RL,158,0,0,0,0,0,0,0,0,0,0,0,0,0,0,0
2019,RL,159,0,0,0,0,0,0,0,0,0,0,0,0,0,0,0
2019,RL,160,0,0,0,0,0,0,0,0,0,0,0,0,0,0,0
2019,RL,161,0,0,0,0,0,0,0,0,0,0,0,0,0,0,0
2019,RL,162,0,0,0,0,0,0,0,0,0,0,0,0,0,0,0
2019,RL,163,0,0,0,0,0,0,0,0,0,0,0,0,0,0,0
2019,RL,164,0,0,0,0,0,0,0,0,0,0,0,0,0,0,0
2019,RL,165,0,0,0,0,0,0,0,0,0,0,0,0,0,0,0
2019,RL,166,0,0,0,0,0,0,0,0,0,0,0,0,0,0,0
2019,RL,167,0,0,0,0,0,0,0,0,0,0,0,0,0,0,0
2019,RL,168,0,0,0,0,0,0,0,0,0,0,0,0,0,0,0
2019,RL,169,0,0,0,0,0,0,1,0,0,0,0,0,0,1,0
2019,RL,170,0,0,0,0,0,0,1,0,0,0,0,0,0,1,0
2019,RL,171,1,0,0,0,0,0,1,0,0,0,0,0,0,2,0
2019,RL,172,1,0,0,0,0,0,1,0,0,0,0,0,0,2,0
2019,RL,173,1,0,0,0,0,0,1,0,0,0,0,0,0,2,0
2019,RL,174,1,0,0,0,0,0,1,0,0,0,0,0,0,2,0
2019,RL,175,1,0,0,0,0,1,1,0,0,0,0,0,0,3,0
2019,RL,176,1,0,0,0,0,1,1,0,0,0,0,0,0,3,0
2019,RL,177,1,0,0,0,0,1,1,0,0,0,0,0,0,3,0
2019,RL,178,1,0,0,0,0,1,1,0,0,0,0,0,0,3,0
2019,RL,179,1,0,0,0,0,1,1,0,0,0,0,0,0,3,0
2019,RL,180,1,0,0,0,0,1,1,0,0,0,0,0,0,3,0
2019,RL,181,1,0,0,0,0,1,1,0,0,0,0,0,0,3,0
2019,RL,182,1,0,0,0,0,1,1,0,0,0,0,0,0,3,0
2019,RL,183,1,0,0,0,0,1,1,0,0,0,0,0,0,3,0
2019,RL,184,1,0,0,0,0,1,1,0,0,0,0,0,0,3,0
2019,RL,185,1,0,0,0,1,1,1,0,0,0,0,0,0,4,0
2019,RL,186,1,0,0,0,1,1,1,0,0,0,0,0,0,4,0
2019,RL,187,1,0,0,0,1,1,1,0,0,0,0,0,0,4,0
2019,RL,188,1,0,0,0,1,1,1,0,0,0,0,0,0,4,0
2019,RL,189,1,0,0,0,1,1,1,0,0,0,0,0,0,4,0
2019,RL,190,1,0,0,0,1,1,1,0,0,0,0,0,1,5,0
2019,RL,191,1,0,0,0,1,1,1,0,0,0,0,0,1,5,0
2019,RL,192,1,0,0,0,1,1,1,0,0,0,0,0,1,5,0
2019,RL,193,1,0,0,0,1,1,1,0,0,0,0,0,1,5,0
2019,RL,194,1,0,0,0,1,1,1,1,0,0,0,0,1,6,0
2019,RL,195,1,0,0,0,1,1,1,1,0,0,0,0,1,6,0
2019,RL,196,1,0,0,0,1,1,1,1,0,1,1,1,1,9,1
2019,RL,197,1,0,0,0,1,1,0,1,0,1,1,1,1,8,1
2019,RL,198,1,0,0,0,1,1,0,1,0,1,1,1,1,8,1
2019,RL,199,1,1,0,0,1,1,0,1,0,1,1,1,1,9,1
2019,RL,200,1,1,0,0,1,1,0,1,0,1,1,1,1,9,1
2019,RL,201,1,1,0,0,1,1,0,1,1,1,1,1,1,10,1
2019,RL,202,1,1,0,0,1,1,0,1,1,1,1,1,1,10,1
2019,RL,203,1,1,0,0,1,1,0,1,1,1,1,1,1,10,1
2019,RL,204,1,1,0,1,1,1,0,1,1,1,1,1,1,11,1
2019,RL,205,1,1,0,1,1,1,0,1,1,1,1,1,1,11,1
2019,RL,206,0,1,0,1,1,1,0,1,1,1,1,1,1,10,1
2019,RL,207,0,1,0,1,1,0,0,1,1,1,1,1,1,9,1
2019,RL,208,0,1,0,1,1,0,0,1,1,1,1,1,1,9,1
2019,RL,209,0,1,0,1,1,0,0,1,1,1,1,1,1,9,1
2019,RL,210,0,1,0,1,1,0,0,1,1,1,1,1,1,9,1
2019,RL,211,0,1,1,1,1,0,0,1,1,1,1,1,1,10,1
2019,RL,212,0,1,1,1,1,0,0,1,1,1,1,1,1,10,1
2019,RL,213,0,1,1,1,1,0,0,1,1,1,1,1,1,10,1
2019,RL,214,0,1,1,1,1,0,0,1,1,1,1,1,1,10,1
2019,RL,215,0,1,1,1,1,0,0,1,1,1,1,1,1,10,1
2019,RL,216,0,1,1,1,1,0,0,1,1,1,1,1,1,10,1
2019,RL,217,0,1,1,1,1,0,0,1,1,1,1,1,1,10,1
2019,RL,218,0,1,1,1,1,0,0,1,1,1,1,1,1,10,1
2019,RL,219,0,1,1,1,1,0,0,1,1,1,1,1,1,10,1
2019,RL,220,0,1,1,1,1,0,0,1,1,1,1,1,1,10,1
2019,RL,221,0,1,1,1,1,0,0,1,1,1,1,1,1,10,1
2019,RL,222,0,1,1,1,1,0,0,1,1,1,1,1,1,10,1
2019,RL,223,0,1,1,1,1,0,0,1,1,1,1,1,1,10,1
2019,RL,224,0,1,1,1,1,0,0,1,1,1,1,1,1,10,1
2019,RL,225,0,1,1,1,1,0,0,1,1,1,0,1,1,9,1
2019,RL,226,0,1,1,1,1,0,0,1,1,1,0,1,1,9,1
2019,RL,227,0,1,1,1,1,0,0,1,1,1,0,1,1,9,1
2019,RL,228,0,1,1,1,1,0,0,1,1,1,0,1,1,9,1
2019,RL,229,0,1,1,1,1,0,0,1,1,1,0,1,1,9,1
2019,RL,230,0,1,1,1,1,0,0,1,1,1,0,1,1,9,1
2019,RL,231,0,1,1,1,1,0,0,1,1,1,0,1,1,9,1
2019,RL,232,0,1,1,1,1,0,0,1,1,1,0,1,1,9,1
2019,RL,233,0,1,1,1,1,0,0,1,1,1,0,1,0,8,1
2019,RL,234,0,1,1,1,0,0,0,1,1,1,0,1,0,7,1
2019,RL,235,0,1,1,1,0,0,0,1,1,1,0,1,0,7,1
2019,RL,236,0,1,1,1,0,0,0,0,1,1,0,1,0,6,0
2019,RL,237,0,1,1,1,0,0,0,0,0,1,0,1,0,5,0
2019,RL,238,0,1,1,1,0,0,0,0,0,1,0,1,0,5,0
2019,RL,239,0,1,1,1,0,0,0,0,0,1,0,0,0,4,0
2019,RL,240,0,1,1,1,0,0,0,0,0,0,0,0,0,3,0
2019,RL,241,0,1,1,1,0,0,0,0,0,0,0,0,0,3,0
2019,RL,242,0,1,1,1,0,0,0,0,0,0,0,0,0,3,0
2019,RL,243,0,1,1,1,0,0,0,0,0,0,0,0,0,3,0
2019,RL,244,0,1,1,1,0,0,0,0,0,0,0,0,0,3,0
2019,RL,245,0,1,1,1,0,0,0,0,0,0,0,0,0,3,0
2019,RL,246,0,1,1,1,0,0,0,0,0,0,0,0,0,3,0
2019,RL,247,0,1,1,1,0,0,0,0,0,0,0,0,0,3,0
2019,RL,248,0,1,1,1,0,0,0,0,0,0,0,0,0,3,0
2019,RL,249,0,1,1,1,0,0,0,0,0,0,0,0,0,3,0
2019,RL,250,0,1,1,1,0,0,0,0,0,0,0,0,0,3,0
2019,RL,251,0,1,1,1,0,0,0,0,0,0,0,0,0,3,0
2019,RL,252,0,1,1,1,0,0,0,0,0,0,0,0,0,3,0
2019,RL,253,0,1,1,1,0,0,0,0,0,0,0,0,0,3,0
2019,RL,254,0,1,1,1,0,0,0,0,0,0,0,0,0,3,0
2019,RL,255,0,1,1,1,0,0,0,0,0,0,0,0,0,3,0
2019,RL,256,0,0,1,1,0,0,0,0,0,0,0,0,0,2,0
2019,RL,257,0,0,1,1,0,0,0,0,0,0,0,0,0,2,0
2019,RL,258,0,0,1,1,0,0,0,0,0,0,0,0,0,2,0
2019,RL,259,0,0,1,1,0,0,0,0,0,0,0,0,0,2,0
2019,RL,260,0,0,1,1,0,0,0,0,0,0,0,0,0,2,0
2019,RL,261,0,0,1,1,0,0,0,0,0,0,0,0,0,2,0
2019,RL,262,0,0,1,1,0,0,0,0,0,0,0,0,0,2,0
2019,RL,263,0,0,1,0,0,0,0,0,0,0,0,0,0,1,0
2019,RL,264,0,0,0,0,0,0,0,0,0,0,0,0,0,0,0
2019,RL,265,0,0,0,0,0,0,0,0,0,0,0,0,0,0,0
2019,RL,266,0,0,0,0,0,0,0,0,0,0,0,0,0,0,0
2019,RL,267,0,0,0,0,0,0,0,0,0,0,0,0,0,0,0
2019,RL,268,0,0,0,0,0,0,0,0,0,0,0,0,0,0,0
2019,RL,269,0,0,0,0,0,0,0,0,0,0,0,0,0,0,0
2019,RL,270,0,0,0,0,0,0,0,0,0,0,0,0,0,0,0
2019,RL,271,0,0,0,0,0,0,0,0,0,0,0,0,0,0,0
2019,RL,272,0,0,0,0,0,0,0,0,0,0,0,0,0,0,0
2019,RL,273,0,0,0,0,0,0,0,0,0,0,0,0,0,0,0
2019,RL,274,0,0,0,0,0,0,0,0,0,0,0,0,0,0,0
2019,RL,275,0,0,0,0,0,0,0,0,0,0,0,0,0,0,0
2019,RL,276,0,0,0,0,0,0,0,0,0,0,0,0,0,0,0
2019,RL,277,0,0,0,0,0,0,0,0,0,0,0,0,0,0,0
2019,RL,278,0,0,0,0,0,0,0,0,0,0,0,0,0,0,0
2019,RL,279,0,0,0,0,0,0,0,0,0,0,0,0,0,0,0
2019,RL,280,0,0,0,0,0,0,0,0,0,0,0,0,0,0,0
2019,RL,281,0,0,0,0,0,0,0,0,0,0,0,0,0,0,0
2019,RL,282,0,0,0,0,0,0,0,0,0,0,0,0,0,0,0
2019,RL,283,0,0,0,0,0,0,0,0,0,0,0,0,0,0,0
2019,RL,284,0,0,0,0,0,0,0,0,0,0,0,0,0,0,0
2019,RL,285,0,0,0,0,0,0,0,0,0,0,0,0,0,0,0
