"","year","stand","plot","calibration","snow_appearance_date","snow_disappearance_date","snow_cover_duration","minimum_soil_temp","flag_sensor_fail"
"1",2013,"soil","AB08-S1",0,"2012-10-21","2013-05-23",136,-2.962,FALSE
"2",2013,"soil","AB08-S2",0,"2012-10-21","2013-05-24",158,-1.57,FALSE
"3",2013,"soil","AB08-S3",0,"2012-10-21","2013-04-18",135,-3.316,FALSE
"4",2013,"soil","AB08-S4",0,"2012-10-21","2013-04-18",134,-2.03,FALSE
"5",2013,"soil","AB08-S5",0,"2012-10-21","2013-04-15",127,-3.553,FALSE
"6",2013,"soil","AB08-S6",0,"2012-11-18","2013-04-16",125,-2.844,FALSE
"7",2013,"soil","AE10-S1",0,"2012-10-21","2013-06-17",228,-2.494,FALSE
"8",2013,"soil","AE10-S2",0,"2012-10-21","2013-06-18",227,-2.494,FALSE
"9",2013,"soil","AE10-S3",0,"2012-10-21","2013-06-13",222,-4.272,FALSE
"10",2013,"soil","AE10-S4",0,"2012-10-21","2013-06-19",228,-3.079,FALSE
"11",2013,"soil","AE10-S5",0,"2012-10-21","2013-05-28",199,-3.792,FALSE
"12",2013,"soil","AE10-S6",0,"2012-10-21","2013-06-12",221,-3.434,FALSE
"13",2013,"soil","AG05-S1",0,"2012-11-10","2013-04-23",141,-1.456,FALSE
"14",2013,"soil","AG05-S2",0,"2012-11-10","2013-04-25",144,-1.001,FALSE
"15",2013,"soil","AG05-S3",0,"2012-10-21","2013-05-23",143,-1.456,FALSE
"16",2013,"soil","AG05-S4",0,"2012-11-22","2013-05-23",144,-1.341,FALSE
"17",2013,"soil","AG05-S5",0,"2012-11-22","2013-04-19",125,-1.456,FALSE
"18",2013,"soil","AG05-S6",0,"2012-11-22","2013-04-20",125,-2.145,FALSE
"19",2013,"soil","AM16-S1",0,"2012-10-21","2013-06-23",235,-1.001,FALSE
"20",2013,"soil","AM16-S2",0,"2012-10-21","2013-06-23",234,-1.341,FALSE
"21",2013,"soil","AM16-S3",0,"2012-10-21","2013-06-18",229,-0.662,FALSE
"22",2013,"soil","AM16-S4",0,"2012-10-21","2013-06-02",201,-1.341,FALSE
"23",2013,"soil","AM16-S5",0,"2012-11-12","2013-05-27",169,-0.662,FALSE
"24",2013,"soil","AM16-S6",0,"2012-10-21","2013-05-27",199,-2.145,FALSE
"25",2013,"soil","AO03-S1",0,"2012-10-24","2013-05-16",188,-1.114,FALSE
"26",2013,"soil","AO03-S2",0,"2012-11-10","2013-05-22",181,-0.662,FALSE
"27",2013,"soil","AO03-S3",0,"2012-11-11","2013-05-10",181,-0.887,FALSE
"28",2013,"soil","AO03-S4",0,"2012-11-11","2013-05-01",172,-1.114,FALSE
"29",2013,"soil","AO03-S5",0,"2012-11-11","2013-05-12",168,-1.228,FALSE
"30",2013,"soil","AO03-S6",0,"2012-11-12","2013-05-17",180,-2.261,FALSE
"31",2013,"soil","AR07-S1",0,"2012-10-21","2013-05-31",208,-6.246,FALSE
"32",2013,"soil","AR07-S2",0,"2012-10-21","2013-06-06",215,-4.393,FALSE
"33",2013,"soil","AR07-S3",0,"2012-10-21","2013-06-06",215,-3.672,FALSE
"34",2013,"soil","AR07-S4",0,"2012-10-21","2013-06-26",236,-3.911,FALSE
"35",2013,"soil","AR07-S5",0,"2012-10-21","2013-06-19",229,-1.799,FALSE
"36",2013,"soil","AR07-S6",0,"2012-10-21","2013-06-06",215,-3.792,FALSE
"37",2013,"soil","AV02-S1",0,"2012-11-12","2013-05-06",171,-1.228,FALSE
"38",2013,"soil","AV02-S2",0,"2012-11-12","2013-05-14",177,-1.114,FALSE
"39",2013,"soil","AV02-S3",0,"2012-11-12","2013-05-04",169,-1.114,FALSE
"40",2013,"soil","AV02-S4",0,"2012-11-10","2013-05-04",174,-0.774,FALSE
"41",2013,"soil","AV02-S5",0,"2012-11-11","2013-05-08",176,-1.114,FALSE
"42",2013,"soil","AV02-S6",0,"2012-11-11","2013-05-05",164,-1.001,FALSE
"43",2013,"soil","AV06-S1",0,"2012-10-21","2013-05-25",172,-2.261,FALSE
"44",2013,"soil","AV06-S2",0,"2012-10-21","2013-05-29",190,-2.261,FALSE
"45",2013,"soil","AV06-S3",0.301815625,"2012-10-21","2013-03-26",118,-2.61,TRUE
"46",2013,"soil","AV06-S4",0,"2012-10-21","2013-05-30",185,-3.079,FALSE
"47",2013,"soil","AV06-S5",0,"2012-10-21","2013-05-22",166,-2.03,FALSE
"48",2013,"soil","AV06-S6",0,"2012-10-21","2013-05-27",189,-2.261,FALSE
"49",2013,"soil","AV14-S1",0,"2012-10-21","2013-05-24",170,-1.914,FALSE
"50",2013,"soil","AV14-S2",0,"2012-10-21","2013-05-25",170,-1.57,FALSE
"51",2013,"soil","AV14-S3",0,"2012-10-21","2013-05-24",173,-2.377,FALSE
"52",2013,"soil","AV14-S4",0,"2012-10-21","2013-06-04",194,-2.962,FALSE
"53",2013,"soil","AV14-S5",0,"2012-10-21","2013-05-23",169,-1.799,FALSE
"54",2013,"soil","AV14-S6",0,"2012-10-21","2013-05-23",156,-2.03,FALSE
"55",2013,"soil","AX15-S1",0,"2012-10-21","2013-05-24",150,-1.914,FALSE
"56",2013,"soil","AX15-S2",0,"2012-10-21","2013-05-23",139,-2.261,FALSE
"57",2013,"soil","AX15-S3",0,"2012-10-21","2013-05-24",152,-2.377,FALSE
"58",2013,"soil","AX15-S4",0,"2012-10-21","2013-05-23",139,-2.727,FALSE
"59",2013,"soil","AX15-S5",0,"2012-10-21","2013-05-24",143,-1.799,FALSE
"60",2013,"soil","AX15-S6",0,"2012-10-21","2013-05-23",145,-2.494,FALSE
"61",2013,"soil","PARA-S1",0,"2012-10-21","2013-06-30",239,-3.911,FALSE
"62",2013,"soil","PARA-S2",0,"2012-10-21","2013-06-27",235,-5.87,FALSE
"63",2013,"soil","PARA-S3",0,"2012-10-21","2013-06-29",238,-4.636,FALSE
"64",2013,"soil","PARA-S4",0,"2012-10-21","2013-07-08",246,-2.494,FALSE
"65",2013,"soil","PARA-S5",0,"2012-10-21","2013-06-28",236,-3.911,FALSE
"66",2013,"soil","PARA-S6",0,"2012-10-21","2013-07-01",240,-2.844,FALSE
"67",2013,"soil","PP17-S1",0,"2012-11-12","2013-04-28",159,-3.553,FALSE
"68",2013,"soil","PP17-S2",0,"2012-11-12","2013-04-19",138,-4.272,FALSE
"69",2013,"soil","PP17-S3",0,"2012-10-21","2013-05-23",194,-3.079,FALSE
"70",2013,"soil","PP17-S4",0,"2012-10-21","2013-05-07",184,-2.61,FALSE
"71",2013,"soil","PP17-S5",0,"2012-11-18","2013-04-13",134,-6.12,FALSE
"72",2013,"soil","PP17-S6",0,"2012-10-21","2013-05-07",180,-4.514,FALSE
"73",2013,"soil","SPRY-S2",0,"2012-10-21","2013-06-28",229,-4.272,FALSE
"74",2013,"soil","SPRY-S3",0,"2012-10-20","2013-06-26",233,-3.672,FALSE
"75",2013,"soil","SPRY-S4",0,"2012-10-21","2013-06-30",231,-4.758,FALSE
"76",2013,"soil","SPRY-S5",0,"2012-10-20","2013-06-28",229,-4.031,FALSE
"77",2013,"soil","SPRY-S6",0,"2012-10-21","2013-06-28",233,-4.152,FALSE
"78",2013,"soil","SUNR-S1",0,"2012-10-20","2013-06-25",236,-5.87,FALSE
"79",2013,"soil","SUNR-S2",0,"2012-10-17","2013-07-01",244,-5.249,FALSE
"80",2013,"soil","SUNR-S3",0,"2012-10-17","2013-07-05",251,-3.197,FALSE
"81",2013,"soil","SUNR-S4",0,"2012-10-17","2013-07-09",259,-2.377,FALSE
"82",2013,"soil","SUNR-S5",0,"2012-10-17","2013-07-03",243,-5.125,FALSE
"83",2013,"soil","SUNR-S6",0,"2012-10-20","2013-06-23",227,-7.787,FALSE
"84",2013,"soil","TA01-S1",0,"2012-12-07","2013-04-17",107,-0.774,FALSE
"85",2013,"soil","TA01-S2",0,"2012-12-07","2013-04-16",106,-1.001,FALSE
"86",2013,"soil","TA01-S3",0,"2012-12-07","2013-04-17",107,-0.549,FALSE
"87",2013,"soil","TA01-S4",0,"2012-12-07","2013-04-17",103,-0.549,FALSE
"88",2013,"soil","TA01-S5",0,"2012-12-07","2013-04-17",104,-0.437,FALSE
"89",2013,"soil","TA01-S6",0,"2012-12-08","2013-04-16",103,-0.549,FALSE
"90",2013,"soil","TB13-S1",0,"2012-12-06","2013-04-18",114,-1.001,FALSE
"91",2013,"soil","TB13-S2",0,"2012-12-06","2013-04-18",97,-1.57,FALSE
"92",2013,"soil","TB13-S3",0,"2012-12-06","2013-04-18",112,-1.341,FALSE
"93",2013,"soil","TB13-S4",0,"2012-12-06","2013-04-18",110,-1.57,FALSE
"94",2012,"soil","TB13-S5",0,NA,NA,0,3.893,FALSE
"95",2013,"soil","TB13-S6",0,"2012-12-06","2013-04-19",119,-1.57,FALSE
"96",2013,"soil","TO04-S1",0,"2012-12-08","2013-04-15",107,-1.57,FALSE
"97",2013,"soil","TO04-S2",0,"2012-12-08","2013-03-25",96,-1.57,FALSE
"98",2013,"soil","TO04-S3",0,"2012-12-07","2013-04-18",123,-1.341,FALSE
"99",2013,"soil","TO04-S4",0,"2012-11-12","2013-04-18",117,-2.494,FALSE
"100",2013,"soil","TO04-S5",0,"2012-12-08","2013-04-17",114,-2.03,FALSE
"101",2013,"soil","TO04-S6",0,"2012-12-08","2013-04-15",105,-0.774,FALSE
"102",2013,"soil","TO11-S1",0,"2012-11-26","2013-03-22",36,-1.684,FALSE
"103",2013,"soil","TO11-S2",0,"2012-11-26","2013-04-13",29,-3.079,FALSE
"104",2013,"soil","TO11-S3",0,"2012-11-26","2013-03-24",48,-0.887,FALSE
"105",2013,"soil","TO11-S4",0,"2012-11-26","2013-04-14",68,-0.549,FALSE
"106",2013,"soil","TO11-S5",0,"2012-11-26","2013-03-24",52,-1.456,FALSE
"107",2013,"soil","TO11-S6",0,"2012-11-26","2013-03-24",38,-1.57,FALSE
"108",2014,"soil","AB08-S1",0,"2013-11-03","2014-04-04",80,-8.982,FALSE
"109",2014,"soil","AB08-S2",0,"2013-11-03","2014-04-23",79,-10.774,FALSE
"110",2014,"soil","AB08-S3",0,"2013-11-04","2014-04-01",81,-7.918,FALSE
"111",2014,"soil","AB08-S4",0,"2013-11-03","2014-04-08",99,-6.499,FALSE
"112",2013,"soil","AB08-S5",0.471075,"2013-11-03","2013-11-18",5,-0.213,FALSE
"113",2014,"soil","AB08-S6",0,"2013-11-03","2014-03-23",50,-10.916,FALSE
"114",2014,"soil","AE10-S1",0,"2013-09-30","2014-06-18",233,-3.316,FALSE
"115",2014,"soil","AE10-S2",0,"2013-09-30","2014-06-18",234,-1.799,FALSE
"116",2014,"soil","AE10-S3",0,"2013-09-30","2014-06-01",209,-1.684,FALSE
"117",2014,"soil","AE10-S4",0,"2013-09-30","2014-06-15",230,-2.145,FALSE
"118",2014,"soil","AE10-S5",0,"2013-09-30","2014-05-30",204,-2.377,FALSE
"119",2014,"soil","AE10-S6",0,"2013-09-30","2014-06-05",216,-1.684,FALSE
"120",2013,"soil","AG05-S1",0.3552375,"2013-11-03","2013-11-04",2,0.121,FALSE
"121",2014,"soil","AG05-S2",0,"2013-11-03","2014-04-28",108,-2.727,FALSE
"122",2013,"soil","AG05-S3",0,NA,NA,0,1.548,FALSE
"123",2014,"soil","AG05-S4",0,"2013-11-03","2014-03-29",92,-4.393,FALSE
"124",2014,"soil","AG05-S5",0,"2013-11-03","2014-03-24",65,-7.787,FALSE
"125",2014,"soil","AG05-S6",0,"2013-11-03","2014-03-24",55,-9.799,FALSE
"126",2014,"soil","AM16-S1",0,"2013-11-03","2014-06-14",222,-2.727,FALSE
"127",2014,"soil","AM16-S2",0,"2013-11-03","2014-06-06",213,-1.57,FALSE
"128",2014,"soil","AM16-S3",0,"2013-11-03","2014-06-06",214,-1.228,FALSE
"129",2014,"soil","AM16-S4",0,"2013-11-03","2014-05-19",183,-1.914,FALSE
"130",2014,"soil","AM16-S5",0,"2013-11-03","2014-05-09",148,-4.393,FALSE
"131",2014,"soil","AM16-S6",0,"2013-11-03","2014-05-13",173,-4.514,FALSE
"132",2013,"soil","AO03-S1",0,NA,NA,0,0.343,FALSE
"133",2014,"soil","AO03-S2",0,"2013-11-04","2014-04-23",94,-12.361,FALSE
"134",2014,"soil","AO03-S3",0,"2013-11-04","2014-05-01",141,-10.493,FALSE
"135",2014,"soil","AO03-S4",0,"2013-11-03","2014-04-27",143,-9.799,FALSE
"136",2014,"soil","AO03-S5",0,"2013-11-04","2014-04-28",141,-9.525,FALSE
"137",2014,"soil","AO03-S6",0,"2013-11-05","2014-04-26",135,-9.117,FALSE
"138",2014,"soil","AR07-S1",-0.0160542328042328,"2013-09-30","2014-05-21",188,-11.058,FALSE
"139",2014,"soil","AR07-S2",0,"2013-10-01","2014-05-31",209,-4.758,FALSE
"140",2014,"soil","AR07-S3",0,"2013-09-30","2014-06-05",221,-4.152,FALSE
"141",2014,"soil","AR07-S4",0,"2013-09-30","2014-06-24",246,-2.145,FALSE
"142",2014,"soil","AR07-S5",0,"2013-09-30","2014-06-20",237,-1.114,FALSE
"143",2014,"soil","AR07-S6",0,"2013-10-01","2014-06-06",221,-2.844,FALSE
"144",2014,"soil","AV02-S1",0,"2013-11-05","2014-04-29",141,-10.214,FALSE
"145",2014,"soil","AV02-S2",0,"2013-11-03","2014-05-01",145,-9.525,FALSE
"146",2013,"soil","AV02-S3",1.96635,"2013-11-03","2013-11-16",2,-0.662,FALSE
"147",2014,"soil","AV02-S4",0,"2013-11-03","2014-04-25",133,-9.525,FALSE
"148",2014,"soil","AV02-S5",0,"2013-11-03","2014-04-28",133,-10.075,FALSE
"149",2014,"soil","AV02-S6",0,"2013-11-16","2014-04-24",110,-11.2,FALSE
"150",2014,"soil","AV06-S1",0,"2013-11-03","2014-04-30",161,-2.727,FALSE
"151",2014,"soil","AV06-S2",0,"2013-11-03","2014-05-04",163,-2.727,FALSE
"152",2014,"soil","AV06-S3",0,"2013-11-03","2014-04-28",141,-4.031,FALSE
"153",2014,"soil","AV06-S4",0,"2013-11-03","2014-05-04",161,-4.031,FALSE
"154",2014,"soil","AV06-S5",0,"2013-11-03","2014-04-27",128,-4.272,FALSE
"155",2014,"soil","AV06-S6",0,"2013-11-03","2014-05-10",171,-2.727,FALSE
"156",2013,"soil","AV14-S1",0.351958333333333,"2013-11-03","2013-11-05",3,0.121,FALSE
"157",2014,"soil","AV14-S2",0,"2013-11-03","2014-04-30",130,-2.145,FALSE
"158",2014,"soil","AV14-S3",0.12522,"2013-11-03","2014-02-04",49,-2.727,TRUE
"159",2014,"soil","AV14-S4",0,"2013-11-03","2014-05-15",156,-2.261,FALSE
"160",2014,"soil","AV14-S5",0.462668518518519,"2013-11-03","2014-04-30",126,-8.182,FALSE
"161",2014,"soil","AV14-S6",0,"2013-11-03","2014-04-28",109,-5.87,FALSE
"162",2013,"soil","AX15-S1",0.421986842105263,"2013-11-03","2013-12-09",17,-2.145,FALSE
"163",2014,"soil","AX15-S2",0,"2013-11-03","2014-04-27",90,-2.962,FALSE
"164",2014,"soil","AX15-S3",0,"2013-11-03","2014-04-27",101,-3.553,FALSE
"165",2014,"soil","AX15-S4",0,"2013-11-03","2014-04-23",86,-8.58,FALSE
"166",2014,"soil","AX15-S5",0,"2013-11-03","2014-04-27",76,-7.138,FALSE
"167",2014,"soil","AX15-S6",0,"2013-11-03","2014-04-28",99,-4.393,FALSE
"168",2013,"soil","PARA-S1",0.402520833333333,"2013-09-30","2013-10-05",6,0.121,FALSE
"169",2014,"soil","PARA-S2",0,"2013-09-30","2014-06-27",248,-2.145,FALSE
"170",2014,"soil","PARA-S3",0,"2013-09-30","2014-06-29",250,-2.03,FALSE
"171",2013,"soil","PARA-S4",0.085675,"2013-09-30","2013-12-22",70,-1.914,FALSE
"172",2014,"soil","PARA-S5",0,"2013-09-30","2014-06-29",249,-2.727,FALSE
"173",2014,"soil","PARA-S6",0,"2013-09-30","2014-07-05",262,-1.341,FALSE
"174",2013,"soil","PP17-S2",0,NA,NA,0,0.01,FALSE
"175",2013,"soil","PP17-S3",0.533229166666667,"2013-11-03","2013-11-18",6,-3.079,FALSE
"176",2014,"soil","PP17-S4",0,"2013-11-04","2014-05-11",158,-3.911,FALSE
"177",2014,"soil","PP17-S5",0,"2013-11-16","2014-04-05",102,-8.314,FALSE
"178",2013,"soil","PP17-S6",0,NA,NA,0,2.73,FALSE
"179",2013,"soil","SPRY-S1",0,NA,NA,0,Inf,FALSE
"180",2014,"soil","SPRY-S2",0,"2013-09-30","2014-06-26",250,-1.456,FALSE
"181",2013,"soil","SPRY-S3",0,NA,NA,0,Inf,FALSE
"182",2014,"soil","SPRY-S4",0,"2013-09-30","2014-06-27",245,-1.57,FALSE
"183",2013,"soil","SPRY-S5",0,NA,NA,0,6.573,FALSE
"184",2013,"soil","SPRY-S6",13.076,NA,NA,0,10.944,FALSE
"185",2014,"soil","SUNR-S1",0.141563210227273,"2013-09-29","2014-04-08",176,-2.261,TRUE
"186",2014,"soil","SUNR-S2",0,"2013-09-29","2014-06-25",253,-1.799,FALSE
"187",2013,"soil","SUNR-S3",1.6838125,"2013-09-25","2013-09-25",1,-0.213,FALSE
"188",2013,"soil","SUNR-S4",0.221404761904762,"2013-09-25","2013-10-18",21,-0.213,FALSE
"189",2013,"soil","SUNR-S5",0.273553571428571,"2013-09-29","2013-10-05",7,0.01,FALSE
"190",2014,"soil","SUNR-S6",0,"2013-09-29","2014-06-10",230,-1.799,FALSE
"191",2014,"soil","TA01-S2",0,"2013-12-04","2014-03-06",36,-8.05,FALSE
"192",2014,"soil","TA01-S3",0,"2013-12-13","2014-03-06",37,-7.657,FALSE
"193",2014,"soil","TA01-S4",0,"2013-12-06","2014-03-05",35,-8.58,FALSE
"194",2014,"soil","TA01-S5",0,"2013-12-06","2014-04-23",53,-5.62,FALSE
"195",2013,"soil","TA01-S6",0,NA,NA,0,3.578,FALSE
"196",2014,"soil","TB13-S1",0,"2013-12-03","2014-03-22",46,-6.626,FALSE
"197",2014,"soil","TB13-S2",0,"2013-12-03","2014-03-22",33,-8.713,FALSE
"198",2014,"soil","TB13-S3",0,"2013-12-03","2014-03-21",36,-11.058,FALSE
"199",2014,"soil","TB13-S4",0,"2013-11-16","2014-03-23",49,-6.12,FALSE
"200",2014,"soil","TB13-S5",0,"2013-12-03","2014-03-21",42,-8.314,FALSE
"201",2014,"soil","TB13-S6",0,"2013-12-03","2014-03-23",43,-8.58,FALSE
"202",2014,"soil","TO04-S1",0,"2013-11-23","2014-03-20",39,-8.982,FALSE
"203",2014,"soil","TO04-S2",0,"2013-12-03","2014-03-19",33,-8.713,FALSE
"204",2013,"soil","TO04-S3",-0.580890625,"2013-11-24","2013-12-13",8,-3.911,FALSE
"205",2014,"soil","TO04-S4",0,"2013-11-24","2014-03-23",76,-7.787,FALSE
"206",2014,"soil","TO04-S5",0,"2013-11-23","2014-03-17",45,-11.344,FALSE
"207",2014,"soil","TO04-S6",0,"2013-12-12","2014-03-19",47,-9.252,FALSE
"208",2014,"soil","TO11-S1",0,"2013-11-21","2014-03-18",11,-6.626,FALSE
"209",2014,"soil","TO11-S2",0,"2013-11-21","2014-03-18",9,-7.397,FALSE
"210",2014,"soil","TO11-S3",0,"2013-11-21","2014-03-17",11,-7.138,FALSE
"211",2014,"soil","TO11-S4",0,"2013-11-21","2014-03-21",21,-7.787,FALSE
"212",2014,"soil","TO11-S5",1.11165878378378,"2013-11-21","2014-03-19",30,-6.373,FALSE
"213",2014,"soil","TO11-S6",0,"2013-11-21","2014-03-18",10,-7.657,FALSE
"214",2015,"soil","AB08-S1",0,"2014-11-23","2015-03-24",24,-5.745,FALSE
"215",2015,"soil","AB08-S2",0,"2014-11-23","2015-04-12",32,-4.636,FALSE
"216",2015,"soil","AB08-S3",0,"2014-11-23","2015-04-01",23,-6.373,FALSE
"217",2015,"soil","AB08-S4",0,"2014-11-23","2015-04-25",30,-5.496,FALSE
"218",2015,"soil","AB08-S5",0.0810885416666667,"2014-11-23","2015-01-07",16,-6.373,FALSE
"219",2015,"soil","AB08-S6",0,"2014-11-23","2015-01-20",15,-6.246,FALSE
"220",2015,"soil","AE10-S1",0,"2014-10-26","2015-05-06",111,-8.447,FALSE
"221",2015,"soil","AE10-S2",0,"2014-10-26","2015-04-25",111,-8.847,FALSE
"222",2015,"soil","AE10-S3",0,"2014-10-26","2015-04-16",80,-8.847,FALSE
"223",2015,"soil","AE10-S4",0,"2014-10-26","2015-05-06",101,-9.388,FALSE
"224",2015,"soil","AE10-S5",0,"2014-10-26","2015-04-16",69,-9.799,FALSE
"225",2015,"soil","AE10-S6",0,"2014-10-26","2015-04-25",94,-9.388,FALSE
"226",2015,"soil","AG05-S1",0,"2014-11-23","2015-04-15",19,-2.844,FALSE
"227",2015,"soil","AG05-S2",0,"2014-11-23","2015-04-15",25,-2.962,FALSE
"228",2015,"soil","AG05-S3",0,"2014-11-23","2015-04-15",23,-4.152,FALSE
"229",2015,"soil","AG05-S4",0,"2014-11-23","2015-04-15",22,-3.672,FALSE
"230",2015,"soil","AG05-S5",0,"2014-11-23","2015-04-14",15,-4.514,FALSE
"231",2015,"soil","AG05-S6",0,"2014-11-23","2015-04-15",16,-4.031,FALSE
"232",2015,"soil","AM16-A1",0,"2014-11-23","2014-12-18",2,-11.487,FALSE
"233",2015,"soil","AM16-A2",0,"2014-11-23","2015-03-23",2,-11.344,FALSE
"234",2015,"soil","AM16-S1",0.173910714285714,"2014-10-27","2015-04-25",112,-7.397,FALSE
"235",2015,"soil","AM16-S2",0,"2014-10-27","2015-04-16",90,-5.87,FALSE
"236",2015,"soil","AM16-S4",0,"2014-11-22","2015-04-24",54,-3.792,FALSE
"237",2015,"soil","AM16-S5",0,"2014-11-14","2015-04-14",29,-2.494,FALSE
"238",2015,"soil","AM16-S6",0,"2014-11-14","2015-04-14",44,-3.553,FALSE
"239",2015,"soil","AO03-S1",0,"2014-11-20","2015-03-26",68,-4.514,FALSE
"240",2015,"soil","AO03-S2",0,"2014-11-21","2015-01-23",42,-6.499,FALSE
"241",2015,"soil","AO03-S3",0,"2014-11-20","2015-02-04",59,-5.62,FALSE
"242",2015,"soil","AO03-S4",0,"2014-11-23","2015-02-02",53,-7.267,FALSE
"243",2015,"soil","AO03-S5",0,"2014-11-23","2015-02-01",52,-6.754,FALSE
"244",2015,"soil","AO03-S6",0,"2014-11-20","2015-02-05",61,-5.372,FALSE
"245",2015,"soil","AR07-S1",0,"2014-10-26","2015-04-25",83,-11.2,FALSE
"246",2015,"soil","AR07-S2",0,"2014-10-26","2015-04-17",81,-11.487,FALSE
"247",2015,"soil","AR07-S3",0,"2014-10-26","2015-05-05",102,-11.487,FALSE
"248",2015,"soil","AR07-S4",0,"2014-10-26","2015-05-05",127,-7.918,FALSE
"249",2015,"soil","AR07-S5",0,"2014-10-26","2015-04-26",126,-8.58,FALSE
"250",2015,"soil","AR07-S6",0,"2014-10-26","2015-04-17",101,-9.799,FALSE
"251",2015,"soil","AV02-S1",0,"2014-11-20","2015-02-04",60,-5.372,FALSE
"252",2015,"soil","AV02-S2",0,"2014-11-19","2015-04-14",58,-4.152,FALSE
"253",2015,"soil","AV02-S3",0,"2014-11-20","2015-01-31",55,-4.514,FALSE
"254",2015,"soil","AV02-S4",0,"2014-11-20","2015-02-01",56,-4.152,FALSE
"255",2015,"soil","AV02-S5",0,"2014-11-20","2015-02-04",60,-4.88,FALSE
"256",2015,"soil","AV02-S6",0,"2014-11-20","2015-01-25",48,-4.031,FALSE
"257",2015,"soil","AV06-S1",0,"2014-11-23","2015-04-15",37,-5.249,FALSE
"258",2015,"soil","AV06-S2",0,NA,NA,0,24.744,FALSE
"259",2015,"soil","AV06-S3",0,"2014-11-23","2015-04-14",27,-4.514,FALSE
"260",2015,"soil","AV06-S4",0,"2014-11-23","2015-04-14",35,-4.758,FALSE
"261",2015,"soil","AV06-S5",0,"2014-11-23","2015-04-14",29,-5.125,FALSE
"262",2015,"soil","AV06-S6",0,"2014-11-23","2015-04-15",41,-4.636,FALSE
"263",2015,"soil","AV14-S1",0,"2014-11-14","2015-04-26",46,-3.316,FALSE
"264",2015,"soil","AV14-S2",0,"2014-11-14","2015-04-25",54,-2.261,FALSE
"265",2015,"soil","AV14-S3",0,"2014-11-23","2015-04-26",48,-3.316,FALSE
"266",2015,"soil","AV14-S4",0,"2014-11-14","2015-04-26",64,-3.434,FALSE
"267",2015,"soil","AV14-S5",0,"2014-11-14","2015-04-25",51,-3.553,FALSE
"268",2015,"soil","AV14-S6",0,"2014-11-12","2015-04-25",51,-2.962,FALSE
"269",2015,"soil","PARA-S1",0,"2014-10-26","2015-04-26",106,-9.662,FALSE
"270",2015,"soil","PARA-S2",0,"2014-10-26","2015-04-19",87,-10.493,FALSE
"271",2015,"soil","PARA-S3",0,"2014-10-27","2015-04-19",96,-11.631,FALSE
"272",2015,"soil","PARA-S4",0,"2014-10-26","2015-05-23",191,-4.88,FALSE
"273",2015,"soil","PARA-S5",0,"2014-10-26","2015-04-26",107,-7.918,FALSE
"274",2015,"soil","PARA-S6",0,"2014-10-26","2015-04-26",121,-7.527,FALSE
"275",2015,"soil","PP17-S1",0,"2014-11-25","2015-02-01",39,-8.314,FALSE
"276",2015,"soil","PP17-S2",0,"2014-11-25","2015-01-18",19,-8.05,FALSE
"277",2015,"soil","PP17-S3",0,"2014-11-10","2015-04-12",79,-5.62,FALSE
"278",2015,"soil","PP17-S4",0,"2014-11-20","2015-04-12",79,-4.88,FALSE
"279",2015,"soil","PP17-S5",0,"2014-11-22","2015-01-26",48,-8.182,FALSE
"280",2015,"soil","PP17-S6",0,"2014-11-10","2015-03-25",70,-6.499,FALSE
"281",2015,"soil","SPRY-S1",0,"2014-10-24","2015-05-13",170,-6.499,FALSE
"282",2015,"soil","SPRY-S1",0,"2014-10-24","2015-05-13",170,-6.499,FALSE
"283",2015,"soil","SPRY-S2",0,"2014-10-24","2015-05-08",139,-2.727,FALSE
"284",2015,"soil","SPRY-S3",0,"2014-10-24","2015-05-07",103,-7.01,FALSE
"285",2015,"soil","SPRY-S4",0,"2014-10-26","2015-05-07",97,-5.87,FALSE
"286",2015,"soil","SPRY-S5",0,"2014-10-26","2015-05-07",103,-8.05,FALSE
"287",2015,"soil","SPRY-S6",0,"2014-10-26","2015-05-05",93,-7.787,FALSE
"288",2015,"soil","SUNR-S1",0,"2014-10-24","2015-05-13",183,-3.792,FALSE
"289",2015,"soil","SUNR-S2",0,"2014-10-24","2015-05-13",183,-5.372,FALSE
"290",2015,"soil","SUNR-S3",0,"2014-10-24","2015-05-25",199,-5.249,FALSE
"291",2015,"soil","SUNR-S4",0,"2014-10-24","2015-05-27",202,-2.844,FALSE
"292",2015,"soil","SUNR-S5",0,"2014-10-24","2015-05-13",180,-6.12,FALSE
"293",2015,"soil","SUNR-S6",0,"2014-10-24","2015-05-05",117,-7.527,FALSE
"294",2015,"soil","TA01-S1",0,"2014-12-26","2015-01-06",9,-4.272,FALSE
"295",2015,"soil","TA01-S2",0,"2014-12-26","2015-01-05",7,-4.152,FALSE
"296",2015,"soil","TA01-S3",0,"2014-12-25","2015-01-04",7,-3.911,FALSE
"297",2015,"soil","TA01-S4",0,"2014-12-25","2015-01-04",7,-4.514,FALSE
"298",2015,"soil","TA01-S5",0,"2014-12-26","2015-01-06",9,-3.792,FALSE
"299",2015,"soil","TA01-S6",0,"2014-12-26","2015-01-04",6,-4.152,FALSE
"300",2015,"soil","TB13-S1",0,"2014-12-03","2015-04-14",8,-3.553,FALSE
"301",2015,"soil","TB13-S2",0,"2014-12-03","2015-01-04",8,-4.514,FALSE
"302",2015,"soil","TB13-S3",0,"2014-12-03","2015-04-14",8,-5.003,FALSE
"303",2015,"soil","TB13-S4",0,"2014-12-03","2015-04-14",8,-3.434,FALSE
"304",2015,"soil","TB13-S5",0,"2014-12-03","2015-04-14",8,-5.003,FALSE
"305",2015,"soil","TO04-S1",0,"2014-12-03","2015-01-05",7,-2.962,FALSE
"306",2015,"soil","TO04-S2",0,"2014-12-03","2015-01-04",3,-2.377,FALSE
"307",2015,"soil","TO04-S3",0,"2014-11-23","2015-04-14",21,-2.03,FALSE
"308",2015,"soil","TO04-S4",0,"2014-11-17","2015-01-07",11,-2.844,FALSE
"309",2015,"soil","TO04-S5",0,"2014-12-03","2015-01-05",8,-3.911,FALSE
"310",2015,"soil","TO04-S6",0,"2014-12-03","2015-01-05",6,-3.079,FALSE
"311",2015,"soil","TO11-S1",0,"2014-11-12","2015-01-03",9,-2.261,FALSE
"312",2015,"soil","TO11-S2",0,"2014-11-12","2015-01-03",8,-2.727,FALSE
"313",2015,"soil","TO11-S3",0,"2014-11-12","2015-01-03",9,-2.494,FALSE
"314",2015,"soil","TO11-S4",0,"2014-11-12","2015-01-03",12,-1.57,FALSE
"315",2015,"soil","TO11-S5",0,"2014-11-12","2015-01-03",10,-2.377,FALSE
"316",2015,"soil","TO11-S6",0,"2014-11-12","2015-01-03",8,-2.377,FALSE
"317",2016,"soil","AB08-S1",0,"2015-11-18","2016-03-25",99,-1.684,FALSE
"318",2016,"soil","AB08-S2",0,"2015-11-18","2016-04-01",124,-1.228,FALSE
"319",2016,"soil","AB08-S3",0,"2015-11-18","2016-03-22",93,-1.799,FALSE
"320",2016,"soil","AB08-S4",0,"2015-11-18","2016-03-25",102,-1.684,FALSE
"321",2016,"soil","AB08-S5",0,"2015-11-18","2016-03-20",93,-1.456,FALSE
"322",2016,"soil","AB08-S6",0,"2015-11-18","2016-03-20",80,-2.61,FALSE
"323",2015,"soil","AE10-S1",0,NA,NA,0,4.934,FALSE
"324",2016,"soil","AE10-S2",0,"2015-11-02","2016-06-15",198,0.01,FALSE
"325",2016,"soil","AE10-S3",0,"2015-11-02","2016-06-14",180,-1.228,FALSE
"326",2016,"soil","AE10-S4",0,"2015-11-02","2016-06-14",198,-0.549,FALSE
"327",2016,"soil","AE10-S5",0,"2015-11-02","2016-06-14",159,-3.553,FALSE
"328",2016,"soil","AE10-S6",0,"2015-11-02","2016-06-14",192,-0.437,FALSE
"329",2016,"soil","AG05-S1",0,"2015-11-12","2016-03-28",97,-0.887,FALSE
"330",2016,"soil","AG05-S2",0,"2015-11-12","2016-03-28",92,-0.437,FALSE
"331",2016,"soil","AG05-S3",0,"2015-11-16","2016-03-28",99,-0.213,FALSE
"332",2016,"soil","AG05-S6",0,"2015-11-12","2016-03-18",74,-0.774,FALSE
"333",2016,"soil","AM16-A2",0,"2015-12-05","2016-02-18",11,-8.58,FALSE
"334",2015,"soil","AM16-S1",0.203875,"2015-11-02","2015-11-20",9,-0.887,FALSE
"335",2016,"soil","AM16-S2",0,"2015-11-12","2016-05-24",193,-1.341,FALSE
"336",2016,"soil","AM16-S3",0,"2015-11-05","2016-05-19",189,-0.662,FALSE
"337",2016,"soil","AM16-S4",0,"2015-11-12","2016-05-06",162,-1.799,FALSE
"338",2016,"soil","AM16-S5",0,"2015-11-26","2016-04-08",123,-0.774,FALSE
"339",2016,"soil","AM16-S6",0,"2015-11-22","2016-04-20",142,-2.145,FALSE
"340",2016,"soil","AO03-S1",0,"2015-11-16","2016-05-01",163,-1.799,FALSE
"341",2016,"soil","AO03-S2",0,"2015-11-16","2016-04-06",125,-4.031,FALSE
"342",2016,"soil","AO03-S3",0,"2015-11-16","2016-04-28",163,-2.145,FALSE
"343",2016,"soil","AO03-S4",0.747286622276029,"2015-11-16","2016-01-15",55,-3.197,TRUE
"344",2016,"soil","AO03-S5",0,"2015-11-16","2016-04-20",153,-1.228,FALSE
"345",2016,"soil","AO03-S6",0,"2015-11-16","2016-04-25",158,-1.341,FALSE
"346",2016,"soil","AR07-S1",0,"2015-11-02","2016-04-29",159,-2.962,FALSE
"347",2016,"soil","AR07-S2",0,"2015-11-02","2016-06-15",186,-0.213,FALSE
"348",2016,"soil","AR07-S3",0,"2015-11-02","2016-06-14",182,-0.662,FALSE
"349",2016,"soil","AR07-S4",0,"2015-11-02","2016-06-15",204,-0.102,FALSE
"350",2016,"soil","AR07-S5",0,"2015-11-02","2016-06-14",197,-0.325,FALSE
"351",2016,"soil","AR07-S6",0,"2015-11-02","2016-06-14",183,0.01,FALSE
"352",2016,"soil","AV02-S1",0,"2015-11-16","2016-04-21",155,-2.03,FALSE
"353",2016,"soil","AV02-S2",0,"2015-11-16","2016-04-21",154,-1.456,FALSE
"354",2016,"soil","AV02-S3",0,"2015-11-16","2016-04-14",146,-1.684,FALSE
"355",2016,"soil","AV02-S4",0,"2015-11-16","2016-04-10",147,-0.662,FALSE
"356",2016,"soil","AV02-S5",0,"2015-11-16","2016-04-20",156,-1.341,FALSE
"357",2016,"soil","AV02-S6",0,"2015-11-16","2016-04-07",138,-1.914,FALSE
"358",2016,"soil","AV06-S1",0,"2015-11-12","2016-04-05",131,-1.001,FALSE
"359",2016,"soil","AV06-S2",0,"2015-11-12","2016-04-16",146,-0.549,FALSE
"360",2016,"soil","AV06-S3",0,"2015-11-12","2016-04-08",124,-2.145,FALSE
"361",2016,"soil","AV06-S4",0,"2015-11-12","2016-04-17",147,-0.549,FALSE
"362",2016,"soil","AV06-S5",0,"2015-11-12","2016-04-07",124,-1.456,FALSE
"363",2016,"soil","AV06-S6",0,"2015-11-12","2016-04-19",149,-0.662,FALSE
"364",2016,"soil","AV14-S1",0,"2015-11-16","2016-04-05",122,-1.341,FALSE
"365",2016,"soil","AV14-S2",0,"2015-11-16","2016-04-05",111,-1.228,FALSE
"366",2016,"soil","AV14-S3",0,"2015-11-21","2016-04-14",130,0.343,FALSE
"367",2016,"soil","AV14-S4",0,"2015-11-16","2016-04-23",143,-1.341,FALSE
"368",2016,"soil","AV14-S5",0,"2015-11-04","2016-04-05",124,-0.662,FALSE
"369",2016,"soil","AV14-S6",0,"2015-11-04","2016-04-05",95,-0.549,FALSE
"370",2016,"soil","AX15-S1",0,"2015-11-12","2016-03-29",88,-0.437,FALSE
"371",2016,"soil","AX15-S2",0,"2015-11-12","2016-03-29",84,-1.001,FALSE
"372",2016,"soil","AX15-S3",0,"2015-11-16","2016-03-29",86,-0.887,FALSE
"373",2016,"soil","AX15-S4",0,"2015-11-16","2016-03-30",87,-0.549,FALSE
"374",2016,"soil","AX15-S5",0,"2015-11-16","2016-03-29",79,-2.03,FALSE
"375",2016,"soil","AX15-S6",0,"2015-11-12","2016-03-29",86,-1.114,FALSE
"376",2016,"soil","PARA-S1",0,"2015-11-02","2016-06-15",217,-0.774,FALSE
"377",2016,"soil","PARA-S2",0,"2015-11-02","2016-06-15",216,-0.213,FALSE
"378",2016,"soil","PARA-S3",0,"2015-11-02","2016-06-15",216,-0.437,FALSE
"379",2016,"soil","PARA-S4",0,"2015-10-26","2016-07-03",247,-0.774,FALSE
"380",2016,"soil","PARA-S5",0,"2015-10-27","2016-06-15",215,-0.774,FALSE
"381",2016,"soil","PARA-S6",0,"2015-10-27","2016-06-16",221,-0.102,FALSE
"382",2016,"soil","PP17-S1",0,"2015-11-19","2016-04-18",139,-2.844,FALSE
"383",2016,"soil","PP17-S2",0,"2015-11-24","2016-04-09",127,-3.553,FALSE
"384",2016,"soil","PP17-S3",0,"2015-11-17","2016-05-07",170,-2.03,FALSE
"385",2016,"soil","PP17-S4",0,"2015-11-17","2016-05-01",165,-1.799,FALSE
"386",2015,"soil","PP17-S5",0,NA,NA,0,Inf,FALSE
"387",2016,"soil","PP17-S6",0,"2015-11-17","2016-04-30",163,-2.377,FALSE
"388",2016,"soil","SPRY-S1",0,"2015-11-02","2016-06-24",203,-1.001,FALSE
"389",2016,"soil","SPRY-S2",0,"2015-11-05","2016-05-12",165,-2.727,FALSE
"390",2016,"soil","SPRY-S3",0,"2015-11-02","2016-06-15",167,-3.792,FALSE
"391",2016,"soil","SPRY-S4",0.0941580882352941,"2015-11-02","2016-02-03",67,-3.672,TRUE
"392",2016,"soil","SPRY-S5",0,"2015-11-02","2016-06-16",164,-3.911,FALSE
"393",2016,"soil","SPRY-S6",0,"2015-11-02","2016-06-16",171,-4.152,FALSE
"394",2016,"soil","SUNR-S1",0,"2015-11-01","2016-06-16",216,-1.914,FALSE
"395",2016,"soil","SUNR-S2",0,"2015-11-02","2016-06-14",219,-1.799,FALSE
"396",2016,"soil","SUNR-S3",0,"2015-11-02","2016-06-25",237,-1.799,FALSE
"397",2016,"soil","SUNR-S4",0,"2015-11-01","2016-06-29",242,-0.887,FALSE
"398",2016,"soil","SUNR-S5",0,"2015-11-02","2016-06-14",213,-2.261,FALSE
"399",2016,"soil","SUNR-S6",0,"2015-11-02","2016-06-14",189,-4.88,FALSE
"400",2016,"soil","TA01-S1",0,"2015-12-13","2016-03-18",67,-2.261,FALSE
"401",2016,"soil","TA01-S2",0,"2015-11-25","2016-03-16",63,-1.684,FALSE
"402",2016,"soil","TA01-S3",0,"2015-11-25","2016-03-18",63,-1.341,FALSE
"403",2016,"soil","TA01-S4",0,"2015-12-14","2016-03-17",58,-1.799,FALSE
"404",2016,"soil","TA01-S5",0,"2015-12-14","2016-03-17",62,-1.57,FALSE
"405",2016,"soil","TA01-S6",0,"2015-12-14","2016-03-16",60,-1.341,FALSE
"406",2016,"soil","TB13-A1",2.68055,"2015-12-14","2015-12-23",3,-6.373,FALSE
"407",2016,"soil","TB13-S1",0,"2015-11-25","2016-03-18",57,-0.325,FALSE
"408",2016,"soil","TB13-S2",2.13585256410256,"2015-11-25","2016-01-18",37,0.563,TRUE
"409",2016,"soil","TB13-S3",0,"2015-11-16","2016-03-18",59,-1.001,FALSE
"410",2016,"soil","TB13-S4",0,"2015-11-16","2016-03-18",52,-1.114,FALSE
"411",2016,"soil","TB13-S5",0,"2015-11-16","2016-03-18",54,-0.325,FALSE
"412",2016,"soil","TB13-S6",0,"2015-11-16","2016-03-18",60,-1.114,FALSE
"413",2015,"soil","TO04-S1",0,NA,NA,0,Inf,FALSE
"414",2016,"soil","TO04-S2",0,"2015-11-21","2016-03-15",38,-1.341,FALSE
"415",2016,"soil","TO04-S3",0,"2015-11-21","2016-03-17",55,-1.456,FALSE
"416",2016,"soil","TO04-S4",0,"2015-11-22","2016-03-16",51,-1.001,FALSE
"417",2016,"soil","TO04-S5",0,"2015-11-21","2016-03-15",44,-1.001,FALSE
"418",2016,"soil","TO04-S6",0,"2015-11-21","2016-03-15",45,-1.114,FALSE
"419",2016,"soil","TO11-S1",0,"2015-11-20","2016-02-02",40,-0.325,FALSE
"420",2016,"soil","TO11-S2",0,"2015-11-20","2016-02-02",39,-0.437,FALSE
"421",2016,"soil","TO11-S3",0,"2015-11-20","2016-02-02",42,-0.662,FALSE
"422",2016,"soil","TO11-S4",0,"2015-11-21","2016-02-02",46,0.121,FALSE
"423",2016,"soil","TO11-S5",3.9551853125,"2015-11-21","2016-02-02",39,-0.662,FALSE
"424",2016,"soil","TO11-S6",0,"2015-11-21","2016-02-02",40,0.232,FALSE
"425",2017,"soil","AB08-S1",0,"2016-11-17","2017-04-06",132,-1.341,FALSE
"426",2017,"soil","AB08-S2",0,"2016-11-17","2017-04-14",137,-2.261,FALSE
"427",2017,"soil","AB08-S3",0,"2016-11-28","2017-04-12",136,-0.774,FALSE
"428",2017,"soil","AB08-S4",0,"2016-11-17","2017-04-14",136,-2.377,FALSE
"429",2017,"soil","AB08-S5",0,"2016-11-28","2017-04-11",135,-0.549,FALSE
"430",2017,"soil","AB08-S6",0,"2016-11-17","2017-04-08",123,-0.549,FALSE
"431",2017,"soil","AE10-S1",0,"2016-10-18","2017-06-21",221,-0.325,FALSE
"432",2017,"soil","AE10-S2",0,"2016-10-18","2017-06-22",222,0.121,FALSE
"433",2017,"soil","AE10-S3",0,"2016-10-18","2017-06-15",213,-0.549,FALSE
"434",2017,"soil","AE10-S4",0,"2016-10-18","2017-06-22",221,-0.102,FALSE
"435",2017,"soil","AE10-S5",0,"2016-11-16","2017-05-31",195,-0.662,FALSE
"436",2017,"soil","AE10-S6",0,"2016-10-18","2017-06-12",210,-0.325,FALSE
"437",2017,"soil","AG05-S1",0,"2016-11-28","2017-04-10",131,-0.887,FALSE
"438",2017,"soil","AG05-S3",0,"2016-11-28","2017-05-17",137,-0.213,FALSE
"439",2017,"soil","AG05-S4",0,"2016-11-28","2017-05-17",140,0.232,FALSE
"440",2017,"soil","AGO5-S2",0,"2016-11-28","2017-05-17",139,-0.213,FALSE
"441",2017,"soil","AGO5-S5",0,"2016-10-17","2017-02-27",5,-14.806,FALSE
"442",2017,"soil","AGO5-S6",0,NA,NA,0,28.762,FALSE
"443",2016,"soil","AM16-S1",0,NA,NA,0,Inf,FALSE
"444",2016,"soil","AM16-S2",0,NA,NA,0,Inf,FALSE
"445",2017,"soil","AM16-S3",0,"2016-11-16","2017-06-21",217,-0.549,FALSE
"446",2017,"soil","AM16-S4",0,"2016-11-19","2017-06-01",185,0.232,FALSE
"447",2017,"soil","AM16-S5",0,"2016-11-18","2017-05-30",187,-1.57,FALSE
"448",2017,"soil","AM16-S6",0,"2016-11-18","2017-05-27",187,-0.102,FALSE
"449",2017,"soil","AO03-S1",0,"2016-11-25","2017-05-26",181,-1.114,FALSE
"450",2017,"soil","AO03-S2",0,"2016-11-24","2017-05-18",169,-4.272,FALSE
"451",2017,"soil","AO03-S3",0,"2016-11-25","2017-05-22",177,-0.662,FALSE
"452",2017,"soil","AO03-S4",0.106380303030303,"2016-11-25","2017-05-09",164,-0.887,TRUE
"453",2017,"soil","AO03-S5",0,"2016-11-28","2017-05-19",173,-0.102,FALSE
"454",2017,"soil","AO03-S6",0,"2016-11-28","2017-05-22",175,-1.114,FALSE
"455",2017,"soil","AR07-S2",0,"2016-11-16","2017-06-06",201,-0.774,FALSE
"456",2017,"soil","ARO7-S1",0,"2016-10-18","2017-05-29",195,-1.228,FALSE
"457",2017,"soil","ARO7-S3",0,"2016-10-18","2017-06-06",204,-0.325,FALSE
"458",2017,"soil","ARO7-S4",0,"2016-10-18","2017-06-23",223,-0.549,FALSE
"459",2017,"soil","ARO7-S5",0,"2016-10-18","2017-06-19",217,0.01,FALSE
"460",2017,"soil","ARO7-S6",0,"2016-10-18","2017-06-10",208,0.01,FALSE
"461",2017,"soil","AV02-S1",0,"2016-11-28","2017-05-20",170,-4.031,FALSE
"462",2017,"soil","AV02-S2",0,"2016-11-28","2017-05-22",175,-2.261,FALSE
"463",2017,"soil","AV02-S3",0,"2016-11-28","2017-05-16",169,-2.61,FALSE
"464",2017,"soil","AV02-S4",0,"2016-11-28","2017-05-12",164,-1.684,FALSE
"465",2017,"soil","AV02-S5",0,"2016-11-28","2017-05-21",173,-2.145,FALSE
"466",2017,"soil","AV02-S6",0,"2016-11-28","2017-05-04",157,-1.914,FALSE
"467",2017,"soil","AV06-S5",0.301285294117647,"2016-11-18","2017-05-12",169,0.232,TRUE
"468",2017,"soil","AV06-S6",0.244875939849624,"2016-11-16","2017-04-03",133,0.121,TRUE
"469",2017,"soil","AV14-S1",0,"2016-11-16","2017-05-18",170,0.232,FALSE
"470",2017,"soil","AV14-S2",0,"2016-11-16","2017-05-18",170,0.01,FALSE
"471",2017,"soil","AV14-S3",0,"2016-11-16","2017-05-22",182,0.232,FALSE
"472",2017,"soil","AV14-S4",0,"2016-11-16","2017-05-29",187,0.121,FALSE
"473",2016,"soil","AV14-S5",6.2261,NA,NA,0,2.41,FALSE
"474",2017,"soil","AV14-S6",0,"2016-11-16","2017-05-17",159,-1.684,FALSE
"475",2017,"soil","AVO6-S1",0,"2016-11-16","2017-05-18",167,-0.102,FALSE
"476",2017,"soil","AVO6-S2",0,"2016-11-16","2017-05-22",181,0.121,FALSE
"477",2017,"soil","AVO6-S3",0,"2016-11-16","2017-05-20",176,-0.213,FALSE
"478",2017,"soil","AVO6-S4",0,"2016-11-16","2017-05-22",180,0.01,FALSE
"479",2017,"soil","AX15-S1",0,"2016-11-17","2017-05-17",135,-0.662,FALSE
"480",2017,"soil","AX15-S2",0,"2016-11-16","2017-05-17",130,-0.325,FALSE
"481",2017,"soil","AX15-S3",0,"2016-11-17","2017-05-17",147,0.121,FALSE
"482",2017,"soil","AX15-S4",0,"2016-11-16","2017-05-18",138,-0.213,FALSE
"483",2017,"soil","AX15-S5",0,"2016-11-16","2017-05-17",128,-1.001,FALSE
"484",2017,"soil","AX15-S6",0,"2016-11-17","2017-05-17",140,-0.102,FALSE
"485",2017,"soil","PARA-S1",0,"2016-10-17","2017-07-01",231,-0.325,FALSE
"486",2017,"soil","PARA-S2",0,"2016-10-17","2017-06-24",224,-0.662,FALSE
"487",2017,"soil","PARA-S3",0,"2016-10-17","2017-06-25",225,-1.114,FALSE
"488",2017,"soil","PARA-S4",0,"2016-10-15","2017-07-13",252,-1.914,FALSE
"489",2017,"soil","PARA-S5",0,"2016-10-17","2017-06-27",227,-0.887,FALSE
"490",2017,"soil","PARA-S6",0,"2016-10-17","2017-07-01",233,-1.001,FALSE
"491",2017,"soil","PP17-S1",0,"2016-11-16","2017-05-09",170,-1.57,FALSE
"492",2017,"soil","PP17-S2",0,"2016-11-24","2017-04-19",139,-3.079,FALSE
"493",2017,"soil","PP17-S3",0,"2016-11-16","2017-05-23",184,-1.001,FALSE
"494",2017,"soil","PP17-S4",0,"2016-11-16","2017-05-20",181,-1.341,FALSE
"495",2017,"soil","PP17-S5",0,"2016-11-19","2017-04-12",136,-2.377,FALSE
"496",2017,"soil","PP17",0,"2016-11-19","2017-05-18",178,-1.57,FALSE
"497",2017,"soil","SPRAY-S1",0,"2016-10-17","2017-06-14",213,-3.197,FALSE
"498",2017,"soil","SPRY-S2",0,"2016-10-18","2017-06-14",213,-1.228,FALSE
"499",2017,"soil","SPRY-S3",0,"2016-10-17","2017-05-31",199,-1.114,FALSE
"500",2017,"soil","SPRY-S4",0,"2016-10-17","2017-06-14",213,-1.456,FALSE
"501",2017,"soil","SPRY-S5",0,"2016-10-17","2017-06-05",205,-1.57,FALSE
"502",2017,"soil","SPRY-S6",0,"2016-10-17","2017-06-13",211,-1.228,FALSE
"503",2017,"soil","SUNR-S1",0,"2016-10-15","2017-06-25",233,-1.228,FALSE
"504",2017,"soil","SUNR-S2",0,"2016-10-15","2017-07-01",238,-1.799,FALSE
"505",2017,"soil","SUNR-S3",0.108975393700787,"2016-10-15","2017-07-05",254,-1.114,FALSE
"506",2017,"soil","SUNR-S4",0,"2016-10-10","2017-07-07",258,-0.774,FALSE
"507",2017,"soil","SUNR-S5",0,"2016-10-15","2017-07-01",234,-2.03,FALSE
"508",2016,"soil","TA01-S2",9.32375,NA,NA,0,5.552,FALSE
"509",2017,"soil","TA01-S4",0,"2016-12-05","2017-03-23",106,-2.962,FALSE
"510",2017,"soil","TAO1-S1",0,"2016-11-28","2017-04-01",118,-1.57,FALSE
"511",2017,"soil","TAO1-S3",0,"2016-12-05","2017-03-26",105,-2.03,FALSE
"512",2017,"soil","TAO1-S5",0,"2016-11-28","2017-04-02",117,-1.914,FALSE
"513",2017,"soil","TAO1-S6",0,"2016-12-05","2017-03-28",111,-3.792,FALSE
"514",2017,"soil","TB13-S1",0,"2016-12-01","2017-03-13",93,-0.887,FALSE
"515",2017,"soil","TB13-S2",0,"2016-12-01","2017-03-12",87,-2.03,FALSE
"516",2017,"soil","TB13-S3",0,"2016-12-01","2017-03-13",94,-1.57,FALSE
"517",2017,"soil","TB13-S4",0,"2016-12-01","2017-03-13",89,-1.684,FALSE
"518",2017,"soil","TB13-S5",0,"2016-12-01","2017-03-13",89,-3.672,FALSE
"519",2017,"soil","TB13-S6",0,"2016-12-01","2017-03-14",98,-1.914,FALSE
"520",2017,"soil","TO04-S4",0,"2016-12-05","2017-03-27",102,-3.197,FALSE
"521",2017,"soil","TO04-S5",0,"2016-12-05","2017-03-11",81,-3.911,FALSE
"522",2017,"soil","TO04-S6",0,"2016-12-05","2017-03-13",95,-1.114,FALSE
"523",2017,"soil","TO11-S1",0,"2016-12-05","2017-03-09",50,-3.911,FALSE
"524",2017,"soil","TO11-S2",0,"2016-12-05","2017-03-09",71,-3.553,FALSE
"525",2017,"soil","TO11-S3",0,"2016-12-05","2017-03-09",69,-3.553,FALSE
"526",2017,"soil","TO11-S4",0,"2016-12-05","2017-03-12",93,-2.377,FALSE
"527",2017,"soil","TO11-S5",0,"2016-12-05","2017-03-11",88,-3.672,FALSE
"528",2017,"soil","TO11-S6",0,"2016-12-05","2017-03-09",67,-2.61,FALSE
"529",2017,"soil","TOO4-S1",-0.08588125,"2016-12-05","2017-02-04",38,-5.372,TRUE
"530",2017,"soil","TOO4-S2",0,"2016-12-05","2017-03-13",93,-1.114,FALSE
"531",2017,"soil","TOO4-S3",0,"2016-12-05","2017-03-21",105,-1.456,FALSE
"532",2018,"soil","A003-S1",0,"2017-11-04","2018-02-01",90,0.01,FALSE
"533",2018,"soil","A003-S2",0,"2017-11-03","2018-05-04",182,-0.774,FALSE
"534",2018,"soil","A003-S3",0,"2017-11-04","2018-05-09",187,-0.325,FALSE
"535",2018,"soil","A003-S4",0,"2017-11-03","2018-05-04",183,-1.57,FALSE
"536",2018,"soil","A003-S5",0,"2017-11-04","2018-05-05",183,-0.213,FALSE
"537",2018,"soil","A003-S6",0,"2017-11-03","2018-05-02",179,-1.114,FALSE
"538",2018,"soil","AB08-S1",0,"2017-11-05","2018-04-08",116,-2.962,FALSE
"539",2018,"soil","AB08-S2",0,"2017-11-03","2018-04-07",118,-5.372,FALSE
"540",2018,"soil","AB08-S3",0,"2017-11-05","2018-04-10",115,-3.672,FALSE
"541",2018,"soil","AB08-S4",0,"2017-11-03","2018-04-05",93,-5.496,FALSE
"542",2018,"soil","AB08-S5",0,"2017-11-03","2018-04-12",123,-3.434,FALSE
"543",2018,"soil","AB08-S6",0,"2017-11-03","2018-04-04",103,-2.727,FALSE
"544",2018,"soil","AE10-S1",0,"2017-10-12","2018-06-10",225,-0.662,FALSE
"545",2018,"soil","AE10-S2",0,"2017-09-19","2018-06-11",231,-0.325,FALSE
"546",2018,"soil","AE10-S3",0,"2017-10-13","2018-05-22",207,-0.774,FALSE
"547",2018,"soil","AE10-S4",0,"2017-10-13","2018-06-10",221,-1.001,FALSE
"548",2018,"soil","AE10-S5",0,"2017-10-13","2018-05-14",198,-0.887,FALSE
"549",2018,"soil","AE10-S6",0,"2017-10-13","2018-05-24",209,-0.887,FALSE
"550",2018,"soil","AG05-S1",0,"2017-11-03","2018-04-20",120,-1.114,FALSE
"551",2018,"soil","AG05-S2",0,"2017-11-03","2018-04-24",138,-1.684,FALSE
"552",2018,"soil","AG05-S3",0,"2017-11-03","2018-04-19",125,-1.001,FALSE
"553",2018,"soil","AG05-S4",0,"2017-11-03","2018-04-22",128,-1.341,FALSE
"554",2018,"soil","AG05-S5",0,"2017-11-04","2018-04-17",112,-0.774,FALSE
"555",2018,"soil","AG05-S6",0,"2017-11-03","2018-04-17",102,-1.456,FALSE
"556",2018,"soil","AM16-S1",0,"2017-10-12","2018-06-11",229,-0.213,FALSE
"557",2018,"soil","AM16-S2",0,"2017-10-12","2018-06-12",229,-0.549,FALSE
"558",2018,"soil","AM16-S3",0,"2017-10-12","2018-06-07",223,-1.228,FALSE
"559",2018,"soil","AM16-S4",0,"2017-10-12","2018-05-27",196,0.232,FALSE
"560",2018,"soil","AM16-S5",0,"2017-10-12","2018-05-08",171,-1.456,FALSE
"561",2018,"soil","AM16-S6",0,"2017-10-12","2018-05-11",184,-1.114,FALSE
"562",2018,"soil","AR07-S1",0,"2017-10-12","2018-05-13",194,-3.553,FALSE
"563",2018,"soil","AR07-S2",0,"2017-10-12","2018-05-21",208,-0.437,FALSE
"564",2018,"soil","AR07-S3",0,"2017-10-12","2018-05-21",209,-0.437,FALSE
"565",2018,"soil","AR07-S4",0,"2017-09-19","2018-06-11",235,-0.437,FALSE
"566",2018,"soil","AR07-S5",0,"2017-09-19","2018-06-10",225,-0.662,FALSE
"567",2018,"soil","AR07-S6",0,"2017-10-12","2018-05-17",205,-0.102,FALSE
"568",2018,"soil","AV02-S1",0,"2017-11-03","2018-05-02",178,-0.662,FALSE
"569",2018,"soil","AV02-S2",0,"2017-11-03","2018-05-04",183,-1.001,FALSE
"570",2018,"soil","AV02-S3",0,"2017-11-03","2018-05-01",180,-0.325,FALSE
"571",2018,"soil","AV02-S4",0,"2017-11-03","2018-04-30",179,-0.662,FALSE
"572",2018,"soil","AV02-S5",0,"2017-11-03","2018-05-05",184,-0.437,FALSE
"573",2018,"soil","AV02-S6",0,"2017-11-03","2018-04-25",167,-1.57,FALSE
"574",2018,"soil","AV06-05",0,"2017-10-12","2018-04-27",156,-2.145,FALSE
"575",2018,"soil","AV06-S2",0,"2017-10-13","2018-05-05",181,-1.114,FALSE
"576",2018,"soil","AV06-S3",0,"2017-10-12","2018-04-30",156,-2.261,FALSE
"577",2018,"soil","AV06-S4",0,"2017-10-12","2018-05-04",185,-0.774,FALSE
"578",2018,"soil","AV06-S6",0,"2017-10-13","2018-05-06",187,-0.437,FALSE
"579",2018,"soil","AV14-S1",0,"2017-10-12","2018-05-02",158,-2.145,FALSE
"580",2018,"soil","AV14-S2",0,"2017-10-12","2018-05-04",165,-1.001,FALSE
"581",2018,"soil","AV14-S3",0,"2017-10-12","2018-05-07",177,0.232,FALSE
"582",2018,"soil","AV14-S4",0,"2017-10-12","2018-05-13",195,-0.325,FALSE
"583",2018,"soil","AV14-S5",0,"2017-10-12","2018-05-05",149,-2.727,FALSE
"584",2018,"soil","AV14-S6",0,"2017-10-12","2018-04-24",133,-1.684,FALSE
"585",2018,"soil","AVO6-S1",0,"2017-10-13","2018-04-30",171,-1.914,FALSE
"586",2018,"soil","AX15-S2",0,"2017-10-12","2018-04-21",125,-2.494,FALSE
"587",2018,"soil","AX15-S3",0,"2017-10-12","2018-04-23",134,-1.684,FALSE
"588",2018,"soil","AX15-S4",0,"2017-10-12","2018-04-21",127,-1.456,FALSE
"589",2018,"soil","AX15-S5",0,"2017-10-12","2018-04-19",117,-2.03,FALSE
"590",2018,"soil","AX15-S6",0,"2017-10-12","2018-04-21",132,-1.341,FALSE
"591",2018,"soil","PARA-S1",0,"2017-09-19","2018-06-19",243,-1.001,FALSE
"592",2018,"soil","PARA-S2",0,"2017-09-19","2018-06-15",233,-1.57,FALSE
"593",2018,"soil","PARA-S3",0,"2017-09-19","2018-06-18",238,-1.456,FALSE
"594",2018,"soil","PARA-S4",0,"2017-09-19","2018-07-07",266,-1.57,FALSE
"595",2018,"soil","PARA-S5",0,"2017-09-19","2018-06-17",236,-2.03,FALSE
"596",2018,"soil","PARA-S6",0,"2017-09-19","2018-06-23",248,-1.341,FALSE
"597",2018,"soil","PP17-S1",0,"2017-11-05","2018-04-19",163,-2.61,FALSE
"598",2018,"soil","PP17-S2",0,"2017-11-05","2018-04-09",138,-2.377,FALSE
"599",2018,"soil","PP17-S3",0,"2017-11-03","2018-05-13",192,-1.001,FALSE
"600",2018,"soil","PP17-S4",0,"2017-11-03","2018-05-06",185,-1.228,FALSE
"601",2018,"soil","PP17-S5",0,"2017-11-05","2018-04-09",133,-3.672,FALSE
"602",2018,"soil","PP17-S6",0,"2017-11-03","2018-05-06",185,-2.03,FALSE
"603",2018,"soil","SPRY--S3",0,"2017-09-20","2018-06-10",196,-4.031,FALSE
"604",2018,"soil","SPRY-S1",0,"2017-09-19","2018-06-10",217,-2.494,FALSE
"605",2018,"soil","SPRY-S2",0,"2017-09-19","2018-06-11",225,-1.341,FALSE
"606",2018,"soil","SPRY-S4",0,"2017-09-19","2018-06-10",219,-1.114,FALSE
"607",2018,"soil","SPRY-S5",0,"2017-09-19","2018-06-11",216,-0.774,FALSE
"608",2018,"soil","SPRY-S6",0,"2017-09-19","2018-06-12",230,-1.228,FALSE
"609",2018,"soil","SUNR-S1",0,"2017-10-01","2018-06-10",224,-2.145,FALSE
"610",2018,"soil","SUNR-S2",0,"2017-10-01","2018-06-10",238,-2.377,FALSE
"611",2018,"soil","SUNR-S3",0,"2017-10-01","2018-06-20",253,-2.61,FALSE
"612",2018,"soil","SUNR-S4",0,"2017-10-01","2018-06-24",258,-2.03,FALSE
"613",2018,"soil","SUNR-S5",0,"2017-10-01","2018-06-10",231,-2.261,FALSE
"614",2018,"soil","SUNR-S6",0,"2017-10-01","2018-06-10",213,-2.61,FALSE
"615",2018,"soil","TA01-S1",0,"2017-11-05","2018-04-02",73,-1.341,FALSE
"616",2018,"soil","TA01-S2",0,"2017-11-05","2018-04-02",71,-1.114,FALSE
"617",2018,"soil","TA01-S4",0,"2017-11-05","2018-04-02",56,-2.261,FALSE
"618",2018,"soil","TA01-S5",0,"2017-11-05","2018-04-02",77,-1.341,FALSE
"619",2018,"soil","TA01-S6",0,"2017-11-05","2018-04-02",55,-3.792,FALSE
"620",2018,"soil","TB13-S1",0,"2017-11-03","2018-04-04",69,-1.684,FALSE
"621",2018,"soil","TB13-S2",0,"2017-11-03","2018-04-04",62,-1.57,FALSE
"622",2018,"soil","TB13-S3",0,"2017-11-03","2018-04-04",75,-1.228,FALSE
"623",2018,"soil","TB13-S4",0,"2017-11-03","2018-04-04",71,-1.456,FALSE
"624",2018,"soil","TB13-S5",0,"2017-11-04","2018-04-04",70,-1.684,FALSE
"625",2018,"soil","TB13-S6",0,"2017-11-03","2018-04-04",74,-2.145,FALSE
"626",2018,"soil","TO04-S1",0,"2017-11-04","2018-04-02",45,-3.553,FALSE
"627",2018,"soil","TO04-S2",0,"2017-11-05","2018-03-24",51,-2.03,FALSE
"628",2018,"soil","TO04-S3",0,"2017-11-05","2018-04-02",73,-1.228,FALSE
"629",2018,"soil","TO04-S4",0,"2017-11-05","2018-04-05",79,-1.001,FALSE
"630",2018,"soil","TO04-S6",0,"2017-11-05","2018-03-27",60,-1.114,FALSE
"631",2018,"soil","TO11-S1",0,"2017-11-05","2018-03-24",42,-1.001,FALSE
"632",2018,"soil","TO11-S2",0,"2017-11-05","2018-03-24",43,-2.844,FALSE
"633",2018,"soil","TO11-S3",0,"2017-11-06","2018-03-26",46,-0.437,FALSE
"634",2018,"soil","TO11-S4",0,"2017-11-06","2018-03-24",48,-2.377,FALSE
"635",2018,"soil","TO11-S5",0,"2017-11-05","2018-03-15",44,-2.962,FALSE
"636",2018,"soil","TO11-S6",0,"2017-11-05","2018-03-25",42,-0.887,FALSE
"637",2019,"soil","AB08-S1",0,"2018-11-10","2019-03-27",112,-4.758,FALSE
"638",2019,"soil","AB08-S2",0,"2018-11-10","2019-03-30",112,-5.003,FALSE
"639",2019,"soil","AB08-S3",0,"2018-11-23","2019-03-30",107,-3.911,FALSE
"640",2019,"soil","AB08-S4",0,"2018-11-23","2019-04-07",119,-3.672,FALSE
"641",2019,"soil","AB08-S5",0,"2018-11-23","2019-03-30",108,-3.553,FALSE
"642",2019,"soil","AB08-S6",0,"2018-11-23","2019-03-25",85,-4.758,FALSE
"643",2019,"soil","AE10-S1",0,"2018-10-29","2019-05-29",193,-1.456,FALSE
"644",2019,"soil","AE10-S2",0,"2018-10-29","2019-05-28",197,-1.114,FALSE
"645",2019,"soil","AE10-S3",0,"2018-10-29","2019-05-21",180,-2.844,FALSE
"646",2019,"soil","AE10-S4",0,"2018-10-29","2019-05-27",192,-1.57,FALSE
"647",2019,"soil","AE10-S5",0,"2018-11-06","2019-05-12",167,-3.911,FALSE
"648",2019,"soil","AE10-S6",0.1721875,"2018-10-29","2019-01-22",63,-1.228,TRUE
"649",2019,"soil","AG05-S1",0,"2018-11-24","2019-04-14",88,-4.514,FALSE
"650",2019,"soil","AG05-S2",0,"2018-11-24","2019-04-18",108,-2.494,FALSE
"651",2019,"soil","AG05-S3",0,"2018-11-23","2019-04-14",108,-2.962,FALSE
"652",2018,"soil","AG05-S4",1.24775,"2018-11-12","2018-11-12",1,-0.213,FALSE
"653",2019,"soil","AG05-S5",0,"2018-11-24","2019-04-03",86,-3.553,FALSE
"654",2019,"soil","AG05-S6",0,"2018-11-24","2019-04-14",81,-5.249,FALSE
"655",2019,"soil","AM16-S1",0,"2018-11-07","2019-05-25",188,-3.316,FALSE
"656",2019,"soil","AM16-S2",0,"2018-11-18","2019-05-28",188,-1.57,FALSE
"657",2019,"soil","AM16-S3",0,"2018-11-10","2019-05-25",186,-2.494,FALSE
"658",2019,"soil","AM16-S4",0,"2018-11-23","2019-05-16",171,-3.079,FALSE
"659",2019,"soil","AM16-S5",0,"2018-11-23","2019-04-27",138,-2.844,FALSE
"660",2019,"soil","AM16-S6",0,"2018-11-23","2019-05-07",156,-3.672,FALSE
"661",2019,"soil","AO03-S1",0,"2018-11-24","2019-05-09",157,-3.792,FALSE
"662",2019,"soil","AO03-S2",0,"2018-11-24","2019-05-05",152,-4.758,FALSE
"663",2019,"soil","AO03-S3",0,"2018-11-24","2019-05-01",147,-6.12,FALSE
"664",2019,"soil","AO03-S4",0,"2018-11-08","2019-05-01",160,-5.249,FALSE
"665",2019,"soil","AO03-S5",0,"2018-11-24","2019-04-27",143,-4.636,FALSE
"666",2019,"soil","AO03-S6",0,"2018-11-08","2019-05-05",159,-3.316,FALSE
"667",2019,"soil","AR07-S1",0,"2018-10-29","2019-05-05",160,-6.754,FALSE
"668",2019,"soil","AR07-S2",0,"2018-10-29","2019-05-14",175,-2.03,FALSE
"669",2019,"soil","AR07-S3",0,"2018-10-29","2019-05-17",180,-1.799,FALSE
"670",2019,"soil","AR07-S4",0,"2018-10-29","2019-06-08",204,-0.887,FALSE
"671",2019,"soil","AR07-S5",0,"2018-10-29","2019-06-07",200,-1.341,FALSE
"672",2019,"soil","AR07-S6",0,"2018-10-29","2019-05-10",178,-0.549,FALSE
"673",2019,"soil","AV02-S1",0,"2018-11-08","2019-05-04",157,-3.911,FALSE
"674",2019,"soil","AV02-S2",0,"2018-11-11","2019-04-28",149,-4.152,FALSE
"675",2019,"soil","AV02-S3",0,"2018-11-25","2019-04-22",138,-4.272,FALSE
"676",2019,"soil","AV02-S4",0,"2018-11-24","2019-04-23",139,-4.636,FALSE
"677",2019,"soil","AV02-S5",0,"2018-11-11","2019-05-01",149,-4.152,FALSE
"678",2019,"soil","AV02-S6",0,"2018-11-24","2019-04-17",133,-4.393,FALSE
"679",2019,"soil","AV06-S1",0,"2018-11-23","2019-04-16",133,-3.911,FALSE
"680",2019,"soil","AV06-S2",0,"2018-11-23","2019-04-22",140,-2.962,FALSE
"681",2019,"soil","AV06-S3",0,"2018-11-23","2019-04-17",135,-2.727,FALSE
"682",2019,"soil","AV06-S4",0,"2018-11-23","2019-04-22",140,-2.962,FALSE
"683",2019,"soil","AV06-S5",0,"2018-11-23","2019-04-16",130,-3.792,FALSE
"684",2019,"soil","AV06-S6",0,"2018-11-23","2019-04-26",143,-2.962,FALSE
"685",2019,"soil","AV14-S1",0,"2018-11-08","2019-04-22",126,-2.03,FALSE
"686",2019,"soil","AV14-S2",0,"2018-11-08","2019-04-28",133,-1.456,FALSE
"687",2019,"soil","AV14-S3",0,"2018-11-08","2019-04-28",151,-0.213,FALSE
"688",2019,"soil","AV14-S4",0,"2018-11-23","2019-05-08",156,-1.914,FALSE
"689",2019,"soil","AV14-S5",0.622459935897436,"2018-11-08","2019-04-29",146,-2.145,FALSE
"690",2019,"soil","AV14-S6",0,"2018-11-08","2019-04-16",105,-4.393,FALSE
"691",2019,"soil","AX15-S1",0,"2018-11-23","2019-04-16",99,-2.261,FALSE
"692",2019,"soil","AX15-S2",0,"2018-11-23","2019-04-14",86,-3.553,FALSE
"693",2019,"soil","AX15-S3",0,"2018-11-24","2019-04-15",100,-2.727,FALSE
"694",2019,"soil","AX15-S4",0,"2018-11-23","2019-04-15",94,-3.079,FALSE
"695",2019,"soil","AX15-S5",0,"2018-11-23","2019-04-15",86,-4.514,FALSE
"696",2019,"soil","AX15-S6",0,"2018-11-23","2019-04-16",103,-2.844,FALSE
"697",2019,"soil","PARA-S1",0,"2018-10-05","2019-06-09",212,-2.261,FALSE
"698",2019,"soil","PARA-S2",0,"2018-10-29","2019-06-07",200,-2.962,FALSE
"699",2019,"soil","PARA-S3",0,"2018-10-05","2019-06-07",207,-2.03,FALSE
"700",2019,"soil","PARA-S4",0,"2018-10-05","2019-06-30",241,-1.341,FALSE
"701",2019,"soil","PARA-S5",0,"2018-10-29","2019-06-09",206,-1.684,FALSE
"702",2019,"soil","PARA-S6",0,"2018-10-29","2019-06-11",216,-1.914,FALSE
"703",2019,"soil","PP17-S1",0.269435515873016,"2018-11-23","2019-04-12",126,-7.527,TRUE
"704",2019,"soil","PP17-S2",0,"2018-11-23","2019-04-15",128,-5.496,FALSE
"705",2019,"soil","PP17-S3",0,"2018-11-23","2019-05-11",170,-2.962,FALSE
"706",2019,"soil","PP17-S4",0,"2018-11-23","2019-05-07",165,-3.079,FALSE
"707",2019,"soil","PP17-S5",0,"2018-11-23","2019-04-08",123,-8.58,FALSE
"708",2019,"soil","PP17-S6",0,"2018-11-23","2019-05-03",161,-3.079,FALSE
"709",2019,"soil","SPRY-S1",0,"2018-10-29","2019-06-20",201,-5.372,FALSE
"710",2019,"soil","SPRY-S2",0,"2018-10-29","2019-06-20",216,-1.228,FALSE
"711",2019,"soil","SPRY-S3",0,"2018-10-29","2019-06-09",182,-4.152,FALSE
"712",2019,"soil","SPRY-S4",0,"2018-10-29","2019-06-08",197,-2.494,FALSE
"713",2019,"soil","SPRY-S5",0,"2018-10-29","2019-06-20",205,-3.079,FALSE
"714",2019,"soil","SPRY-S6",0,"2018-10-29","2019-06-20",219,-1.114,FALSE
"715",2019,"soil","SUNR-S1",0,"2018-10-29","2019-06-10",213,-2.261,FALSE
"716",2019,"soil","SUNR-S2",0,"2018-10-29","2019-06-14",218,-1.57,FALSE
"717",2019,"soil","SUNR-S3",0,"2018-10-29","2019-06-20",226,-2.145,FALSE
"718",2019,"soil","SUNR-S4",0,"2018-10-29","2019-07-01",239,-2.145,FALSE
"719",2019,"soil","SUNR-S5",0,"2018-10-29","2019-06-14",212,-2.844,FALSE
"720",2019,"soil","SUNR-S6",0,"2018-10-29","2019-06-07",195,-3.792,FALSE
"721",2019,"soil","TA01-S1",0,"2018-12-09","2019-03-29",74,-3.316,FALSE
"722",2019,"soil","TA01-S2",0,"2018-12-09","2019-03-25",64,-3.553,FALSE
"723",2019,"soil","TA01-S3",0,"2018-12-09","2019-03-25",54,-5.003,FALSE
"724",2019,"soil","TA01-S4",0,"2018-12-09","2019-03-22",55,-3.792,FALSE
"725",2019,"soil","TA01-S5",0,"2018-12-09","2019-03-29",73,-3.197,FALSE
"726",2019,"soil","TA01-S6",0,"2018-12-09","2019-03-23",59,-4.152,FALSE
"727",2019,"soil","TB13-S1",0,"2018-12-21","2019-03-27",64,-2.844,FALSE
"728",2019,"soil","TB13-S2",0,"2018-12-01","2019-03-21",56,-3.197,FALSE
"729",2019,"soil","TB13-S3",0,"2018-12-01","2019-03-25",64,-2.727,FALSE
"730",2019,"soil","TB13-S4",0,"2018-12-01","2019-03-26",63,-2.61,FALSE
"731",2019,"soil","TB13-S5",0,"2018-12-21","2019-03-24",60,-2.261,FALSE
"732",2019,"soil","TB13-S6",0,"2018-12-01","2019-03-29",70,-3.911,FALSE
"733",2019,"soil","TO04-S1",0,"2018-12-03","2019-04-04",65,-4.031,FALSE
"734",2019,"soil","TO04-S2",0,"2018-12-03","2019-04-02",67,-1.001,FALSE
"735",2019,"soil","TO04-S3",0,"2018-12-03","2019-03-31",68,-3.316,FALSE
"736",2019,"soil","TO04-S4",0,"2018-12-03","2019-04-06",73,-2.962,FALSE
"737",2019,"soil","TO04-S5",0,"2018-12-03","2019-04-01",65,-3.197,FALSE
"738",2019,"soil","TO04-S6",0,"2018-12-03","2019-03-30",62,-3.434,FALSE
"739",2019,"soil","TO11-S1",0,"2018-12-03","2019-03-17",48,-3.672,FALSE
"740",2019,"soil","TO11-S2",0,"2018-12-03","2019-03-20",50,-2.261,FALSE
"741",2019,"soil","TO11-S3",0,"2018-12-03","2019-03-20",55,-2.377,FALSE
"742",2019,"soil","TO11-S4",0,"2018-12-03","2019-03-29",66,-3.316,FALSE
"743",2019,"soil","TO11-S5",0,"2018-12-03","2019-03-23",54,-3.672,FALSE
"744",2019,"soil","TO11-S6",0.593222222222222,"2018-12-03","2019-01-01",8,-1.341,FALSE
