Plot Title: GB-2,,,,,,
#,"Date Time, GMT-07:00","Temp, °C (LGR S/N: 10189829, SEN S/N: 10189829)",Host Connected (LGR S/N: 10189829),Coupler Attached (LGR S/N: 10189829),Stopped (LGR S/N: 10189829),End Of File (LGR S/N: 10189829)
1,10/1/2014 19:00,8.779,,,,
2,10/1/2014 21:00,8.182,,,,
3,10/1/2014 23:00,7.782,,,,
4,10/2/2014 1:00,7.28,,,,
5,10/2/2014 3:00,7.179,,,,
6,10/2/2014 5:00,6.877,,,,
7,10/2/2014 7:00,6.166,,,,
8,10/2/2014 9:00,6.166,,,,
9,10/2/2014 11:00,8.581,,,,
10,10/2/2014 13:00,12.11,,,,
11,10/2/2014 15:00,10.748,,,,
12,10/2/2014 17:00,10.161,,,,
13,10/2/2014 19:00,8.879,,,,
14,10/2/2014 21:00,7.983,,,,
15,10/2/2014 23:00,7.481,,,,
16,10/3/2014 1:00,7.179,,,,
17,10/3/2014 3:00,6.978,,,,
18,10/3/2014 5:00,6.674,,,,
19,10/3/2014 7:00,6.471,,,,
20,10/3/2014 9:00,6.775,,,,
21,10/3/2014 11:00,9.965,,,,
22,10/3/2014 13:00,14.038,,,,
23,10/3/2014 15:00,12.401,,,,
24,10/3/2014 17:00,11.528,,,,
25,10/3/2014 19:00,10.357,,,,
26,10/3/2014 21:00,9.472,,,,
27,10/3/2014 23:00,8.879,,,,
28,10/4/2014 1:00,8.481,,,,
29,10/4/2014 3:00,8.082,,,,
30,10/4/2014 5:00,8.182,,,,
31,10/4/2014 7:00,8.182,,,,
32,10/4/2014 9:00,8.382,,,,
33,10/4/2014 11:00,9.866,,,,
34,10/4/2014 13:00,13.846,,,,
35,10/4/2014 15:00,12.98,,,,
36,10/4/2014 17:00,12.013,,,,
37,10/4/2014 19:00,10.846,,,,
38,10/4/2014 21:00,9.965,,,,
39,10/4/2014 23:00,9.472,,,,
40,10/5/2014 1:00,9.077,,,,
41,10/5/2014 3:00,8.779,,,,
42,10/5/2014 5:00,8.481,,,,
43,10/5/2014 7:00,8.282,,,,
44,10/5/2014 9:00,8.581,,,,
45,10/5/2014 11:00,11.431,,,,
46,10/5/2014 13:00,15.282,,,,
47,10/5/2014 15:00,13.558,,,,
48,10/5/2014 17:00,12.594,,,,
49,10/5/2014 19:00,11.431,,,,
50,10/5/2014 21:00,10.553,,,,
51,10/5/2014 23:00,10.063,,,,
52,10/6/2014 1:00,9.669,,,,
53,10/6/2014 3:00,9.275,,,,
54,10/6/2014 5:00,8.978,,,,
55,10/6/2014 7:00,8.68,,,,
56,10/6/2014 9:00,8.879,,,,
57,10/6/2014 11:00,11.722,,,,
58,10/6/2014 13:00,15.664,,,,
59,10/6/2014 15:00,13.942,,,,
60,10/6/2014 17:00,13.076,,,,
61,10/6/2014 19:00,11.819,,,,
62,10/6/2014 21:00,10.944,,,,
63,10/6/2014 23:00,10.357,,,,
64,10/7/2014 1:00,9.866,,,,
65,10/7/2014 3:00,9.472,,,,
66,10/7/2014 5:00,9.077,,,,
67,10/7/2014 7:00,8.68,,,,
68,10/7/2014 9:00,8.879,,,,
69,10/7/2014 11:00,11.334,,,,
70,10/7/2014 13:00,13.461,,,,
71,10/7/2014 15:00,13.846,,,,
72,10/7/2014 17:00,13.461,,,,
73,10/7/2014 19:00,12.401,,,,
74,10/7/2014 21:00,12.013,,,,
75,10/7/2014 23:00,11.722,,,,
76,10/8/2014 1:00,11.334,,,,
77,10/8/2014 3:00,10.651,,,,
78,10/8/2014 5:00,9.965,,,,
79,10/8/2014 7:00,9.472,,,,
80,10/8/2014 9:00,9.768,,,,
81,10/8/2014 11:00,11.431,,,,
82,10/8/2014 13:00,13.076,,,,
83,10/8/2014 15:00,12.883,,,,
84,10/8/2014 17:00,11.722,,,,
85,10/8/2014 19:00,10.553,,,,
86,10/8/2014 21:00,9.768,,,,
87,10/8/2014 23:00,9.176,,,,
88,10/9/2014 1:00,8.68,,,,
89,10/9/2014 3:00,8.282,,,,
90,10/9/2014 5:00,7.882,,,,
91,10/9/2014 7:00,7.582,,,,
92,10/9/2014 9:00,7.882,,,,
93,10/9/2014 11:00,10.063,,,,
94,10/9/2014 13:00,13.558,,,,
95,10/9/2014 15:00,12.207,,,,
96,10/9/2014 17:00,11.528,,,,
97,10/9/2014 19:00,10.259,,,,
98,10/9/2014 21:00,9.472,,,,
99,10/9/2014 23:00,8.978,,,,
100,10/10/2014 1:00,8.481,,,,
101,10/10/2014 3:00,8.082,,,,
102,10/10/2014 5:00,7.682,,,,
103,10/10/2014 7:00,7.381,,,,
104,10/10/2014 9:00,7.481,,,,
105,10/10/2014 11:00,9.768,,,,
106,10/10/2014 13:00,12.883,,,,
107,10/10/2014 15:00,12.497,,,,
108,10/10/2014 17:00,11.625,,,,
109,10/10/2014 19:00,10.651,,,,
110,10/10/2014 21:00,10.063,,,,
111,10/10/2014 23:00,9.275,,,,
112,10/11/2014 1:00,9.275,,,,
113,10/11/2014 3:00,9.077,,,,
114,10/11/2014 5:00,8.879,,,,
115,10/11/2014 7:00,8.082,,,,
116,10/11/2014 9:00,7.983,,,,
117,10/11/2014 11:00,9.669,,,,
118,10/11/2014 13:00,10.161,,,,
119,10/11/2014 15:00,3.683,,,,
120,10/11/2014 17:00,3.998,,,,
121,10/11/2014 19:00,5.655,,,,
122,10/11/2014 21:00,5.45,,,,
123,10/11/2014 23:00,5.757,,,,
124,10/12/2014 1:00,5.757,,,,
125,10/12/2014 3:00,5.347,,,,
126,10/12/2014 5:00,5.037,,,,
127,10/12/2014 7:00,4.727,,,,
128,10/12/2014 9:00,4.831,,,,
129,10/12/2014 11:00,6.573,,,,
130,10/12/2014 13:00,8.978,,,,
131,10/12/2014 15:00,8.879,,,,
132,10/12/2014 17:00,8.282,,,,
133,10/12/2014 19:00,7.682,,,,
134,10/12/2014 21:00,7.381,,,,
135,10/12/2014 23:00,7.179,,,,
136,10/13/2014 1:00,6.978,,,,
137,10/13/2014 3:00,6.573,,,,
138,10/13/2014 5:00,6.268,,,,
139,10/13/2014 7:00,5.86,,,,
140,10/13/2014 9:00,6.166,,,,
141,10/13/2014 11:00,8.282,,,,
142,10/13/2014 13:00,10.357,,,,
143,10/13/2014 15:00,9.669,,,,
144,10/13/2014 17:00,8.978,,,,
145,10/13/2014 19:00,8.182,,,,
146,10/13/2014 21:00,8.282,,,,
147,10/13/2014 23:00,8.282,,,,
148,10/14/2014 1:00,7.983,,,,
149,10/14/2014 3:00,7.481,,,,
150,10/14/2014 5:00,7.179,,,,
151,10/14/2014 7:00,6.877,,,,
152,10/14/2014 9:00,6.978,,,,
153,10/14/2014 11:00,7.882,,,,
154,10/14/2014 13:00,8.382,,,,
155,10/14/2014 15:00,8.879,,,,
156,10/14/2014 17:00,8.581,,,,
157,10/14/2014 19:00,7.882,,,,
158,10/14/2014 21:00,7.481,,,,
159,10/14/2014 23:00,7.179,,,,
160,10/15/2014 1:00,6.877,,,,
161,10/15/2014 3:00,6.674,,,,
162,10/15/2014 5:00,6.37,,,,
163,10/15/2014 7:00,6.268,,,,
164,10/15/2014 9:00,6.37,,,,
165,10/15/2014 11:00,6.775,,,,
166,10/15/2014 13:00,6.471,,,,
167,10/15/2014 15:00,6.471,,,,
168,10/15/2014 17:00,6.674,,,,
169,10/15/2014 19:00,6.268,,,,
170,10/15/2014 21:00,6.064,,,,
171,10/15/2014 23:00,5.86,,,,
172,10/16/2014 1:00,5.655,,,,
173,10/16/2014 3:00,5.45,,,,
174,10/16/2014 5:00,5.347,,,,
175,10/16/2014 7:00,5.037,,,,
176,10/16/2014 9:00,5.347,,,,
177,10/16/2014 11:00,6.674,,,,
178,10/16/2014 13:00,8.68,,,,
179,10/16/2014 15:00,7.983,,,,
180,10/16/2014 17:00,7.28,,,,
181,10/16/2014 19:00,6.268,,,,
182,10/16/2014 21:00,5.86,,,,
183,10/16/2014 23:00,5.552,,,,
184,10/17/2014 1:00,5.552,,,,
185,10/17/2014 3:00,5.757,,,,
186,10/17/2014 5:00,5.757,,,,
187,10/17/2014 7:00,5.552,,,,
188,10/17/2014 9:00,5.552,,,,
189,10/17/2014 11:00,6.268,,,,
190,10/17/2014 13:00,7.381,,,,
191,10/17/2014 15:00,7.882,,,,
192,10/17/2014 17:00,7.682,,,,
193,10/17/2014 19:00,7.28,,,,
194,10/17/2014 21:00,6.978,,,,
195,10/17/2014 23:00,6.877,,,,
196,10/18/2014 1:00,6.877,,,,
197,10/18/2014 3:00,6.877,,,,
198,10/18/2014 5:00,6.877,,,,
199,10/18/2014 7:00,6.268,,,,
200,10/18/2014 9:00,6.37,,,,
201,10/18/2014 11:00,8.581,,,,
202,10/18/2014 13:00,10.455,,,,
203,10/18/2014 15:00,10.455,,,,
204,10/18/2014 17:00,10.063,,,,
205,10/18/2014 19:00,9.077,,,,
206,10/18/2014 21:00,8.68,,,,
207,10/18/2014 23:00,7.682,,,,
208,10/19/2014 1:00,7.179,,,,
209,10/19/2014 3:00,6.877,,,,
210,10/19/2014 5:00,6.877,,,,
211,10/19/2014 7:00,6.471,,,,
212,10/19/2014 9:00,6.775,,,,
213,10/19/2014 11:00,8.282,,,,
214,10/19/2014 13:00,10.748,,,,
215,10/19/2014 15:00,10.357,,,,
216,10/19/2014 17:00,10.063,,,,
217,10/19/2014 19:00,8.779,,,,
218,10/19/2014 21:00,7.983,,,,
219,10/19/2014 23:00,7.682,,,,
220,10/20/2014 1:00,7.682,,,,
221,10/20/2014 3:00,8.082,,,,
222,10/20/2014 5:00,8.082,,,,
223,10/20/2014 7:00,7.983,,,,
224,10/20/2014 9:00,7.882,,,,
225,10/20/2014 11:00,8.879,,,,
226,10/20/2014 13:00,9.275,,,,
227,10/20/2014 15:00,8.779,,,,
228,10/20/2014 17:00,8.779,,,,
229,10/20/2014 19:00,8.282,,,,
230,10/20/2014 21:00,7.882,,,,
231,10/20/2014 23:00,7.481,,,,
232,10/21/2014 1:00,7.179,,,,
233,10/21/2014 3:00,6.37,,,,
234,10/21/2014 5:00,6.268,,,,
235,10/21/2014 7:00,6.064,,,,
236,10/21/2014 9:00,5.86,,,,
237,10/21/2014 11:00,6.978,,,,
238,10/21/2014 13:00,7.582,,,,
239,10/21/2014 15:00,8.182,,,,
240,10/21/2014 17:00,7.682,,,,
241,10/21/2014 19:00,6.978,,,,
242,10/21/2014 21:00,6.674,,,,
243,10/21/2014 23:00,6.471,,,,
244,10/22/2014 1:00,6.268,,,,
245,10/22/2014 3:00,6.064,,,,
246,10/22/2014 5:00,5.962,,,,
247,10/22/2014 7:00,5.962,,,,
248,10/22/2014 9:00,5.962,,,,
249,10/22/2014 11:00,6.37,,,,
250,10/22/2014 13:00,6.674,,,,
251,10/22/2014 15:00,6.37,,,,
252,10/22/2014 17:00,6.064,,,,
253,10/22/2014 19:00,5.962,,,,
254,10/22/2014 21:00,5.962,,,,
255,10/22/2014 23:00,5.86,,,,
256,10/23/2014 1:00,5.655,,,,
257,10/23/2014 3:00,5.45,,,,
258,10/23/2014 5:00,5.141,,,,
259,10/23/2014 7:00,3.998,,,,
260,10/23/2014 9:00,3.683,,,,
261,10/23/2014 11:00,3.472,,,,
262,10/23/2014 13:00,5.655,,,,
263,10/23/2014 15:00,5.86,,,,
264,10/23/2014 17:00,5.45,,,,
265,10/23/2014 19:00,4.415,,,,
266,10/23/2014 21:00,3.788,,,,
267,10/23/2014 23:00,3.683,,,,
268,10/24/2014 1:00,3.472,,,,
269,10/24/2014 3:00,3.261,,,,
270,10/24/2014 5:00,3.367,,,,
271,10/24/2014 7:00,3.261,,,,
272,10/24/2014 9:00,3.261,,,,
273,10/24/2014 11:00,3.998,,,,
274,10/24/2014 13:00,5.86,,,,
275,10/24/2014 15:00,6.471,,,,
276,10/24/2014 17:00,5.962,,,,
277,10/24/2014 19:00,5.244,,,,
278,10/24/2014 21:00,4.102,,,,
279,10/24/2014 23:00,4.311,,,,
280,10/25/2014 1:00,4.207,,,,
281,10/25/2014 3:00,4.207,,,,
282,10/25/2014 5:00,4.102,,,,
283,10/25/2014 7:00,4.311,,,,
284,10/25/2014 9:00,4.623,,,,
285,10/25/2014 11:00,5.244,,,,
286,10/25/2014 13:00,5.552,,,,
287,10/25/2014 15:00,5.655,,,,
288,10/25/2014 17:00,5.347,,,,
289,10/25/2014 19:00,5.141,,,,
290,10/25/2014 21:00,5.037,,,,
291,10/25/2014 23:00,4.311,,,,
292,10/26/2014 1:00,3.472,,,,
293,10/26/2014 3:00,3.155,,,,
294,10/26/2014 5:00,2.943,,,,
295,10/26/2014 7:00,2.943,,,,
296,10/26/2014 9:00,2.837,,,,
297,10/26/2014 11:00,2.837,,,,
298,10/26/2014 13:00,2.837,,,,
299,10/26/2014 15:00,2.837,,,,
300,10/26/2014 17:00,2.73,,,,
301,10/26/2014 19:00,2.624,,,,
302,10/26/2014 21:00,2.624,,,,
303,10/26/2014 23:00,2.517,,,,
304,10/27/2014 1:00,2.517,,,,
305,10/27/2014 3:00,2.303,,,,
306,10/27/2014 5:00,2.195,,,,
307,10/27/2014 7:00,2.088,,,,
308,10/27/2014 9:00,2.088,,,,
309,10/27/2014 11:00,2.195,,,,
310,10/27/2014 13:00,2.517,,,,
311,10/27/2014 15:00,2.624,,,,
312,10/27/2014 17:00,2.624,,,,
313,10/27/2014 19:00,2.517,,,,
314,10/27/2014 21:00,2.517,,,,
315,10/27/2014 23:00,2.303,,,,
316,10/28/2014 1:00,2.303,,,,
317,10/28/2014 3:00,2.303,,,,
318,10/28/2014 5:00,2.195,,,,
319,10/28/2014 7:00,2.088,,,,
320,10/28/2014 9:00,2.195,,,,
321,10/28/2014 11:00,2.624,,,,
322,10/28/2014 13:00,3.578,,,,
323,10/28/2014 15:00,4.831,,,,
324,10/28/2014 17:00,4.727,,,,
325,10/28/2014 19:00,4.415,,,,
326,10/28/2014 21:00,3.578,,,,
327,10/28/2014 23:00,3.472,,,,
328,10/29/2014 1:00,3.578,,,,
329,10/29/2014 3:00,3.472,,,,
330,10/29/2014 5:00,3.155,,,,
331,10/29/2014 7:00,3.367,,,,
332,10/29/2014 9:00,3.367,,,,
333,10/29/2014 11:00,4.102,,,,
334,10/29/2014 13:00,5.552,,,,
335,10/29/2014 15:00,6.877,,,,
336,10/29/2014 17:00,6.166,,,,
337,10/29/2014 19:00,4.831,,,,
338,10/29/2014 21:00,4.311,,,,
339,10/29/2014 23:00,4.415,,,,
340,10/30/2014 1:00,4.415,,,,
341,10/30/2014 3:00,4.519,,,,
342,10/30/2014 5:00,4.519,,,,
343,10/30/2014 7:00,4.623,,,,
344,10/30/2014 9:00,4.934,,,,
345,10/30/2014 11:00,5.45,,,,
346,10/30/2014 13:00,6.674,,,,
347,10/30/2014 15:00,6.877,,,,
348,10/30/2014 17:00,6.573,,,,
349,10/30/2014 19:00,6.064,,,,
350,10/30/2014 21:00,5.757,,,,
351,10/30/2014 23:00,5.552,,,,
352,10/31/2014 1:00,5.347,,,,
353,10/31/2014 3:00,5.244,,,,
354,10/31/2014 5:00,5.141,,,,
355,10/31/2014 7:00,5.037,,,,
356,10/31/2014 9:00,5.037,,,,
357,10/31/2014 11:00,5.141,,,,
358,10/31/2014 13:00,5.86,,,,
359,10/31/2014 15:00,5.962,,,,
360,10/31/2014 17:00,5.655,,,,
361,10/31/2014 19:00,5.037,,,,
362,10/31/2014 21:00,4.519,,,,
363,10/31/2014 23:00,3.998,,,,
364,11/1/2014 1:00,3.683,,,,
365,11/1/2014 3:00,3.155,,,,
366,11/1/2014 5:00,2.73,,,,
367,11/1/2014 7:00,2.41,,,,
368,11/1/2014 9:00,2.195,,,,
369,11/1/2014 11:00,2.195,,,,
370,11/1/2014 13:00,4.415,,,,
371,11/1/2014 15:00,4.207,,,,
372,11/1/2014 17:00,3.998,,,,
373,11/1/2014 19:00,3.155,,,,
374,11/1/2014 21:00,2.73,,,,
375,11/1/2014 23:00,2.517,,,,
376,11/2/2014 1:00,2.195,,,,
377,11/2/2014 3:00,1.98,,,,
378,11/2/2014 5:00,1.764,,,,
379,11/2/2014 7:00,1.656,,,,
380,11/2/2014 9:00,1.439,,,,
381,11/2/2014 11:00,1.548,,,,
382,11/2/2014 13:00,3.788,,,,
383,11/2/2014 15:00,4.934,,,,
384,11/2/2014 17:00,4.623,,,,
385,11/2/2014 19:00,3.998,,,,
386,11/2/2014 21:00,3.472,,,,
387,11/2/2014 23:00,3.155,,,,
388,11/3/2014 1:00,2.943,,,,
389,11/3/2014 3:00,2.943,,,,
390,11/3/2014 5:00,2.943,,,,
391,11/3/2014 7:00,2.624,,,,
392,11/3/2014 9:00,2.624,,,,
393,11/3/2014 11:00,3.683,,,,
394,11/3/2014 13:00,4.934,,,,
395,11/3/2014 15:00,5.86,,,,
396,11/3/2014 17:00,5.655,,,,
397,11/3/2014 19:00,5.037,,,,
398,11/3/2014 21:00,4.727,,,,
399,11/3/2014 23:00,4.415,,,,
400,11/4/2014 1:00,4.311,,,,
401,11/4/2014 3:00,4.207,,,,
402,11/4/2014 5:00,4.207,,,,
403,11/4/2014 7:00,4.102,,,,
404,11/4/2014 9:00,4.207,,,,
405,11/4/2014 11:00,5.552,,,,
406,11/4/2014 13:00,6.775,,,,
407,11/4/2014 15:00,7.582,,,,
408,11/4/2014 17:00,6.775,,,,
409,11/4/2014 19:00,5.962,,,,
410,11/4/2014 21:00,5.347,,,,
411,11/4/2014 23:00,5.037,,,,
412,11/5/2014 1:00,4.934,,,,
413,11/5/2014 3:00,4.415,,,,
414,11/5/2014 5:00,4.207,,,,
415,11/5/2014 7:00,4.207,,,,
416,11/5/2014 9:00,4.311,,,,
417,11/5/2014 11:00,5.655,,,,
418,11/5/2014 13:00,7.179,,,,
419,11/5/2014 15:00,7.682,,,,
420,11/5/2014 17:00,7.28,,,,
421,11/5/2014 19:00,6.978,,,,
422,11/5/2014 21:00,6.877,,,,
423,11/5/2014 23:00,6.471,,,,
424,11/6/2014 1:00,6.877,,,,
425,11/6/2014 3:00,6.978,,,,
426,11/6/2014 5:00,6.978,,,,
427,11/6/2014 7:00,7.179,,,,
428,11/6/2014 9:00,6.775,,,,
429,11/6/2014 11:00,6.674,,,,
430,11/6/2014 13:00,7.079,,,,
431,11/6/2014 15:00,7.179,,,,
432,11/6/2014 17:00,6.775,,,,
433,11/6/2014 19:00,5.962,,,,
434,11/6/2014 21:00,4.934,,,,
435,11/6/2014 23:00,4.415,,,,
436,11/7/2014 1:00,4.207,,,,
437,11/7/2014 3:00,3.578,,,,
438,11/7/2014 5:00,3.155,,,,
439,11/7/2014 7:00,2.943,,,,
440,11/7/2014 9:00,2.624,,,,
441,11/7/2014 11:00,2.517,,,,
442,11/7/2014 13:00,4.415,,,,
443,11/7/2014 15:00,4.102,,,,
444,11/7/2014 17:00,3.472,,,,
445,11/7/2014 19:00,2.943,,,,
446,11/7/2014 21:00,2.517,,,,
447,11/7/2014 23:00,2.303,,,,
448,11/8/2014 1:00,2.088,,,,
449,11/8/2014 3:00,1.98,,,,
450,11/8/2014 5:00,1.872,,,,
451,11/8/2014 7:00,1.764,,,,
452,11/8/2014 9:00,1.656,,,,
453,11/8/2014 11:00,1.656,,,,
454,11/8/2014 13:00,4.415,,,,
455,11/8/2014 15:00,4.415,,,,
456,11/8/2014 17:00,3.998,,,,
457,11/8/2014 19:00,3.261,,,,
458,11/8/2014 21:00,2.837,,,,
459,11/8/2014 23:00,2.517,,,,
460,11/9/2014 1:00,2.303,,,,
461,11/9/2014 3:00,2.303,,,,
462,11/9/2014 5:00,2.195,,,,
463,11/9/2014 7:00,2.517,,,,
464,11/9/2014 9:00,2.303,,,,
465,11/9/2014 11:00,3.049,,,,
466,11/9/2014 13:00,5.347,,,,
467,11/9/2014 15:00,4.623,,,,
468,11/9/2014 17:00,3.788,,,,
469,11/9/2014 19:00,2.837,,,,
470,11/9/2014 21:00,2.624,,,,
471,11/9/2014 23:00,2.517,,,,
472,11/10/2014 1:00,2.41,,,,
473,11/10/2014 3:00,2.303,,,,
474,11/10/2014 5:00,2.303,,,,
475,11/10/2014 7:00,2.195,,,,
476,11/10/2014 9:00,2.195,,,,
477,11/10/2014 11:00,2.195,,,,
478,11/10/2014 13:00,2.088,,,,
479,11/10/2014 15:00,2.088,,,,
480,11/10/2014 17:00,2.088,,,,
481,11/10/2014 19:00,1.98,,,,
482,11/10/2014 21:00,1.98,,,,
483,11/10/2014 23:00,1.872,,,,
484,11/11/2014 1:00,1.872,,,,
485,11/11/2014 3:00,1.764,,,,
486,11/11/2014 5:00,1.764,,,,
487,11/11/2014 7:00,1.656,,,,
488,11/11/2014 9:00,1.656,,,,
489,11/11/2014 11:00,1.656,,,,
490,11/11/2014 13:00,1.656,,,,
491,11/11/2014 15:00,1.548,,,,
492,11/11/2014 17:00,1.548,,,,
493,11/11/2014 19:00,1.439,,,,
494,11/11/2014 21:00,1.33,,,,
495,11/11/2014 23:00,1.221,,,,
496,11/12/2014 1:00,1.221,,,,
497,11/12/2014 3:00,1.112,,,,
498,11/12/2014 5:00,1.003,,,,
499,11/12/2014 7:00,1.003,,,,
500,11/12/2014 9:00,0.893,,,,
501,11/12/2014 11:00,0.784,,,,
502,11/12/2014 13:00,0.784,,,,
503,11/12/2014 15:00,0.784,,,,
504,11/12/2014 17:00,0.674,,,,
505,11/12/2014 19:00,0.674,,,,
506,11/12/2014 21:00,0.674,,,,
507,11/12/2014 23:00,0.563,,,,
508,11/13/2014 1:00,0.563,,,,
509,11/13/2014 3:00,0.453,,,,
510,11/13/2014 5:00,0.453,,,,
511,11/13/2014 7:00,0.453,,,,
512,11/13/2014 9:00,0.343,,,,
513,11/13/2014 11:00,0.343,,,,
514,11/13/2014 13:00,0.343,,,,
515,11/13/2014 15:00,0.453,,,,
516,11/13/2014 17:00,0.343,,,,
517,11/13/2014 19:00,0.343,,,,
518,11/13/2014 21:00,0.343,,,,
519,11/13/2014 23:00,0.343,,,,
520,11/14/2014 1:00,0.343,,,,
521,11/14/2014 3:00,0.232,,,,
522,11/14/2014 5:00,0.232,,,,
523,11/14/2014 7:00,0.232,,,,
524,11/14/2014 9:00,0.232,,,,
525,11/14/2014 11:00,0.232,,,,
526,11/14/2014 13:00,0.232,,,,
527,11/14/2014 15:00,0.232,,,,
528,11/14/2014 17:00,0.232,,,,
529,11/14/2014 19:00,0.121,,,,
530,11/14/2014 21:00,0.121,,,,
531,11/14/2014 23:00,0.121,,,,
532,11/15/2014 1:00,0.01,,,,
533,11/15/2014 3:00,0.01,,,,
534,11/15/2014 5:00,0.01,,,,
535,11/15/2014 7:00,0.01,,,,
536,11/15/2014 9:00,-0.102,,,,
537,11/15/2014 11:00,-0.102,,,,
538,11/15/2014 13:00,0.01,,,,
539,11/15/2014 15:00,0.01,,,,
540,11/15/2014 17:00,0.01,,,,
541,11/15/2014 19:00,-0.102,,,,
542,11/15/2014 21:00,-0.102,,,,
543,11/15/2014 23:00,-0.102,,,,
544,11/16/2014 1:00,-0.102,,,,
545,11/16/2014 3:00,-0.213,,,,
546,11/16/2014 5:00,-0.213,,,,
547,11/16/2014 7:00,-0.213,,,,
548,11/16/2014 9:00,-0.213,,,,
549,11/16/2014 11:00,-0.102,,,,
550,11/16/2014 13:00,-0.102,,,,
551,11/16/2014 15:00,0.01,,,,
552,11/16/2014 17:00,0.01,,,,
553,11/16/2014 19:00,0.01,,,,
554,11/16/2014 21:00,0.01,,,,
555,11/16/2014 23:00,0.01,,,,
556,11/17/2014 1:00,0.01,,,,
557,11/17/2014 3:00,-0.102,,,,
558,11/17/2014 5:00,-0.102,,,,
559,11/17/2014 7:00,-0.102,,,,
560,11/17/2014 9:00,-0.102,,,,
561,11/17/2014 11:00,-0.102,,,,
562,11/17/2014 13:00,0.01,,,,
563,11/17/2014 15:00,0.121,,,,
564,11/17/2014 17:00,0.121,,,,
565,11/17/2014 19:00,0.121,,,,
566,11/17/2014 21:00,0.121,,,,
567,11/17/2014 23:00,0.121,,,,
568,11/18/2014 1:00,0.01,,,,
569,11/18/2014 3:00,0.01,,,,
570,11/18/2014 5:00,0.01,,,,
571,11/18/2014 7:00,0.01,,,,
572,11/18/2014 9:00,0.01,,,,
573,11/18/2014 11:00,0.01,,,,
574,11/18/2014 13:00,0.121,,,,
575,11/18/2014 15:00,0.121,,,,
576,11/18/2014 17:00,0.121,,,,
577,11/18/2014 19:00,0.121,,,,
578,11/18/2014 21:00,0.121,,,,
579,11/18/2014 23:00,0.121,,,,
580,11/19/2014 1:00,0.121,,,,
581,11/19/2014 3:00,0.121,,,,
582,11/19/2014 5:00,0.121,,,,
583,11/19/2014 7:00,0.121,,,,
584,11/19/2014 9:00,0.121,,,,
585,11/19/2014 11:00,0.121,,,,
586,11/19/2014 13:00,0.121,,,,
587,11/19/2014 15:00,0.121,,,,
588,11/19/2014 17:00,0.121,,,,
589,11/19/2014 19:00,0.121,,,,
590,11/19/2014 21:00,0.121,,,,
591,11/19/2014 23:00,0.232,,,,
592,11/20/2014 1:00,0.232,,,,
593,11/20/2014 3:00,0.232,,,,
594,11/20/2014 5:00,0.232,,,,
595,11/20/2014 7:00,0.232,,,,
596,11/20/2014 9:00,0.232,,,,
597,11/20/2014 11:00,0.232,,,,
598,11/20/2014 13:00,0.232,,,,
599,11/20/2014 15:00,0.232,,,,
600,11/20/2014 17:00,0.232,,,,
601,11/20/2014 19:00,0.232,,,,
602,11/20/2014 21:00,0.232,,,,
603,11/20/2014 23:00,0.232,,,,
604,11/21/2014 1:00,0.232,,,,
605,11/21/2014 3:00,0.232,,,,
606,11/21/2014 5:00,0.232,,,,
607,11/21/2014 7:00,0.232,,,,
608,11/21/2014 9:00,0.232,,,,
609,11/21/2014 11:00,0.232,,,,
610,11/21/2014 13:00,0.232,,,,
611,11/21/2014 15:00,0.232,,,,
612,11/21/2014 17:00,0.232,,,,
613,11/21/2014 19:00,0.232,,,,
614,11/21/2014 21:00,0.232,,,,
615,11/21/2014 23:00,0.232,,,,
616,11/22/2014 1:00,0.232,,,,
617,11/22/2014 3:00,0.232,,,,
618,11/22/2014 5:00,0.232,,,,
619,11/22/2014 7:00,0.232,,,,
620,11/22/2014 9:00,0.343,,,,
621,11/22/2014 11:00,0.343,,,,
622,11/22/2014 13:00,0.343,,,,
623,11/22/2014 15:00,0.343,,,,
624,11/22/2014 17:00,0.343,,,,
625,11/22/2014 19:00,0.343,,,,
626,11/22/2014 21:00,0.343,,,,
627,11/22/2014 23:00,0.343,,,,
628,11/23/2014 1:00,0.343,,,,
629,11/23/2014 3:00,0.343,,,,
630,11/23/2014 5:00,0.343,,,,
631,11/23/2014 7:00,0.343,,,,
632,11/23/2014 9:00,0.343,,,,
633,11/23/2014 11:00,0.343,,,,
634,11/23/2014 13:00,0.343,,,,
635,11/23/2014 15:00,0.343,,,,
636,11/23/2014 17:00,0.343,,,,
637,11/23/2014 19:00,0.343,,,,
638,11/23/2014 21:00,0.343,,,,
639,11/23/2014 23:00,0.343,,,,
640,11/24/2014 1:00,0.343,,,,
641,11/24/2014 3:00,0.343,,,,
642,11/24/2014 5:00,0.343,,,,
643,11/24/2014 7:00,0.343,,,,
644,11/24/2014 9:00,0.343,,,,
645,11/24/2014 11:00,0.343,,,,
646,11/24/2014 13:00,0.453,,,,
647,11/24/2014 15:00,0.343,,,,
648,11/24/2014 17:00,0.453,,,,
649,11/24/2014 19:00,0.453,,,,
650,11/24/2014 21:00,0.453,,,,
651,11/24/2014 23:00,0.453,,,,
652,11/25/2014 1:00,0.453,,,,
653,11/25/2014 3:00,0.453,,,,
654,11/25/2014 5:00,0.453,,,,
655,11/25/2014 7:00,0.453,,,,
656,11/25/2014 9:00,0.453,,,,
657,11/25/2014 11:00,0.453,,,,
658,11/25/2014 13:00,0.453,,,,
659,11/25/2014 15:00,0.453,,,,
660,11/25/2014 17:00,0.453,,,,
661,11/25/2014 19:00,0.453,,,,
662,11/25/2014 21:00,0.453,,,,
663,11/25/2014 23:00,0.453,,,,
664,11/26/2014 1:00,0.453,,,,
665,11/26/2014 3:00,0.453,,,,
666,11/26/2014 5:00,0.453,,,,
667,11/26/2014 7:00,0.453,,,,
668,11/26/2014 9:00,0.453,,,,
669,11/26/2014 11:00,0.453,,,,
670,11/26/2014 13:00,0.453,,,,
671,11/26/2014 15:00,0.453,,,,
672,11/26/2014 17:00,0.453,,,,
673,11/26/2014 19:00,0.453,,,,
674,11/26/2014 21:00,0.453,,,,
675,11/26/2014 23:00,0.453,,,,
676,11/27/2014 1:00,0.453,,,,
677,11/27/2014 3:00,0.453,,,,
678,11/27/2014 5:00,0.453,,,,
679,11/27/2014 7:00,0.453,,,,
680,11/27/2014 9:00,0.453,,,,
681,11/27/2014 11:00,0.453,,,,
682,11/27/2014 13:00,0.453,,,,
683,11/27/2014 15:00,0.453,,,,
684,11/27/2014 17:00,0.453,,,,
685,11/27/2014 19:00,0.453,,,,
686,11/27/2014 21:00,0.453,,,,
687,11/27/2014 23:00,0.453,,,,
688,11/28/2014 1:00,0.453,,,,
689,11/28/2014 3:00,0.453,,,,
690,11/28/2014 5:00,0.453,,,,
691,11/28/2014 7:00,0.453,,,,
692,11/28/2014 9:00,0.453,,,,
693,11/28/2014 11:00,0.563,,,,
694,11/28/2014 13:00,0.453,,,,
695,11/28/2014 15:00,0.453,,,,
696,11/28/2014 17:00,0.453,,,,
697,11/28/2014 19:00,0.453,,,,
698,11/28/2014 21:00,0.453,,,,
699,11/28/2014 23:00,0.453,,,,
700,11/29/2014 1:00,0.453,,,,
701,11/29/2014 3:00,0.563,,,,
702,11/29/2014 5:00,0.563,,,,
703,11/29/2014 7:00,0.563,,,,
704,11/29/2014 9:00,0.563,,,,
705,11/29/2014 11:00,0.563,,,,
706,11/29/2014 13:00,0.563,,,,
707,11/29/2014 15:00,0.563,,,,
708,11/29/2014 17:00,0.563,,,,
709,11/29/2014 19:00,0.563,,,,
710,11/29/2014 21:00,0.563,,,,
711,11/29/2014 23:00,0.563,,,,
712,11/30/2014 1:00,0.563,,,,
713,11/30/2014 3:00,0.563,,,,
714,11/30/2014 5:00,0.563,,,,
715,11/30/2014 7:00,0.563,,,,
716,11/30/2014 9:00,0.563,,,,
717,11/30/2014 11:00,0.563,,,,
718,11/30/2014 13:00,0.563,,,,
719,11/30/2014 15:00,0.563,,,,
720,11/30/2014 17:00,0.563,,,,
721,11/30/2014 19:00,0.563,,,,
722,11/30/2014 21:00,0.563,,,,
723,11/30/2014 23:00,0.563,,,,
724,12/1/2014 1:00,0.563,,,,
725,12/1/2014 3:00,0.563,,,,
726,12/1/2014 5:00,0.563,,,,
727,12/1/2014 7:00,0.563,,,,
728,12/1/2014 9:00,0.563,,,,
729,12/1/2014 11:00,0.563,,,,
730,12/1/2014 13:00,0.563,,,,
731,12/1/2014 15:00,0.563,,,,
732,12/1/2014 17:00,0.563,,,,
733,12/1/2014 19:00,0.563,,,,
734,12/1/2014 21:00,0.563,,,,
735,12/1/2014 23:00,0.563,,,,
736,12/2/2014 1:00,0.563,,,,
737,12/2/2014 3:00,0.563,,,,
738,12/2/2014 5:00,0.563,,,,
739,12/2/2014 7:00,0.563,,,,
740,12/2/2014 9:00,0.563,,,,
741,12/2/2014 11:00,0.453,,,,
742,12/2/2014 13:00,0.453,,,,
743,12/2/2014 15:00,0.453,,,,
744,12/2/2014 17:00,0.453,,,,
745,12/2/2014 19:00,0.453,,,,
746,12/2/2014 21:00,0.453,,,,
747,12/2/2014 23:00,0.453,,,,
748,12/3/2014 1:00,0.453,,,,
749,12/3/2014 3:00,0.453,,,,
750,12/3/2014 5:00,0.453,,,,
751,12/3/2014 7:00,0.453,,,,
752,12/3/2014 9:00,0.453,,,,
753,12/3/2014 11:00,0.453,,,,
754,12/3/2014 13:00,0.453,,,,
755,12/3/2014 15:00,0.453,,,,
756,12/3/2014 17:00,0.453,,,,
757,12/3/2014 19:00,0.453,,,,
758,12/3/2014 21:00,0.453,,,,
759,12/3/2014 23:00,0.453,,,,
760,12/4/2014 1:00,0.453,,,,
761,12/4/2014 3:00,0.453,,,,
762,12/4/2014 5:00,0.453,,,,
763,12/4/2014 7:00,0.453,,,,
764,12/4/2014 9:00,0.453,,,,
765,12/4/2014 11:00,0.453,,,,
766,12/4/2014 13:00,0.453,,,,
767,12/4/2014 15:00,0.453,,,,
768,12/4/2014 17:00,0.453,,,,
769,12/4/2014 19:00,0.453,,,,
770,12/4/2014 21:00,0.453,,,,
771,12/4/2014 23:00,0.453,,,,
772,12/5/2014 1:00,0.453,,,,
773,12/5/2014 3:00,0.453,,,,
774,12/5/2014 5:00,0.563,,,,
775,12/5/2014 7:00,0.563,,,,
776,12/5/2014 9:00,0.563,,,,
777,12/5/2014 11:00,0.563,,,,
778,12/5/2014 13:00,0.563,,,,
779,12/5/2014 15:00,0.563,,,,
780,12/5/2014 17:00,0.563,,,,
781,12/5/2014 19:00,0.563,,,,
782,12/5/2014 21:00,0.563,,,,
783,12/5/2014 23:00,0.563,,,,
784,12/6/2014 1:00,0.563,,,,
785,12/6/2014 3:00,0.563,,,,
786,12/6/2014 5:00,0.563,,,,
787,12/6/2014 7:00,0.563,,,,
788,12/6/2014 9:00,0.563,,,,
789,12/6/2014 11:00,0.563,,,,
790,12/6/2014 13:00,0.563,,,,
791,12/6/2014 15:00,0.563,,,,
792,12/6/2014 17:00,0.563,,,,
793,12/6/2014 19:00,0.563,,,,
794,12/6/2014 21:00,0.563,,,,
795,12/6/2014 23:00,0.563,,,,
796,12/7/2014 1:00,0.563,,,,
797,12/7/2014 3:00,0.563,,,,
798,12/7/2014 5:00,0.563,,,,
799,12/7/2014 7:00,0.563,,,,
800,12/7/2014 9:00,0.563,,,,
801,12/7/2014 11:00,0.563,,,,
802,12/7/2014 13:00,0.563,,,,
803,12/7/2014 15:00,0.563,,,,
804,12/7/2014 17:00,0.563,,,,
805,12/7/2014 19:00,0.563,,,,
806,12/7/2014 21:00,0.563,,,,
807,12/7/2014 23:00,0.563,,,,
808,12/8/2014 1:00,0.563,,,,
809,12/8/2014 3:00,0.563,,,,
810,12/8/2014 5:00,0.563,,,,
811,12/8/2014 7:00,0.563,,,,
812,12/8/2014 9:00,0.563,,,,
813,12/8/2014 11:00,0.563,,,,
814,12/8/2014 13:00,0.563,,,,
815,12/8/2014 15:00,0.563,,,,
816,12/8/2014 17:00,0.563,,,,
817,12/8/2014 19:00,0.563,,,,
818,12/8/2014 21:00,0.563,,,,
819,12/8/2014 23:00,0.563,,,,
820,12/9/2014 1:00,0.563,,,,
821,12/9/2014 3:00,0.563,,,,
822,12/9/2014 5:00,0.563,,,,
823,12/9/2014 7:00,0.563,,,,
824,12/9/2014 9:00,0.563,,,,
825,12/9/2014 11:00,0.453,,,,
826,12/9/2014 13:00,0.453,,,,
827,12/9/2014 15:00,0.453,,,,
828,12/9/2014 17:00,0.453,,,,
829,12/9/2014 19:00,0.453,,,,
830,12/9/2014 21:00,0.453,,,,
831,12/9/2014 23:00,0.453,,,,
832,12/10/2014 1:00,0.453,,,,
833,12/10/2014 3:00,0.343,,,,
834,12/10/2014 5:00,0.453,,,,
835,12/10/2014 7:00,0.453,,,,
836,12/10/2014 9:00,0.453,,,,
837,12/10/2014 11:00,0.453,,,,
838,12/10/2014 13:00,0.453,,,,
839,12/10/2014 15:00,0.453,,,,
840,12/10/2014 17:00,0.453,,,,
841,12/10/2014 19:00,0.343,,,,
842,12/10/2014 21:00,0.453,,,,
843,12/10/2014 23:00,0.453,,,,
844,12/11/2014 1:00,0.453,,,,
845,12/11/2014 3:00,0.453,,,,
846,12/11/2014 5:00,0.453,,,,
847,12/11/2014 7:00,0.453,,,,
848,12/11/2014 9:00,0.453,,,,
849,12/11/2014 11:00,0.453,,,,
850,12/11/2014 13:00,0.453,,,,
851,12/11/2014 15:00,0.453,,,,
852,12/11/2014 17:00,0.453,,,,
853,12/11/2014 19:00,0.453,,,,
854,12/11/2014 21:00,0.453,,,,
855,12/11/2014 23:00,0.453,,,,
856,12/12/2014 1:00,0.453,,,,
857,12/12/2014 3:00,0.453,,,,
858,12/12/2014 5:00,0.453,,,,
859,12/12/2014 7:00,0.453,,,,
860,12/12/2014 9:00,0.453,,,,
861,12/12/2014 11:00,0.453,,,,
862,12/12/2014 13:00,0.453,,,,
863,12/12/2014 15:00,0.453,,,,
864,12/12/2014 17:00,0.453,,,,
865,12/12/2014 19:00,0.453,,,,
866,12/12/2014 21:00,0.453,,,,
867,12/12/2014 23:00,0.453,,,,
868,12/13/2014 1:00,0.453,,,,
869,12/13/2014 3:00,0.453,,,,
870,12/13/2014 5:00,0.453,,,,
871,12/13/2014 7:00,0.343,,,,
872,12/13/2014 9:00,0.343,,,,
873,12/13/2014 11:00,0.343,,,,
874,12/13/2014 13:00,0.343,,,,
875,12/13/2014 15:00,0.343,,,,
876,12/13/2014 17:00,0.343,,,,
877,12/13/2014 19:00,0.343,,,,
878,12/13/2014 21:00,0.343,,,,
879,12/13/2014 23:00,0.343,,,,
880,12/14/2014 1:00,0.343,,,,
881,12/14/2014 3:00,0.232,,,,
882,12/14/2014 5:00,0.232,,,,
883,12/14/2014 7:00,0.232,,,,
884,12/14/2014 9:00,0.232,,,,
885,12/14/2014 11:00,0.232,,,,
886,12/14/2014 13:00,0.232,,,,
887,12/14/2014 15:00,0.121,,,,
888,12/14/2014 17:00,0.121,,,,
889,12/14/2014 19:00,0.121,,,,
890,12/14/2014 21:00,0.121,,,,
891,12/14/2014 23:00,0.01,,,,
892,12/15/2014 1:00,0.01,,,,
893,12/15/2014 3:00,0.01,,,,
894,12/15/2014 5:00,0.01,,,,
895,12/15/2014 7:00,0.01,,,,
896,12/15/2014 9:00,0.01,,,,
897,12/15/2014 11:00,0.01,,,,
898,12/15/2014 13:00,0.121,,,,
899,12/15/2014 15:00,0.121,,,,
900,12/15/2014 17:00,0.121,,,,
901,12/15/2014 19:00,0.121,,,,
902,12/15/2014 21:00,0.121,,,,
903,12/15/2014 23:00,0.121,,,,
904,12/16/2014 1:00,0.121,,,,
905,12/16/2014 3:00,0.121,,,,
906,12/16/2014 5:00,0.121,,,,
907,12/16/2014 7:00,0.121,,,,
908,12/16/2014 9:00,0.121,,,,
909,12/16/2014 11:00,0.121,,,,
910,12/16/2014 13:00,0.121,,,,
911,12/16/2014 15:00,0.121,,,,
912,12/16/2014 17:00,0.121,,,,
913,12/16/2014 19:00,0.121,,,,
914,12/16/2014 21:00,0.121,,,,
915,12/16/2014 23:00,0.121,,,,
916,12/17/2014 1:00,0.121,,,,
917,12/17/2014 3:00,0.121,,,,
918,12/17/2014 5:00,0.121,,,,
919,12/17/2014 7:00,0.121,,,,
920,12/17/2014 9:00,0.121,,,,
921,12/17/2014 11:00,0.121,,,,
922,12/17/2014 13:00,0.121,,,,
923,12/17/2014 15:00,0.121,,,,
924,12/17/2014 17:00,0.121,,,,
925,12/17/2014 19:00,0.121,,,,
926,12/17/2014 21:00,0.121,,,,
927,12/17/2014 23:00,0.121,,,,
928,12/18/2014 1:00,0.121,,,,
929,12/18/2014 3:00,0.121,,,,
930,12/18/2014 5:00,0.121,,,,
931,12/18/2014 7:00,0.121,,,,
932,12/18/2014 9:00,0.121,,,,
933,12/18/2014 11:00,0.121,,,,
934,12/18/2014 13:00,0.121,,,,
935,12/18/2014 15:00,0.121,,,,
936,12/18/2014 17:00,0.121,,,,
937,12/18/2014 19:00,0.121,,,,
938,12/18/2014 21:00,0.121,,,,
939,12/18/2014 23:00,0.232,,,,
940,12/19/2014 1:00,0.121,,,,
941,12/19/2014 3:00,0.121,,,,
942,12/19/2014 5:00,0.232,,,,
943,12/19/2014 7:00,0.121,,,,
944,12/19/2014 9:00,0.232,,,,
945,12/19/2014 11:00,0.121,,,,
946,12/19/2014 13:00,0.121,,,,
947,12/19/2014 15:00,0.232,,,,
948,12/19/2014 17:00,0.121,,,,
949,12/19/2014 19:00,0.121,,,,
950,12/19/2014 21:00,0.232,,,,
951,12/19/2014 23:00,0.232,,,,
952,12/20/2014 1:00,0.232,,,,
953,12/20/2014 3:00,0.232,,,,
954,12/20/2014 5:00,0.232,,,,
955,12/20/2014 7:00,0.232,,,,
956,12/20/2014 9:00,0.232,,,,
957,12/20/2014 11:00,0.232,,,,
958,12/20/2014 13:00,0.232,,,,
959,12/20/2014 15:00,0.232,,,,
960,12/20/2014 17:00,0.232,,,,
961,12/20/2014 19:00,0.232,,,,
962,12/20/2014 21:00,0.232,,,,
963,12/20/2014 23:00,0.232,,,,
964,12/21/2014 1:00,0.232,,,,
965,12/21/2014 3:00,0.232,,,,
966,12/21/2014 5:00,0.232,,,,
967,12/21/2014 7:00,0.232,,,,
968,12/21/2014 9:00,0.232,,,,
969,12/21/2014 11:00,0.232,,,,
970,12/21/2014 13:00,0.232,,,,
971,12/21/2014 15:00,0.232,,,,
972,12/21/2014 17:00,0.232,,,,
973,12/21/2014 19:00,0.232,,,,
974,12/21/2014 21:00,0.232,,,,
975,12/21/2014 23:00,0.232,,,,
976,12/22/2014 1:00,0.232,,,,
977,12/22/2014 3:00,0.232,,,,
978,12/22/2014 5:00,0.232,,,,
979,12/22/2014 7:00,0.232,,,,
980,12/22/2014 9:00,0.232,,,,
981,12/22/2014 11:00,0.232,,,,
982,12/22/2014 13:00,0.232,,,,
983,12/22/2014 15:00,0.232,,,,
984,12/22/2014 17:00,0.232,,,,
985,12/22/2014 19:00,0.232,,,,
986,12/22/2014 21:00,0.232,,,,
987,12/22/2014 23:00,0.232,,,,
988,12/23/2014 1:00,0.232,,,,
989,12/23/2014 3:00,0.232,,,,
990,12/23/2014 5:00,0.232,,,,
991,12/23/2014 7:00,0.232,,,,
992,12/23/2014 9:00,0.232,,,,
993,12/23/2014 11:00,0.232,,,,
994,12/23/2014 13:00,0.232,,,,
995,12/23/2014 15:00,0.232,,,,
996,12/23/2014 17:00,0.232,,,,
997,12/23/2014 19:00,0.232,,,,
998,12/23/2014 21:00,0.232,,,,
999,12/23/2014 23:00,0.232,,,,
1000,12/24/2014 1:00,0.232,,,,
1001,12/24/2014 3:00,0.232,,,,
1002,12/24/2014 5:00,0.232,,,,
1003,12/24/2014 7:00,0.232,,,,
1004,12/24/2014 9:00,0.232,,,,
1005,12/24/2014 11:00,0.232,,,,
1006,12/24/2014 13:00,0.232,,,,
1007,12/24/2014 15:00,0.232,,,,
1008,12/24/2014 17:00,0.232,,,,
1009,12/24/2014 19:00,0.232,,,,
1010,12/24/2014 21:00,0.232,,,,
1011,12/24/2014 23:00,0.232,,,,
1012,12/25/2014 1:00,0.232,,,,
1013,12/25/2014 3:00,0.232,,,,
1014,12/25/2014 5:00,0.232,,,,
1015,12/25/2014 7:00,0.232,,,,
1016,12/25/2014 9:00,0.232,,,,
1017,12/25/2014 11:00,0.232,,,,
1018,12/25/2014 13:00,0.232,,,,
1019,12/25/2014 15:00,0.232,,,,
1020,12/25/2014 17:00,0.232,,,,
1021,12/25/2014 19:00,0.232,,,,
1022,12/25/2014 21:00,0.232,,,,
1023,12/25/2014 23:00,0.232,,,,
1024,12/26/2014 1:00,0.232,,,,
1025,12/26/2014 3:00,0.232,,,,
1026,12/26/2014 5:00,0.232,,,,
1027,12/26/2014 7:00,0.232,,,,
1028,12/26/2014 9:00,0.232,,,,
1029,12/26/2014 11:00,0.232,,,,
1030,12/26/2014 13:00,0.232,,,,
1031,12/26/2014 15:00,0.232,,,,
1032,12/26/2014 17:00,0.232,,,,
1033,12/26/2014 19:00,0.232,,,,
1034,12/26/2014 21:00,0.232,,,,
1035,12/26/2014 23:00,0.232,,,,
1036,12/27/2014 1:00,0.232,,,,
1037,12/27/2014 3:00,0.232,,,,
1038,12/27/2014 5:00,0.232,,,,
1039,12/27/2014 7:00,0.232,,,,
1040,12/27/2014 9:00,0.232,,,,
1041,12/27/2014 11:00,0.232,,,,
1042,12/27/2014 13:00,0.232,,,,
1043,12/27/2014 15:00,0.232,,,,
1044,12/27/2014 17:00,0.232,,,,
1045,12/27/2014 19:00,0.232,,,,
1046,12/27/2014 21:00,0.232,,,,
1047,12/27/2014 23:00,0.232,,,,
1048,12/28/2014 1:00,0.232,,,,
1049,12/28/2014 3:00,0.232,,,,
1050,12/28/2014 5:00,0.232,,,,
1051,12/28/2014 7:00,0.232,,,,
1052,12/28/2014 9:00,0.232,,,,
1053,12/28/2014 11:00,0.232,,,,
1054,12/28/2014 13:00,0.232,,,,
1055,12/28/2014 15:00,0.232,,,,
1056,12/28/2014 17:00,0.232,,,,
1057,12/28/2014 19:00,0.232,,,,
1058,12/28/2014 21:00,0.232,,,,
1059,12/28/2014 23:00,0.232,,,,
1060,12/29/2014 1:00,0.232,,,,
1061,12/29/2014 3:00,0.232,,,,
1062,12/29/2014 5:00,0.232,,,,
1063,12/29/2014 7:00,0.232,,,,
1064,12/29/2014 9:00,0.232,,,,
1065,12/29/2014 11:00,0.232,,,,
1066,12/29/2014 13:00,0.232,,,,
1067,12/29/2014 15:00,0.232,,,,
1068,12/29/2014 17:00,0.232,,,,
1069,12/29/2014 19:00,0.232,,,,
1070,12/29/2014 21:00,0.232,,,,
1071,12/29/2014 23:00,0.232,,,,
1072,12/30/2014 1:00,0.232,,,,
1073,12/30/2014 3:00,0.232,,,,
1074,12/30/2014 5:00,0.232,,,,
1075,12/30/2014 7:00,0.232,,,,
1076,12/30/2014 9:00,0.232,,,,
1077,12/30/2014 11:00,0.232,,,,
1078,12/30/2014 13:00,0.232,,,,
1079,12/30/2014 15:00,0.232,,,,
1080,12/30/2014 17:00,0.232,,,,
1081,12/30/2014 19:00,0.232,,,,
1082,12/30/2014 21:00,0.232,,,,
1083,12/30/2014 23:00,0.232,,,,
1084,12/31/2014 1:00,0.232,,,,
1085,12/31/2014 3:00,0.232,,,,
1086,12/31/2014 5:00,0.232,,,,
1087,12/31/2014 7:00,0.232,,,,
1088,12/31/2014 9:00,0.232,,,,
1089,12/31/2014 11:00,0.232,,,,
1090,12/31/2014 13:00,0.232,,,,
1091,12/31/2014 15:00,0.232,,,,
1092,12/31/2014 17:00,0.232,,,,
1093,12/31/2014 19:00,0.232,,,,
1094,12/31/2014 21:00,0.232,,,,
1095,12/31/2014 23:00,0.232,,,,
1096,1/1/2015 1:00,0.232,,,,
1097,1/1/2015 3:00,0.232,,,,
1098,1/1/2015 5:00,0.232,,,,
1099,1/1/2015 7:00,0.232,,,,
1100,1/1/2015 9:00,0.232,,,,
1101,1/1/2015 11:00,0.232,,,,
1102,1/1/2015 13:00,0.232,,,,
1103,1/1/2015 15:00,0.232,,,,
1104,1/1/2015 17:00,0.232,,,,
1105,1/1/2015 19:00,0.232,,,,
1106,1/1/2015 21:00,0.232,,,,
1107,1/1/2015 23:00,0.232,,,,
1108,1/2/2015 1:00,0.232,,,,
1109,1/2/2015 3:00,0.232,,,,
1110,1/2/2015 5:00,0.232,,,,
1111,1/2/2015 7:00,0.232,,,,
1112,1/2/2015 9:00,0.232,,,,
1113,1/2/2015 11:00,0.232,,,,
1114,1/2/2015 13:00,0.232,,,,
1115,1/2/2015 15:00,0.232,,,,
1116,1/2/2015 17:00,0.232,,,,
1117,1/2/2015 19:00,0.232,,,,
1118,1/2/2015 21:00,0.232,,,,
1119,1/2/2015 23:00,0.232,,,,
1120,1/3/2015 1:00,0.232,,,,
1121,1/3/2015 3:00,0.232,,,,
1122,1/3/2015 5:00,0.232,,,,
1123,1/3/2015 7:00,0.232,,,,
1124,1/3/2015 9:00,0.232,,,,
1125,1/3/2015 11:00,0.232,,,,
1126,1/3/2015 13:00,0.232,,,,
1127,1/3/2015 15:00,0.232,,,,
1128,1/3/2015 17:00,0.232,,,,
1129,1/3/2015 19:00,0.232,,,,
1130,1/3/2015 21:00,0.232,,,,
1131,1/3/2015 23:00,0.232,,,,
1132,1/4/2015 1:00,0.232,,,,
1133,1/4/2015 3:00,0.232,,,,
1134,1/4/2015 5:00,0.232,,,,
1135,1/4/2015 7:00,0.232,,,,
1136,1/4/2015 9:00,0.232,,,,
1137,1/4/2015 11:00,0.232,,,,
1138,1/4/2015 13:00,0.232,,,,
1139,1/4/2015 15:00,0.232,,,,
1140,1/4/2015 17:00,0.232,,,,
1141,1/4/2015 19:00,0.232,,,,
1142,1/4/2015 21:00,0.232,,,,
1143,1/4/2015 23:00,0.232,,,,
1144,1/5/2015 1:00,0.232,,,,
1145,1/5/2015 3:00,0.232,,,,
1146,1/5/2015 5:00,0.232,,,,
1147,1/5/2015 7:00,0.232,,,,
1148,1/5/2015 9:00,0.232,,,,
1149,1/5/2015 11:00,0.232,,,,
1150,1/5/2015 13:00,0.232,,,,
1151,1/5/2015 15:00,0.232,,,,
1152,1/5/2015 17:00,0.232,,,,
1153,1/5/2015 19:00,0.232,,,,
1154,1/5/2015 21:00,0.232,,,,
1155,1/5/2015 23:00,0.232,,,,
1156,1/6/2015 1:00,0.232,,,,
1157,1/6/2015 3:00,0.232,,,,
1158,1/6/2015 5:00,0.232,,,,
1159,1/6/2015 7:00,0.232,,,,
1160,1/6/2015 9:00,0.232,,,,
1161,1/6/2015 11:00,0.232,,,,
1162,1/6/2015 13:00,0.232,,,,
1163,1/6/2015 15:00,0.232,,,,
1164,1/6/2015 17:00,0.232,,,,
1165,1/6/2015 19:00,0.232,,,,
1166,1/6/2015 21:00,0.232,,,,
1167,1/6/2015 23:00,0.232,,,,
1168,1/7/2015 1:00,0.232,,,,
1169,1/7/2015 3:00,0.232,,,,
1170,1/7/2015 5:00,0.232,,,,
1171,1/7/2015 7:00,0.232,,,,
1172,1/7/2015 9:00,0.232,,,,
1173,1/7/2015 11:00,0.232,,,,
1174,1/7/2015 13:00,0.232,,,,
1175,1/7/2015 15:00,0.232,,,,
1176,1/7/2015 17:00,0.232,,,,
1177,1/7/2015 19:00,0.232,,,,
1178,1/7/2015 21:00,0.232,,,,
1179,1/7/2015 23:00,0.232,,,,
1180,1/8/2015 1:00,0.232,,,,
1181,1/8/2015 3:00,0.232,,,,
1182,1/8/2015 5:00,0.232,,,,
1183,1/8/2015 7:00,0.232,,,,
1184,1/8/2015 9:00,0.232,,,,
1185,1/8/2015 11:00,0.232,,,,
1186,1/8/2015 13:00,0.232,,,,
1187,1/8/2015 15:00,0.232,,,,
1188,1/8/2015 17:00,0.232,,,,
1189,1/8/2015 19:00,0.232,,,,
1190,1/8/2015 21:00,0.232,,,,
1191,1/8/2015 23:00,0.232,,,,
1192,1/9/2015 1:00,0.232,,,,
1193,1/9/2015 3:00,0.232,,,,
1194,1/9/2015 5:00,0.232,,,,
1195,1/9/2015 7:00,0.232,,,,
1196,1/9/2015 9:00,0.232,,,,
1197,1/9/2015 11:00,0.232,,,,
1198,1/9/2015 13:00,0.232,,,,
1199,1/9/2015 15:00,0.232,,,,
1200,1/9/2015 17:00,0.232,,,,
1201,1/9/2015 19:00,0.232,,,,
1202,1/9/2015 21:00,0.232,,,,
1203,1/9/2015 23:00,0.232,,,,
1204,1/10/2015 1:00,0.232,,,,
1205,1/10/2015 3:00,0.232,,,,
1206,1/10/2015 5:00,0.232,,,,
1207,1/10/2015 7:00,0.232,,,,
1208,1/10/2015 9:00,0.232,,,,
1209,1/10/2015 11:00,0.232,,,,
1210,1/10/2015 13:00,0.232,,,,
1211,1/10/2015 15:00,0.232,,,,
1212,1/10/2015 17:00,0.232,,,,
1213,1/10/2015 19:00,0.232,,,,
1214,1/10/2015 21:00,0.232,,,,
1215,1/10/2015 23:00,0.232,,,,
1216,1/11/2015 1:00,0.232,,,,
1217,1/11/2015 3:00,0.232,,,,
1218,1/11/2015 5:00,0.232,,,,
1219,1/11/2015 7:00,0.232,,,,
1220,1/11/2015 9:00,0.232,,,,
1221,1/11/2015 11:00,0.232,,,,
1222,1/11/2015 13:00,0.232,,,,
1223,1/11/2015 15:00,0.232,,,,
1224,1/11/2015 17:00,0.232,,,,
1225,1/11/2015 19:00,0.232,,,,
1226,1/11/2015 21:00,0.232,,,,
1227,1/11/2015 23:00,0.232,,,,
1228,1/12/2015 1:00,0.232,,,,
1229,1/12/2015 3:00,0.232,,,,
1230,1/12/2015 5:00,0.232,,,,
1231,1/12/2015 7:00,0.232,,,,
1232,1/12/2015 9:00,0.232,,,,
1233,1/12/2015 11:00,0.232,,,,
1234,1/12/2015 13:00,0.232,,,,
1235,1/12/2015 15:00,0.232,,,,
1236,1/12/2015 17:00,0.232,,,,
1237,1/12/2015 19:00,0.232,,,,
1238,1/12/2015 21:00,0.232,,,,
1239,1/12/2015 23:00,0.232,,,,
1240,1/13/2015 1:00,0.232,,,,
1241,1/13/2015 3:00,0.232,,,,
1242,1/13/2015 5:00,0.232,,,,
1243,1/13/2015 7:00,0.232,,,,
1244,1/13/2015 9:00,0.232,,,,
1245,1/13/2015 11:00,0.232,,,,
1246,1/13/2015 13:00,0.232,,,,
1247,1/13/2015 15:00,0.232,,,,
1248,1/13/2015 17:00,0.232,,,,
1249,1/13/2015 19:00,0.232,,,,
1250,1/13/2015 21:00,0.232,,,,
1251,1/13/2015 23:00,0.232,,,,
1252,1/14/2015 1:00,0.232,,,,
1253,1/14/2015 3:00,0.232,,,,
1254,1/14/2015 5:00,0.232,,,,
1255,1/14/2015 7:00,0.232,,,,
1256,1/14/2015 9:00,0.232,,,,
1257,1/14/2015 11:00,0.232,,,,
1258,1/14/2015 13:00,0.232,,,,
1259,1/14/2015 15:00,0.232,,,,
1260,1/14/2015 17:00,0.232,,,,
1261,1/14/2015 19:00,0.232,,,,
1262,1/14/2015 21:00,0.232,,,,
1263,1/14/2015 23:00,0.232,,,,
1264,1/15/2015 1:00,0.232,,,,
1265,1/15/2015 3:00,0.232,,,,
1266,1/15/2015 5:00,0.232,,,,
1267,1/15/2015 7:00,0.232,,,,
1268,1/15/2015 9:00,0.232,,,,
1269,1/15/2015 11:00,0.232,,,,
1270,1/15/2015 13:00,0.232,,,,
1271,1/15/2015 15:00,0.232,,,,
1272,1/15/2015 17:00,0.232,,,,
1273,1/15/2015 19:00,0.232,,,,
1274,1/15/2015 21:00,0.232,,,,
1275,1/15/2015 23:00,0.232,,,,
1276,1/16/2015 1:00,0.232,,,,
1277,1/16/2015 3:00,0.232,,,,
1278,1/16/2015 5:00,0.232,,,,
1279,1/16/2015 7:00,0.232,,,,
1280,1/16/2015 9:00,0.232,,,,
1281,1/16/2015 11:00,0.232,,,,
1282,1/16/2015 13:00,0.232,,,,
1283,1/16/2015 15:00,0.232,,,,
1284,1/16/2015 17:00,0.232,,,,
1285,1/16/2015 19:00,0.232,,,,
1286,1/16/2015 21:00,0.232,,,,
1287,1/16/2015 23:00,0.232,,,,
1288,1/17/2015 1:00,0.232,,,,
1289,1/17/2015 3:00,0.232,,,,
1290,1/17/2015 5:00,0.232,,,,
1291,1/17/2015 7:00,0.232,,,,
1292,1/17/2015 9:00,0.232,,,,
1293,1/17/2015 11:00,0.232,,,,
1294,1/17/2015 13:00,0.232,,,,
1295,1/17/2015 15:00,0.232,,,,
1296,1/17/2015 17:00,0.232,,,,
1297,1/17/2015 19:00,0.232,,,,
1298,1/17/2015 21:00,0.232,,,,
1299,1/17/2015 23:00,0.232,,,,
1300,1/18/2015 1:00,0.232,,,,
1301,1/18/2015 3:00,0.232,,,,
1302,1/18/2015 5:00,0.232,,,,
1303,1/18/2015 7:00,0.232,,,,
1304,1/18/2015 9:00,0.232,,,,
1305,1/18/2015 11:00,0.232,,,,
1306,1/18/2015 13:00,0.232,,,,
1307,1/18/2015 15:00,0.232,,,,
1308,1/18/2015 17:00,0.232,,,,
1309,1/18/2015 19:00,0.232,,,,
1310,1/18/2015 21:00,0.232,,,,
1311,1/18/2015 23:00,0.232,,,,
1312,1/19/2015 1:00,0.232,,,,
1313,1/19/2015 3:00,0.232,,,,
1314,1/19/2015 5:00,0.232,,,,
1315,1/19/2015 7:00,0.232,,,,
1316,1/19/2015 9:00,0.232,,,,
1317,1/19/2015 11:00,0.232,,,,
1318,1/19/2015 13:00,0.232,,,,
1319,1/19/2015 15:00,0.232,,,,
1320,1/19/2015 17:00,0.232,,,,
1321,1/19/2015 19:00,0.232,,,,
1322,1/19/2015 21:00,0.232,,,,
1323,1/19/2015 23:00,0.232,,,,
1324,1/20/2015 1:00,0.232,,,,
1325,1/20/2015 3:00,0.232,,,,
1326,1/20/2015 5:00,0.232,,,,
1327,1/20/2015 7:00,0.232,,,,
1328,1/20/2015 9:00,0.232,,,,
1329,1/20/2015 11:00,0.232,,,,
1330,1/20/2015 13:00,0.232,,,,
1331,1/20/2015 15:00,0.232,,,,
1332,1/20/2015 17:00,0.232,,,,
1333,1/20/2015 19:00,0.232,,,,
1334,1/20/2015 21:00,0.232,,,,
1335,1/20/2015 23:00,0.232,,,,
1336,1/21/2015 1:00,0.232,,,,
1337,1/21/2015 3:00,0.232,,,,
1338,1/21/2015 5:00,0.232,,,,
1339,1/21/2015 7:00,0.232,,,,
1340,1/21/2015 9:00,0.232,,,,
1341,1/21/2015 11:00,0.232,,,,
1342,1/21/2015 13:00,0.232,,,,
1343,1/21/2015 15:00,0.232,,,,
1344,1/21/2015 17:00,0.232,,,,
1345,1/21/2015 19:00,0.232,,,,
1346,1/21/2015 21:00,0.232,,,,
1347,1/21/2015 23:00,0.232,,,,
1348,1/22/2015 1:00,0.232,,,,
1349,1/22/2015 3:00,0.232,,,,
1350,1/22/2015 5:00,0.232,,,,
1351,1/22/2015 7:00,0.232,,,,
1352,1/22/2015 9:00,0.232,,,,
1353,1/22/2015 11:00,0.232,,,,
1354,1/22/2015 13:00,0.232,,,,
1355,1/22/2015 15:00,0.232,,,,
1356,1/22/2015 17:00,0.232,,,,
1357,1/22/2015 19:00,0.232,,,,
1358,1/22/2015 21:00,0.232,,,,
1359,1/22/2015 23:00,0.232,,,,
1360,1/23/2015 1:00,0.232,,,,
1361,1/23/2015 3:00,0.232,,,,
1362,1/23/2015 5:00,0.232,,,,
1363,1/23/2015 7:00,0.232,,,,
1364,1/23/2015 9:00,0.232,,,,
1365,1/23/2015 11:00,0.232,,,,
1366,1/23/2015 13:00,0.232,,,,
1367,1/23/2015 15:00,0.232,,,,
1368,1/23/2015 17:00,0.232,,,,
1369,1/23/2015 19:00,0.232,,,,
1370,1/23/2015 21:00,0.232,,,,
1371,1/23/2015 23:00,0.232,,,,
1372,1/24/2015 1:00,0.232,,,,
1373,1/24/2015 3:00,0.232,,,,
1374,1/24/2015 5:00,0.232,,,,
1375,1/24/2015 7:00,0.232,,,,
1376,1/24/2015 9:00,0.232,,,,
1377,1/24/2015 11:00,0.232,,,,
1378,1/24/2015 13:00,0.232,,,,
1379,1/24/2015 15:00,0.232,,,,
1380,1/24/2015 17:00,0.232,,,,
1381,1/24/2015 19:00,0.232,,,,
1382,1/24/2015 21:00,0.232,,,,
1383,1/24/2015 23:00,0.232,,,,
1384,1/25/2015 1:00,0.232,,,,
1385,1/25/2015 3:00,0.232,,,,
1386,1/25/2015 5:00,0.232,,,,
1387,1/25/2015 7:00,0.232,,,,
1388,1/25/2015 9:00,0.232,,,,
1389,1/25/2015 11:00,0.232,,,,
1390,1/25/2015 13:00,0.232,,,,
1391,1/25/2015 15:00,0.232,,,,
1392,1/25/2015 17:00,0.232,,,,
1393,1/25/2015 19:00,0.232,,,,
1394,1/25/2015 21:00,0.232,,,,
1395,1/25/2015 23:00,0.232,,,,
1396,1/26/2015 1:00,0.232,,,,
1397,1/26/2015 3:00,0.232,,,,
1398,1/26/2015 5:00,0.232,,,,
1399,1/26/2015 7:00,0.232,,,,
1400,1/26/2015 9:00,0.232,,,,
1401,1/26/2015 11:00,0.232,,,,
1402,1/26/2015 13:00,0.232,,,,
1403,1/26/2015 15:00,0.232,,,,
1404,1/26/2015 17:00,0.232,,,,
1405,1/26/2015 19:00,0.232,,,,
1406,1/26/2015 21:00,0.232,,,,
1407,1/26/2015 23:00,0.232,,,,
1408,1/27/2015 1:00,0.232,,,,
1409,1/27/2015 3:00,0.232,,,,
1410,1/27/2015 5:00,0.232,,,,
1411,1/27/2015 7:00,0.232,,,,
1412,1/27/2015 9:00,0.232,,,,
1413,1/27/2015 11:00,0.232,,,,
1414,1/27/2015 13:00,0.232,,,,
1415,1/27/2015 15:00,0.232,,,,
1416,1/27/2015 17:00,0.232,,,,
1417,1/27/2015 19:00,0.232,,,,
1418,1/27/2015 21:00,0.232,,,,
1419,1/27/2015 23:00,0.232,,,,
1420,1/28/2015 1:00,0.232,,,,
1421,1/28/2015 3:00,0.232,,,,
1422,1/28/2015 5:00,0.232,,,,
1423,1/28/2015 7:00,0.232,,,,
1424,1/28/2015 9:00,0.232,,,,
1425,1/28/2015 11:00,0.232,,,,
1426,1/28/2015 13:00,0.232,,,,
1427,1/28/2015 15:00,0.232,,,,
1428,1/28/2015 17:00,0.232,,,,
1429,1/28/2015 19:00,0.232,,,,
1430,1/28/2015 21:00,0.232,,,,
1431,1/28/2015 23:00,0.232,,,,
1432,1/29/2015 1:00,0.232,,,,
1433,1/29/2015 3:00,0.232,,,,
1434,1/29/2015 5:00,0.232,,,,
1435,1/29/2015 7:00,0.232,,,,
1436,1/29/2015 9:00,0.232,,,,
1437,1/29/2015 11:00,0.232,,,,
1438,1/29/2015 13:00,0.232,,,,
1439,1/29/2015 15:00,0.232,,,,
1440,1/29/2015 17:00,0.232,,,,
1441,1/29/2015 19:00,0.232,,,,
1442,1/29/2015 21:00,0.232,,,,
1443,1/29/2015 23:00,0.232,,,,
1444,1/30/2015 1:00,0.232,,,,
1445,1/30/2015 3:00,0.232,,,,
1446,1/30/2015 5:00,0.232,,,,
1447,1/30/2015 7:00,0.232,,,,
1448,1/30/2015 9:00,0.232,,,,
1449,1/30/2015 11:00,0.232,,,,
1450,1/30/2015 13:00,0.232,,,,
1451,1/30/2015 15:00,0.232,,,,
1452,1/30/2015 17:00,0.232,,,,
1453,1/30/2015 19:00,0.232,,,,
1454,1/30/2015 21:00,0.232,,,,
1455,1/30/2015 23:00,0.232,,,,
1456,1/31/2015 1:00,0.232,,,,
1457,1/31/2015 3:00,0.232,,,,
1458,1/31/2015 5:00,0.232,,,,
1459,1/31/2015 7:00,0.232,,,,
1460,1/31/2015 9:00,0.232,,,,
1461,1/31/2015 11:00,0.232,,,,
1462,1/31/2015 13:00,0.232,,,,
1463,1/31/2015 15:00,0.232,,,,
1464,1/31/2015 17:00,0.232,,,,
1465,1/31/2015 19:00,0.232,,,,
1466,1/31/2015 21:00,0.232,,,,
1467,1/31/2015 23:00,0.232,,,,
1468,2/1/2015 1:00,0.232,,,,
1469,2/1/2015 3:00,0.232,,,,
1470,2/1/2015 5:00,0.232,,,,
1471,2/1/2015 7:00,0.232,,,,
1472,2/1/2015 9:00,0.232,,,,
1473,2/1/2015 11:00,0.232,,,,
1474,2/1/2015 13:00,0.232,,,,
1475,2/1/2015 15:00,0.232,,,,
1476,2/1/2015 17:00,0.232,,,,
1477,2/1/2015 19:00,0.232,,,,
1478,2/1/2015 21:00,0.232,,,,
1479,2/1/2015 23:00,0.232,,,,
1480,2/2/2015 1:00,0.232,,,,
1481,2/2/2015 3:00,0.232,,,,
1482,2/2/2015 5:00,0.232,,,,
1483,2/2/2015 7:00,0.232,,,,
1484,2/2/2015 9:00,0.232,,,,
1485,2/2/2015 11:00,0.232,,,,
1486,2/2/2015 13:00,0.232,,,,
1487,2/2/2015 15:00,0.232,,,,
1488,2/2/2015 17:00,0.232,,,,
1489,2/2/2015 19:00,0.232,,,,
1490,2/2/2015 21:00,0.232,,,,
1491,2/2/2015 23:00,0.232,,,,
1492,2/3/2015 1:00,0.232,,,,
1493,2/3/2015 3:00,0.232,,,,
1494,2/3/2015 5:00,0.232,,,,
1495,2/3/2015 7:00,0.232,,,,
1496,2/3/2015 9:00,0.232,,,,
1497,2/3/2015 11:00,0.232,,,,
1498,2/3/2015 13:00,0.232,,,,
1499,2/3/2015 15:00,0.232,,,,
1500,2/3/2015 17:00,0.232,,,,
1501,2/3/2015 19:00,0.232,,,,
1502,2/3/2015 21:00,0.232,,,,
1503,2/3/2015 23:00,0.232,,,,
1504,2/4/2015 1:00,0.232,,,,
1505,2/4/2015 3:00,0.232,,,,
1506,2/4/2015 5:00,0.232,,,,
1507,2/4/2015 7:00,0.232,,,,
1508,2/4/2015 9:00,0.232,,,,
1509,2/4/2015 11:00,0.232,,,,
1510,2/4/2015 13:00,0.232,,,,
1511,2/4/2015 15:00,0.232,,,,
1512,2/4/2015 17:00,0.232,,,,
1513,2/4/2015 19:00,0.232,,,,
1514,2/4/2015 21:00,0.232,,,,
1515,2/4/2015 23:00,0.232,,,,
1516,2/5/2015 1:00,0.232,,,,
1517,2/5/2015 3:00,0.232,,,,
1518,2/5/2015 5:00,0.232,,,,
1519,2/5/2015 7:00,0.232,,,,
1520,2/5/2015 9:00,0.232,,,,
1521,2/5/2015 11:00,0.232,,,,
1522,2/5/2015 13:00,0.232,,,,
1523,2/5/2015 15:00,0.232,,,,
1524,2/5/2015 17:00,0.232,,,,
1525,2/5/2015 19:00,0.232,,,,
1526,2/5/2015 21:00,0.232,,,,
1527,2/5/2015 23:00,0.232,,,,
1528,2/6/2015 1:00,0.232,,,,
1529,2/6/2015 3:00,0.232,,,,
1530,2/6/2015 5:00,0.232,,,,
1531,2/6/2015 7:00,0.232,,,,
1532,2/6/2015 9:00,0.232,,,,
1533,2/6/2015 11:00,0.232,,,,
1534,2/6/2015 13:00,0.232,,,,
1535,2/6/2015 15:00,0.232,,,,
1536,2/6/2015 17:00,0.232,,,,
1537,2/6/2015 19:00,0.232,,,,
1538,2/6/2015 21:00,0.232,,,,
1539,2/6/2015 23:00,0.232,,,,
1540,2/7/2015 1:00,0.232,,,,
1541,2/7/2015 3:00,0.232,,,,
1542,2/7/2015 5:00,0.232,,,,
1543,2/7/2015 7:00,0.232,,,,
1544,2/7/2015 9:00,0.232,,,,
1545,2/7/2015 11:00,0.232,,,,
1546,2/7/2015 13:00,0.232,,,,
1547,2/7/2015 15:00,0.232,,,,
1548,2/7/2015 17:00,0.232,,,,
1549,2/7/2015 19:00,0.232,,,,
1550,2/7/2015 21:00,0.232,,,,
1551,2/7/2015 23:00,0.232,,,,
1552,2/8/2015 1:00,0.232,,,,
1553,2/8/2015 3:00,0.232,,,,
1554,2/8/2015 5:00,0.232,,,,
1555,2/8/2015 7:00,0.232,,,,
1556,2/8/2015 9:00,0.232,,,,
1557,2/8/2015 11:00,0.232,,,,
1558,2/8/2015 13:00,0.232,,,,
1559,2/8/2015 15:00,0.232,,,,
1560,2/8/2015 17:00,0.232,,,,
1561,2/8/2015 19:00,0.232,,,,
1562,2/8/2015 21:00,0.232,,,,
1563,2/8/2015 23:00,0.232,,,,
1564,2/9/2015 1:00,0.232,,,,
1565,2/9/2015 3:00,0.232,,,,
1566,2/9/2015 5:00,0.232,,,,
1567,2/9/2015 7:00,0.232,,,,
1568,2/9/2015 9:00,0.232,,,,
1569,2/9/2015 11:00,0.232,,,,
1570,2/9/2015 13:00,0.232,,,,
1571,2/9/2015 15:00,0.232,,,,
1572,2/9/2015 17:00,0.232,,,,
1573,2/9/2015 19:00,0.232,,,,
1574,2/9/2015 21:00,0.232,,,,
1575,2/9/2015 23:00,0.232,,,,
1576,2/10/2015 1:00,0.232,,,,
1577,2/10/2015 3:00,0.232,,,,
1578,2/10/2015 5:00,0.232,,,,
1579,2/10/2015 7:00,0.232,,,,
1580,2/10/2015 9:00,0.232,,,,
1581,2/10/2015 11:00,0.232,,,,
1582,2/10/2015 13:00,0.232,,,,
1583,2/10/2015 15:00,0.232,,,,
1584,2/10/2015 17:00,0.232,,,,
1585,2/10/2015 19:00,0.232,,,,
1586,2/10/2015 21:00,0.232,,,,
1587,2/10/2015 23:00,0.232,,,,
1588,2/11/2015 1:00,0.232,,,,
1589,2/11/2015 3:00,0.232,,,,
1590,2/11/2015 5:00,0.232,,,,
1591,2/11/2015 7:00,0.232,,,,
1592,2/11/2015 9:00,0.232,,,,
1593,2/11/2015 11:00,0.232,,,,
1594,2/11/2015 13:00,0.232,,,,
1595,2/11/2015 15:00,0.232,,,,
1596,2/11/2015 17:00,0.232,,,,
1597,2/11/2015 19:00,0.232,,,,
1598,2/11/2015 21:00,0.232,,,,
1599,2/11/2015 23:00,0.232,,,,
1600,2/12/2015 1:00,0.232,,,,
1601,2/12/2015 3:00,0.232,,,,
1602,2/12/2015 5:00,0.232,,,,
1603,2/12/2015 7:00,0.232,,,,
1604,2/12/2015 9:00,0.232,,,,
1605,2/12/2015 11:00,0.232,,,,
1606,2/12/2015 13:00,0.232,,,,
1607,2/12/2015 15:00,0.232,,,,
1608,2/12/2015 17:00,0.232,,,,
1609,2/12/2015 19:00,0.232,,,,
1610,2/12/2015 21:00,0.232,,,,
1611,2/12/2015 23:00,0.232,,,,
1612,2/13/2015 1:00,0.232,,,,
1613,2/13/2015 3:00,0.232,,,,
1614,2/13/2015 5:00,0.232,,,,
1615,2/13/2015 7:00,0.232,,,,
1616,2/13/2015 9:00,0.232,,,,
1617,2/13/2015 11:00,0.232,,,,
1618,2/13/2015 13:00,0.232,,,,
1619,2/13/2015 15:00,0.232,,,,
1620,2/13/2015 17:00,0.232,,,,
1621,2/13/2015 19:00,0.232,,,,
1622,2/13/2015 21:00,0.232,,,,
1623,2/13/2015 23:00,0.232,,,,
1624,2/14/2015 1:00,0.232,,,,
1625,2/14/2015 3:00,0.232,,,,
1626,2/14/2015 5:00,0.232,,,,
1627,2/14/2015 7:00,0.232,,,,
1628,2/14/2015 9:00,0.232,,,,
1629,2/14/2015 11:00,0.232,,,,
1630,2/14/2015 13:00,0.232,,,,
1631,2/14/2015 15:00,0.232,,,,
1632,2/14/2015 17:00,0.232,,,,
1633,2/14/2015 19:00,0.232,,,,
1634,2/14/2015 21:00,0.232,,,,
1635,2/14/2015 23:00,0.232,,,,
1636,2/15/2015 1:00,0.232,,,,
1637,2/15/2015 3:00,0.232,,,,
1638,2/15/2015 5:00,0.232,,,,
1639,2/15/2015 7:00,0.232,,,,
1640,2/15/2015 9:00,0.232,,,,
1641,2/15/2015 11:00,0.232,,,,
1642,2/15/2015 13:00,0.232,,,,
1643,2/15/2015 15:00,0.232,,,,
1644,2/15/2015 17:00,0.232,,,,
1645,2/15/2015 19:00,0.232,,,,
1646,2/15/2015 21:00,0.232,,,,
1647,2/15/2015 23:00,0.232,,,,
1648,2/16/2015 1:00,0.232,,,,
1649,2/16/2015 3:00,0.232,,,,
1650,2/16/2015 5:00,0.232,,,,
1651,2/16/2015 7:00,0.232,,,,
1652,2/16/2015 9:00,0.232,,,,
1653,2/16/2015 11:00,0.232,,,,
1654,2/16/2015 13:00,0.232,,,,
1655,2/16/2015 15:00,0.232,,,,
1656,2/16/2015 17:00,0.232,,,,
1657,2/16/2015 19:00,0.232,,,,
1658,2/16/2015 21:00,0.232,,,,
1659,2/16/2015 23:00,0.232,,,,
1660,2/17/2015 1:00,0.232,,,,
1661,2/17/2015 3:00,0.232,,,,
1662,2/17/2015 5:00,0.232,,,,
1663,2/17/2015 7:00,0.232,,,,
1664,2/17/2015 9:00,0.232,,,,
1665,2/17/2015 11:00,0.232,,,,
1666,2/17/2015 13:00,0.232,,,,
1667,2/17/2015 15:00,0.232,,,,
1668,2/17/2015 17:00,0.232,,,,
1669,2/17/2015 19:00,0.232,,,,
1670,2/17/2015 21:00,0.232,,,,
1671,2/17/2015 23:00,0.232,,,,
1672,2/18/2015 1:00,0.232,,,,
1673,2/18/2015 3:00,0.232,,,,
1674,2/18/2015 5:00,0.232,,,,
1675,2/18/2015 7:00,0.232,,,,
1676,2/18/2015 9:00,0.232,,,,
1677,2/18/2015 11:00,0.232,,,,
1678,2/18/2015 13:00,0.232,,,,
1679,2/18/2015 15:00,0.232,,,,
1680,2/18/2015 17:00,0.232,,,,
1681,2/18/2015 19:00,0.232,,,,
1682,2/18/2015 21:00,0.232,,,,
1683,2/18/2015 23:00,0.232,,,,
1684,2/19/2015 1:00,0.232,,,,
1685,2/19/2015 3:00,0.232,,,,
1686,2/19/2015 5:00,0.232,,,,
1687,2/19/2015 7:00,0.232,,,,
1688,2/19/2015 9:00,0.232,,,,
1689,2/19/2015 11:00,0.232,,,,
1690,2/19/2015 13:00,0.232,,,,
1691,2/19/2015 15:00,0.232,,,,
1692,2/19/2015 17:00,0.232,,,,
1693,2/19/2015 19:00,0.232,,,,
1694,2/19/2015 21:00,0.232,,,,
1695,2/19/2015 23:00,0.232,,,,
1696,2/20/2015 1:00,0.232,,,,
1697,2/20/2015 3:00,0.232,,,,
1698,2/20/2015 5:00,0.232,,,,
1699,2/20/2015 7:00,0.232,,,,
1700,2/20/2015 9:00,0.232,,,,
1701,2/20/2015 11:00,0.232,,,,
1702,2/20/2015 13:00,0.232,,,,
1703,2/20/2015 15:00,0.232,,,,
1704,2/20/2015 17:00,0.232,,,,
1705,2/20/2015 19:00,0.232,,,,
1706,2/20/2015 21:00,0.232,,,,
1707,2/20/2015 23:00,0.232,,,,
1708,2/21/2015 1:00,0.232,,,,
1709,2/21/2015 3:00,0.232,,,,
1710,2/21/2015 5:00,0.232,,,,
1711,2/21/2015 7:00,0.232,,,,
1712,2/21/2015 9:00,0.232,,,,
1713,2/21/2015 11:00,0.232,,,,
1714,2/21/2015 13:00,0.232,,,,
1715,2/21/2015 15:00,0.232,,,,
1716,2/21/2015 17:00,0.232,,,,
1717,2/21/2015 19:00,0.232,,,,
1718,2/21/2015 21:00,0.232,,,,
1719,2/21/2015 23:00,0.232,,,,
1720,2/22/2015 1:00,0.232,,,,
1721,2/22/2015 3:00,0.232,,,,
1722,2/22/2015 5:00,0.232,,,,
1723,2/22/2015 7:00,0.232,,,,
1724,2/22/2015 9:00,0.232,,,,
1725,2/22/2015 11:00,0.232,,,,
1726,2/22/2015 13:00,0.232,,,,
1727,2/22/2015 15:00,0.232,,,,
1728,2/22/2015 17:00,0.232,,,,
1729,2/22/2015 19:00,0.232,,,,
1730,2/22/2015 21:00,0.232,,,,
1731,2/22/2015 23:00,0.232,,,,
1732,2/23/2015 1:00,0.232,,,,
1733,2/23/2015 3:00,0.232,,,,
1734,2/23/2015 5:00,0.232,,,,
1735,2/23/2015 7:00,0.232,,,,
1736,2/23/2015 9:00,0.232,,,,
1737,2/23/2015 11:00,0.232,,,,
1738,2/23/2015 13:00,0.232,,,,
1739,2/23/2015 15:00,0.232,,,,
1740,2/23/2015 17:00,0.232,,,,
1741,2/23/2015 19:00,0.232,,,,
1742,2/23/2015 21:00,0.232,,,,
1743,2/23/2015 23:00,0.232,,,,
1744,2/24/2015 1:00,0.232,,,,
1745,2/24/2015 3:00,0.232,,,,
1746,2/24/2015 5:00,0.232,,,,
1747,2/24/2015 7:00,0.232,,,,
1748,2/24/2015 9:00,0.232,,,,
1749,2/24/2015 11:00,0.232,,,,
1750,2/24/2015 13:00,0.232,,,,
1751,2/24/2015 15:00,0.232,,,,
1752,2/24/2015 17:00,0.232,,,,
1753,2/24/2015 19:00,0.232,,,,
1754,2/24/2015 21:00,0.232,,,,
1755,2/24/2015 23:00,0.232,,,,
1756,2/25/2015 1:00,0.232,,,,
1757,2/25/2015 3:00,0.232,,,,
1758,2/25/2015 5:00,0.232,,,,
1759,2/25/2015 7:00,0.232,,,,
1760,2/25/2015 9:00,0.232,,,,
1761,2/25/2015 11:00,0.232,,,,
1762,2/25/2015 13:00,0.232,,,,
1763,2/25/2015 15:00,0.232,,,,
1764,2/25/2015 17:00,0.232,,,,
1765,2/25/2015 19:00,0.232,,,,
1766,2/25/2015 21:00,0.232,,,,
1767,2/25/2015 23:00,0.232,,,,
1768,2/26/2015 1:00,0.232,,,,
1769,2/26/2015 3:00,0.232,,,,
1770,2/26/2015 5:00,0.232,,,,
1771,2/26/2015 7:00,0.232,,,,
1772,2/26/2015 9:00,0.232,,,,
1773,2/26/2015 11:00,0.232,,,,
1774,2/26/2015 13:00,0.232,,,,
1775,2/26/2015 15:00,0.232,,,,
1776,2/26/2015 17:00,0.232,,,,
1777,2/26/2015 19:00,0.232,,,,
1778,2/26/2015 21:00,0.232,,,,
1779,2/26/2015 23:00,0.232,,,,
1780,2/27/2015 1:00,0.232,,,,
1781,2/27/2015 3:00,0.232,,,,
1782,2/27/2015 5:00,0.232,,,,
1783,2/27/2015 7:00,0.232,,,,
1784,2/27/2015 9:00,0.232,,,,
1785,2/27/2015 11:00,0.232,,,,
1786,2/27/2015 13:00,0.232,,,,
1787,2/27/2015 15:00,0.232,,,,
1788,2/27/2015 17:00,0.232,,,,
1789,2/27/2015 19:00,0.232,,,,
1790,2/27/2015 21:00,0.232,,,,
1791,2/27/2015 23:00,0.232,,,,
1792,2/28/2015 1:00,0.232,,,,
1793,2/28/2015 3:00,0.232,,,,
1794,2/28/2015 5:00,0.232,,,,
1795,2/28/2015 7:00,0.232,,,,
1796,2/28/2015 9:00,0.232,,,,
1797,2/28/2015 11:00,0.232,,,,
1798,2/28/2015 13:00,0.232,,,,
1799,2/28/2015 15:00,0.232,,,,
1800,2/28/2015 17:00,0.232,,,,
1801,2/28/2015 19:00,0.232,,,,
1802,2/28/2015 21:00,0.232,,,,
1803,2/28/2015 23:00,0.232,,,,
1804,3/1/2015 1:00,0.232,,,,
1805,3/1/2015 3:00,0.232,,,,
1806,3/1/2015 5:00,0.232,,,,
1807,3/1/2015 7:00,0.232,,,,
1808,3/1/2015 9:00,0.232,,,,
1809,3/1/2015 11:00,0.232,,,,
1810,3/1/2015 13:00,0.232,,,,
1811,3/1/2015 15:00,0.232,,,,
1812,3/1/2015 17:00,0.232,,,,
1813,3/1/2015 19:00,0.232,,,,
1814,3/1/2015 21:00,0.232,,,,
1815,3/1/2015 23:00,0.232,,,,
1816,3/2/2015 1:00,0.232,,,,
1817,3/2/2015 3:00,0.232,,,,
1818,3/2/2015 5:00,0.232,,,,
1819,3/2/2015 7:00,0.232,,,,
1820,3/2/2015 9:00,0.232,,,,
1821,3/2/2015 11:00,0.232,,,,
1822,3/2/2015 13:00,0.232,,,,
1823,3/2/2015 15:00,0.232,,,,
1824,3/2/2015 17:00,0.232,,,,
1825,3/2/2015 19:00,0.232,,,,
1826,3/2/2015 21:00,0.232,,,,
1827,3/2/2015 23:00,0.232,,,,
1828,3/3/2015 1:00,0.232,,,,
1829,3/3/2015 3:00,0.232,,,,
1830,3/3/2015 5:00,0.232,,,,
1831,3/3/2015 7:00,0.232,,,,
1832,3/3/2015 9:00,0.232,,,,
1833,3/3/2015 11:00,0.232,,,,
1834,3/3/2015 13:00,0.232,,,,
1835,3/3/2015 15:00,0.232,,,,
1836,3/3/2015 17:00,0.232,,,,
1837,3/3/2015 19:00,0.232,,,,
1838,3/3/2015 21:00,0.232,,,,
1839,3/3/2015 23:00,0.232,,,,
1840,3/4/2015 1:00,0.232,,,,
1841,3/4/2015 3:00,0.232,,,,
1842,3/4/2015 5:00,0.232,,,,
1843,3/4/2015 7:00,0.232,,,,
1844,3/4/2015 9:00,0.232,,,,
1845,3/4/2015 11:00,0.232,,,,
1846,3/4/2015 13:00,0.232,,,,
1847,3/4/2015 15:00,0.232,,,,
1848,3/4/2015 17:00,0.232,,,,
1849,3/4/2015 19:00,0.232,,,,
1850,3/4/2015 21:00,0.232,,,,
1851,3/4/2015 23:00,0.232,,,,
1852,3/5/2015 1:00,0.232,,,,
1853,3/5/2015 3:00,0.232,,,,
1854,3/5/2015 5:00,0.232,,,,
1855,3/5/2015 7:00,0.232,,,,
1856,3/5/2015 9:00,0.232,,,,
1857,3/5/2015 11:00,0.232,,,,
1858,3/5/2015 13:00,0.232,,,,
1859,3/5/2015 15:00,0.232,,,,
1860,3/5/2015 17:00,0.232,,,,
1861,3/5/2015 19:00,0.232,,,,
1862,3/5/2015 21:00,0.232,,,,
1863,3/5/2015 23:00,0.232,,,,
1864,3/6/2015 1:00,0.232,,,,
1865,3/6/2015 3:00,0.232,,,,
1866,3/6/2015 5:00,0.232,,,,
1867,3/6/2015 7:00,0.232,,,,
1868,3/6/2015 9:00,0.232,,,,
1869,3/6/2015 11:00,0.232,,,,
1870,3/6/2015 13:00,0.232,,,,
1871,3/6/2015 15:00,0.232,,,,
1872,3/6/2015 17:00,0.232,,,,
1873,3/6/2015 19:00,0.232,,,,
1874,3/6/2015 21:00,0.232,,,,
1875,3/6/2015 23:00,0.232,,,,
1876,3/7/2015 1:00,0.232,,,,
1877,3/7/2015 3:00,0.232,,,,
1878,3/7/2015 5:00,0.232,,,,
1879,3/7/2015 7:00,0.232,,,,
1880,3/7/2015 9:00,0.232,,,,
1881,3/7/2015 11:00,0.232,,,,
1882,3/7/2015 13:00,0.232,,,,
1883,3/7/2015 15:00,0.232,,,,
1884,3/7/2015 17:00,0.232,,,,
1885,3/7/2015 19:00,0.232,,,,
1886,3/7/2015 21:00,0.232,,,,
1887,3/7/2015 23:00,0.232,,,,
1888,3/8/2015 1:00,0.232,,,,
1889,3/8/2015 3:00,0.343,,,,
1890,3/8/2015 5:00,0.232,,,,
1891,3/8/2015 7:00,0.232,,,,
1892,3/8/2015 9:00,0.232,,,,
1893,3/8/2015 11:00,0.232,,,,
1894,3/8/2015 13:00,0.232,,,,
1895,3/8/2015 15:00,0.232,,,,
1896,3/8/2015 17:00,0.232,,,,
1897,3/8/2015 19:00,0.232,,,,
1898,3/8/2015 21:00,0.343,,,,
1899,3/8/2015 23:00,0.343,,,,
1900,3/9/2015 1:00,0.343,,,,
1901,3/9/2015 3:00,0.343,,,,
1902,3/9/2015 5:00,0.343,,,,
1903,3/9/2015 7:00,0.343,,,,
1904,3/9/2015 9:00,0.343,,,,
1905,3/9/2015 11:00,0.232,,,,
1906,3/9/2015 13:00,0.232,,,,
1907,3/9/2015 15:00,0.232,,,,
1908,3/9/2015 17:00,0.232,,,,
1909,3/9/2015 19:00,0.343,,,,
1910,3/9/2015 21:00,0.343,,,,
1911,3/9/2015 23:00,0.343,,,,
1912,3/10/2015 1:00,0.343,,,,
1913,3/10/2015 3:00,0.343,,,,
1914,3/10/2015 5:00,0.343,,,,
1915,3/10/2015 7:00,0.343,,,,
1916,3/10/2015 9:00,0.343,,,,
1917,3/10/2015 11:00,0.232,,,,
1918,3/10/2015 13:00,0.232,,,,
1919,3/10/2015 15:00,0.343,,,,
1920,3/10/2015 17:00,0.453,,,,
1921,3/10/2015 19:00,0.453,,,,
1922,3/10/2015 21:00,0.453,,,,
1923,3/10/2015 23:00,0.453,,,,
1924,3/11/2015 1:00,0.453,,,,
1925,3/11/2015 3:00,0.453,,,,
1926,3/11/2015 5:00,0.453,,,,
1927,3/11/2015 7:00,0.453,,,,
1928,3/11/2015 9:00,0.563,,,,
1929,3/11/2015 11:00,0.563,,,,
1930,3/11/2015 13:00,0.893,,,,
1931,3/11/2015 15:00,1.221,,,,
1932,3/11/2015 17:00,1.439,,,,
1933,3/11/2015 19:00,1.33,,,,
1934,3/11/2015 21:00,1.221,,,,
1935,3/11/2015 23:00,1.112,,,,
1936,3/12/2015 1:00,1.003,,,,
1937,3/12/2015 3:00,1.003,,,,
1938,3/12/2015 5:00,0.893,,,,
1939,3/12/2015 7:00,0.893,,,,
1940,3/12/2015 9:00,0.893,,,,
1941,3/12/2015 11:00,1.764,,,,
1942,3/12/2015 13:00,7.481,,,,
1943,3/12/2015 15:00,7.582,,,,
1944,3/12/2015 17:00,6.573,,,,
1945,3/12/2015 19:00,3.788,,,,
1946,3/12/2015 21:00,2.303,,,,
1947,3/12/2015 23:00,1.656,,,,
1948,3/13/2015 1:00,1.221,,,,
1949,3/13/2015 3:00,1.003,,,,
1950,3/13/2015 5:00,0.784,,,,
1951,3/13/2015 7:00,0.674,,,,
1952,3/13/2015 9:00,0.674,,,,
1953,3/13/2015 11:00,2.624,,,,
1954,3/13/2015 13:00,8.282,,,,
1955,3/13/2015 15:00,8.382,,,,
1956,3/13/2015 17:00,7.28,,,,
1957,3/13/2015 19:00,5.552,,,,
1958,3/13/2015 21:00,4.519,,,,
1959,3/13/2015 23:00,3.998,,,,
1960,3/14/2015 1:00,3.893,,,,
1961,3/14/2015 3:00,3.683,,,,
1962,3/14/2015 5:00,3.367,,,,
1963,3/14/2015 7:00,3.155,,,,
1964,3/14/2015 9:00,3.578,,,,
1965,3/14/2015 11:00,4.934,,,,
1966,3/14/2015 13:00,6.064,,,,
1967,3/14/2015 15:00,7.079,,,,
1968,3/14/2015 17:00,6.471,,,,
1969,3/14/2015 19:00,5.347,,,,
1970,3/14/2015 21:00,4.415,,,,
1971,3/14/2015 23:00,3.155,,,,
1972,3/15/2015 1:00,2.73,,,,
1973,3/15/2015 3:00,2.41,,,,
1974,3/15/2015 5:00,1.764,,,,
1975,3/15/2015 7:00,1.764,,,,
1976,3/15/2015 9:00,1.764,,,,
1977,3/15/2015 11:00,1.548,,,,
1978,3/15/2015 13:00,1.221,,,,
1979,3/15/2015 15:00,1.33,,,,
1980,3/15/2015 17:00,1.221,,,,
1981,3/15/2015 19:00,1.221,,,,
1982,3/15/2015 21:00,1.112,,,,
1983,3/15/2015 23:00,1.003,,,,
1984,3/16/2015 1:00,1.003,,,,
1985,3/16/2015 3:00,0.893,,,,
1986,3/16/2015 5:00,0.893,,,,
1987,3/16/2015 7:00,0.784,,,,
1988,3/16/2015 9:00,0.784,,,,
1989,3/16/2015 11:00,1.112,,,,
1990,3/16/2015 13:00,2.624,,,,
1991,3/16/2015 15:00,5.655,,,,
1992,3/16/2015 17:00,5.86,,,,
1993,3/16/2015 19:00,4.207,,,,
1994,3/16/2015 21:00,2.943,,,,
1995,3/16/2015 23:00,1.98,,,,
1996,3/17/2015 1:00,1.439,,,,
1997,3/17/2015 3:00,1.221,,,,
1998,3/17/2015 5:00,1.003,,,,
1999,3/17/2015 7:00,0.784,,,,
2000,3/17/2015 9:00,0.674,,,,
2001,3/17/2015 11:00,1.872,,,,
2002,3/17/2015 13:00,7.079,,,,
2003,3/17/2015 15:00,5.347,,,,
2004,3/17/2015 17:00,4.934,,,,
2005,3/17/2015 19:00,3.049,,,,
2006,3/17/2015 21:00,2.41,,,,
2007,3/17/2015 23:00,2.088,,,,
2008,3/18/2015 1:00,1.872,,,,
2009,3/18/2015 3:00,1.764,,,,
2010,3/18/2015 5:00,1.548,,,,
2011,3/18/2015 7:00,1.439,,,,
2012,3/18/2015 9:00,1.872,,,,
2013,3/18/2015 11:00,7.179,,,,
2014,3/18/2015 13:00,9.768,,,,
2015,3/18/2015 15:00,11.334,,,,
2016,3/18/2015 17:00,8.779,,,,
2017,3/18/2015 19:00,6.166,,,,
2018,3/18/2015 21:00,5.141,,,,
2019,3/18/2015 23:00,3.578,,,,
2020,3/19/2015 1:00,2.837,,,,
2021,3/19/2015 3:00,2.41,,,,
2022,3/19/2015 5:00,2.088,,,,
2023,3/19/2015 7:00,1.764,,,,
2024,3/19/2015 9:00,1.872,,,,
2025,3/19/2015 11:00,5.45,,,,
2026,3/19/2015 13:00,6.978,,,,
2027,3/19/2015 15:00,6.268,,,,
2028,3/19/2015 17:00,7.582,,,,
2029,3/19/2015 19:00,5.962,,,,
2030,3/19/2015 21:00,4.207,,,,
2031,3/19/2015 23:00,3.367,,,,
2032,3/20/2015 1:00,3.049,,,,
2033,3/20/2015 3:00,2.837,,,,
2034,3/20/2015 5:00,2.303,,,,
2035,3/20/2015 7:00,2.088,,,,
2036,3/20/2015 9:00,2.73,,,,
2037,3/20/2015 11:00,5.86,,,,
2038,3/20/2015 13:00,7.179,,,,
2039,3/20/2015 15:00,6.978,,,,
2040,3/20/2015 17:00,6.674,,,,
2041,3/20/2015 19:00,5.347,,,,
2042,3/20/2015 21:00,4.519,,,,
2043,3/20/2015 23:00,4.102,,,,
2044,3/21/2015 1:00,3.788,,,,
2045,3/21/2015 3:00,3.049,,,,
2046,3/21/2015 5:00,2.943,,,,
2047,3/21/2015 7:00,2.41,,,,
2048,3/21/2015 9:00,2.41,,,,
2049,3/21/2015 11:00,3.788,,,,
2050,3/21/2015 13:00,5.244,,,,
2051,3/21/2015 15:00,8.082,,,,
2052,3/21/2015 17:00,6.877,,,,
2053,3/21/2015 19:00,5.347,,,,
2054,3/21/2015 21:00,4.102,,,,
2055,3/21/2015 23:00,3.367,,,,
2056,3/22/2015 1:00,2.943,,,,
2057,3/22/2015 3:00,2.517,,,,
2058,3/22/2015 5:00,1.98,,,,
2059,3/22/2015 7:00,1.656,,,,
2060,3/22/2015 9:00,1.548,,,,
2061,3/22/2015 11:00,3.683,,,,
2062,3/22/2015 13:00,5.552,,,,
2063,3/22/2015 15:00,5.244,,,,
2064,3/22/2015 17:00,6.064,,,,
2065,3/22/2015 19:00,4.831,,,,
2066,3/22/2015 21:00,3.261,,,,
2067,3/22/2015 23:00,2.837,,,,
2068,3/23/2015 1:00,2.624,,,,
2069,3/23/2015 3:00,2.41,,,,
2070,3/23/2015 5:00,2.303,,,,
2071,3/23/2015 7:00,2.088,,,,
2072,3/23/2015 9:00,2.088,,,,
2073,3/23/2015 11:00,2.088,,,,
2074,3/23/2015 13:00,2.088,,,,
2075,3/23/2015 15:00,2.088,,,,
2076,3/23/2015 17:00,1.98,,,,
2077,3/23/2015 19:00,1.872,,,,
2078,3/23/2015 21:00,1.764,,,,
2079,3/23/2015 23:00,1.764,,,,
2080,3/24/2015 1:00,1.656,,,,
2081,3/24/2015 3:00,1.548,,,,
2082,3/24/2015 5:00,1.548,,,,
2083,3/24/2015 7:00,1.439,,,,
2084,3/24/2015 9:00,1.33,,,,
2085,3/24/2015 11:00,1.33,,,,
2086,3/24/2015 13:00,1.33,,,,
2087,3/24/2015 15:00,1.33,,,,
2088,3/24/2015 17:00,1.33,,,,
2089,3/24/2015 19:00,1.221,,,,
2090,3/24/2015 21:00,1.221,,,,
2091,3/24/2015 23:00,1.112,,,,
2092,3/25/2015 1:00,1.112,,,,
2093,3/25/2015 3:00,1.112,,,,
2094,3/25/2015 5:00,1.003,,,,
2095,3/25/2015 7:00,1.003,,,,
2096,3/25/2015 9:00,1.003,,,,
2097,3/25/2015 11:00,1.003,,,,
2098,3/25/2015 13:00,1.003,,,,
2099,3/25/2015 15:00,1.003,,,,
2100,3/25/2015 17:00,0.893,,,,
2101,3/25/2015 19:00,0.893,,,,
2102,3/25/2015 21:00,0.893,,,,
2103,3/25/2015 23:00,0.893,,,,
2104,3/26/2015 1:00,0.893,,,,
2105,3/26/2015 3:00,0.893,,,,
2106,3/26/2015 5:00,0.784,,,,
2107,3/26/2015 7:00,0.784,,,,
2108,3/26/2015 9:00,0.784,,,,
2109,3/26/2015 11:00,1.112,,,,
2110,3/26/2015 13:00,5.244,,,,
2111,3/26/2015 15:00,11.431,,,,
2112,3/26/2015 17:00,9.275,,,,
2113,3/26/2015 19:00,6.978,,,,
2114,3/26/2015 21:00,5.037,,,,
2115,3/26/2015 23:00,3.893,,,,
2116,3/27/2015 1:00,3.049,,,,
2117,3/27/2015 3:00,2.624,,,,
2118,3/27/2015 5:00,2.195,,,,
2119,3/27/2015 7:00,1.872,,,,
2120,3/27/2015 9:00,2.195,,,,
2121,3/27/2015 11:00,8.978,,,,
2122,3/27/2015 13:00,14.517,,,,
2123,3/27/2015 15:00,13.269,,,,
2124,3/27/2015 17:00,10.846,,,,
2125,3/27/2015 19:00,8.978,,,,
2126,3/27/2015 21:00,7.481,,,,
2127,3/27/2015 23:00,6.166,,,,
2128,3/28/2015 1:00,4.934,,,,
2129,3/28/2015 3:00,4.207,,,,
2130,3/28/2015 5:00,3.788,,,,
2131,3/28/2015 7:00,3.578,,,,
2132,3/28/2015 9:00,3.472,,,,
2133,3/28/2015 11:00,7.582,,,,
2134,3/28/2015 13:00,13.558,,,,
2135,3/28/2015 15:00,13.269,,,,
2136,3/28/2015 17:00,11.139,,,,
2137,3/28/2015 19:00,8.879,,,,
2138,3/28/2015 21:00,7.079,,,,
2139,3/28/2015 23:00,5.757,,,,
2140,3/29/2015 1:00,4.831,,,,
2141,3/29/2015 3:00,4.415,,,,
2142,3/29/2015 5:00,3.998,,,,
2143,3/29/2015 7:00,3.683,,,,
2144,3/29/2015 9:00,4.623,,,,
2145,3/29/2015 11:00,7.079,,,,
2146,3/29/2015 13:00,7.983,,,,
2147,3/29/2015 15:00,8.978,,,,
2148,3/29/2015 17:00,8.779,,,,
2149,3/29/2015 19:00,7.882,,,,
2150,3/29/2015 21:00,6.674,,,,
2151,3/29/2015 23:00,5.962,,,,
2152,3/30/2015 1:00,5.552,,,,
2153,3/30/2015 3:00,4.727,,,,
2154,3/30/2015 5:00,4.415,,,,
2155,3/30/2015 7:00,4.102,,,,
2156,3/30/2015 9:00,5.037,,,,
2157,3/30/2015 11:00,10.063,,,,
2158,3/30/2015 13:00,16.618,,,,
2159,3/30/2015 15:00,16.237,,,,
2160,3/30/2015 17:00,13.846,,,,
2161,3/30/2015 19:00,10.455,,,,
2162,3/30/2015 21:00,8.382,,,,
2163,3/30/2015 23:00,6.978,,,,
2164,3/31/2015 1:00,6.471,,,,
2165,3/31/2015 3:00,6.268,,,,
2166,3/31/2015 5:00,5.655,,,,
2167,3/31/2015 7:00,4.727,,,,
2168,3/31/2015 9:00,4.623,,,,
2169,3/31/2015 11:00,7.179,,,,
2170,3/31/2015 13:00,10.357,,,,
2171,3/31/2015 15:00,9.669,,,,
2172,3/31/2015 17:00,6.674,,,,
2173,3/31/2015 19:00,5.655,,,,
2174,3/31/2015 21:00,5.037,,,,
2175,3/31/2015 23:00,4.623,,,,
2176,4/1/2015 1:00,4.311,,,,
2177,4/1/2015 3:00,3.998,,,,
2178,4/1/2015 5:00,3.788,,,,
2179,4/1/2015 7:00,3.578,,,,
2180,4/1/2015 9:00,3.367,,,,
2181,4/1/2015 11:00,3.261,,,,
2182,4/1/2015 13:00,2.41,,,,
2183,4/1/2015 15:00,2.517,,,,
2184,4/1/2015 17:00,2.837,,,,
2185,4/1/2015 19:00,2.837,,,,
2186,4/1/2015 21:00,2.624,,,,
2187,4/1/2015 23:00,2.41,,,,
2188,4/2/2015 1:00,2.088,,,,
2189,4/2/2015 3:00,1.872,,,,
2190,4/2/2015 5:00,1.656,,,,
2191,4/2/2015 7:00,1.439,,,,
2192,4/2/2015 9:00,1.221,,,,
2193,4/2/2015 11:00,1.33,,,,
2194,4/2/2015 13:00,6.573,,,,
2195,4/2/2015 15:00,7.582,,,,
2196,4/2/2015 17:00,7.28,,,,
2197,4/2/2015 19:00,4.831,,,,
2198,4/2/2015 21:00,3.261,,,,
2199,4/2/2015 23:00,2.624,,,,
2200,4/3/2015 1:00,2.088,,,,
2201,4/3/2015 3:00,1.764,,,,
2202,4/3/2015 5:00,1.439,,,,
2203,4/3/2015 7:00,1.221,,,,
2204,4/3/2015 9:00,1.112,,,,
2205,4/3/2015 11:00,2.41,,,,
2206,4/3/2015 13:00,5.244,,,,
2207,4/3/2015 15:00,3.472,,,,
2208,4/3/2015 17:00,2.943,,,,
2209,4/3/2015 19:00,2.73,,,,
2210,4/3/2015 21:00,2.088,,,,
2211,4/3/2015 23:00,1.656,,,,
2212,4/4/2015 1:00,1.33,,,,
2213,4/4/2015 3:00,1.003,,,,
2214,4/4/2015 5:00,0.784,,,,
2215,4/4/2015 7:00,0.563,,,,
2216,4/4/2015 9:00,0.453,,,,
2217,4/4/2015 11:00,0.674,,,,
2218,4/4/2015 13:00,10.063,,,,
2219,4/4/2015 15:00,10.357,,,,
2220,4/4/2015 17:00,8.282,,,,
2221,4/4/2015 19:00,5.347,,,,
2222,4/4/2015 21:00,3.998,,,,
2223,4/4/2015 23:00,2.943,,,,
2224,4/5/2015 1:00,2.195,,,,
2225,4/5/2015 3:00,1.764,,,,
2226,4/5/2015 5:00,1.548,,,,
2227,4/5/2015 7:00,1.33,,,,
2228,4/5/2015 9:00,1.112,,,,
2229,4/5/2015 11:00,3.578,,,,
2230,4/5/2015 13:00,4.831,,,,
2231,4/5/2015 15:00,5.45,,,,
2232,4/5/2015 17:00,5.141,,,,
2233,4/5/2015 19:00,3.998,,,,
2234,4/5/2015 21:00,2.73,,,,
2235,4/5/2015 23:00,1.98,,,,
2236,4/6/2015 1:00,1.548,,,,
2237,4/6/2015 3:00,1.221,,,,
2238,4/6/2015 5:00,1.003,,,,
2239,4/6/2015 7:00,0.893,,,,
2240,4/6/2015 9:00,0.893,,,,
2241,4/6/2015 11:00,1.221,,,,
2242,4/6/2015 13:00,3.472,,,,
2243,4/6/2015 15:00,4.102,,,,
2244,4/6/2015 17:00,4.415,,,,
2245,4/6/2015 19:00,2.943,,,,
2246,4/6/2015 21:00,1.98,,,,
2247,4/6/2015 23:00,1.656,,,,
2248,4/7/2015 1:00,1.439,,,,
2249,4/7/2015 3:00,1.33,,,,
2250,4/7/2015 5:00,1.221,,,,
2251,4/7/2015 7:00,1.221,,,,
2252,4/7/2015 9:00,1.221,,,,
2253,4/7/2015 11:00,1.112,,,,
2254,4/7/2015 13:00,1.112,,,,
2255,4/7/2015 15:00,1.112,,,,
2256,4/7/2015 17:00,1.112,,,,
2257,4/7/2015 19:00,1.112,,,,
2258,4/7/2015 21:00,1.112,,,,
2259,4/7/2015 23:00,1.003,,,,
2260,4/8/2015 1:00,0.893,,,,
2261,4/8/2015 3:00,0.893,,,,
2262,4/8/2015 5:00,0.784,,,,
2263,4/8/2015 7:00,0.784,,,,
2264,4/8/2015 9:00,0.784,,,,
2265,4/8/2015 11:00,0.784,,,,
2266,4/8/2015 13:00,0.893,,,,
2267,4/8/2015 15:00,1.112,,,,
2268,4/8/2015 17:00,2.41,,,,
2269,4/8/2015 19:00,2.303,,,,
2270,4/8/2015 21:00,1.656,,,,
2271,4/8/2015 23:00,1.439,,,,
2272,4/9/2015 1:00,1.33,,,,
2273,4/9/2015 3:00,1.112,,,,
2274,4/9/2015 5:00,1.003,,,,
2275,4/9/2015 7:00,0.893,,,,
2276,4/9/2015 9:00,0.784,,,,
2277,4/9/2015 11:00,2.303,,,,
2278,4/9/2015 13:00,11.916,,,,
2279,4/9/2015 15:00,12.401,,,,
2280,4/9/2015 17:00,10.455,,,,
2281,4/9/2015 19:00,7.882,,,,
2282,4/9/2015 21:00,5.962,,,,
2283,4/9/2015 23:00,4.311,,,,
2284,4/10/2015 1:00,3.261,,,,
2285,4/10/2015 3:00,2.73,,,,
2286,4/10/2015 5:00,2.195,,,,
2287,4/10/2015 7:00,1.872,,,,
2288,4/10/2015 9:00,1.764,,,,
2289,4/10/2015 11:00,7.079,,,,
2290,4/10/2015 13:00,12.207,,,,
2291,4/10/2015 15:00,10.944,,,,
2292,4/10/2015 17:00,9.373,,,,
2293,4/10/2015 19:00,6.573,,,,
2294,4/10/2015 21:00,5.037,,,,
2295,4/10/2015 23:00,4.311,,,,
2296,4/11/2015 1:00,3.893,,,,
2297,4/11/2015 3:00,3.578,,,,
2298,4/11/2015 5:00,3.367,,,,
2299,4/11/2015 7:00,3.155,,,,
2300,4/11/2015 9:00,3.049,,,,
2301,4/11/2015 11:00,2.837,,,,
2302,4/11/2015 13:00,2.624,,,,
2303,4/11/2015 15:00,2.517,,,,
2304,4/11/2015 17:00,2.41,,,,
2305,4/11/2015 19:00,2.195,,,,
2306,4/11/2015 21:00,2.088,,,,
2307,4/11/2015 23:00,1.98,,,,
2308,4/12/2015 1:00,1.98,,,,
2309,4/12/2015 3:00,1.872,,,,
2310,4/12/2015 5:00,1.764,,,,
2311,4/12/2015 7:00,1.764,,,,
2312,4/12/2015 9:00,1.656,,,,
2313,4/12/2015 11:00,1.656,,,,
2314,4/12/2015 13:00,1.656,,,,
2315,4/12/2015 15:00,1.548,,,,
2316,4/12/2015 17:00,1.548,,,,
2317,4/12/2015 19:00,1.439,,,,
2318,4/12/2015 21:00,1.439,,,,
2319,4/12/2015 23:00,1.33,,,,
2320,4/13/2015 1:00,1.33,,,,
2321,4/13/2015 3:00,1.221,,,,
2322,4/13/2015 5:00,1.112,,,,
2323,4/13/2015 7:00,1.112,,,,
2324,4/13/2015 9:00,1.003,,,,
2325,4/13/2015 11:00,1.112,,,,
2326,4/13/2015 13:00,1.33,,,,
2327,4/13/2015 15:00,1.439,,,,
2328,4/13/2015 17:00,1.656,,,,
2329,4/13/2015 19:00,1.439,,,,
2330,4/13/2015 21:00,1.33,,,,
2331,4/13/2015 23:00,1.221,,,,
2332,4/14/2015 1:00,1.112,,,,
2333,4/14/2015 3:00,1.112,,,,
2334,4/14/2015 5:00,1.112,,,,
2335,4/14/2015 7:00,1.003,,,,
2336,4/14/2015 9:00,1.003,,,,
2337,4/14/2015 11:00,1.003,,,,
2338,4/14/2015 13:00,1.33,,,,
2339,4/14/2015 15:00,1.872,,,,
2340,4/14/2015 17:00,1.548,,,,
2341,4/14/2015 19:00,1.33,,,,
2342,4/14/2015 21:00,1.221,,,,
2343,4/14/2015 23:00,1.112,,,,
2344,4/15/2015 1:00,1.003,,,,
2345,4/15/2015 3:00,1.003,,,,
2346,4/15/2015 5:00,0.893,,,,
2347,4/15/2015 7:00,0.784,,,,
2348,4/15/2015 9:00,0.784,,,,
2349,4/15/2015 11:00,1.112,,,,
2350,4/15/2015 13:00,4.727,,,,
2351,4/15/2015 15:00,11.041,,,,
2352,4/15/2015 17:00,8.879,,,,
2353,4/15/2015 19:00,5.86,,,,
2354,4/15/2015 21:00,3.683,,,,
2355,4/15/2015 23:00,2.624,,,,
2356,4/16/2015 1:00,1.98,,,,
2357,4/16/2015 3:00,1.548,,,,
2358,4/16/2015 5:00,1.221,,,,
2359,4/16/2015 7:00,1.003,,,,
2360,4/16/2015 9:00,1.003,,,,
2361,4/16/2015 11:00,8.382,,,,
2362,4/16/2015 13:00,15.664,,,,
2363,4/16/2015 15:00,16.046,,,,
2364,4/16/2015 17:00,13.365,,,,
2365,4/16/2015 19:00,9.768,,,,
2366,4/16/2015 21:00,7.381,,,,
2367,4/16/2015 23:00,5.86,,,,
2368,4/17/2015 1:00,4.831,,,,
2369,4/17/2015 3:00,4.102,,,,
2370,4/17/2015 5:00,3.472,,,,
2371,4/17/2015 7:00,3.049,,,,
2372,4/17/2015 9:00,5.552,,,,
2373,4/17/2015 11:00,12.401,,,,
2374,4/17/2015 13:00,12.594,,,,
2375,4/17/2015 15:00,15.378,,,,
2376,4/17/2015 17:00,13.365,,,,
2377,4/17/2015 19:00,10.259,,,,
2378,4/17/2015 21:00,7.983,,,,
2379,4/17/2015 23:00,6.268,,,,
2380,4/18/2015 1:00,5.347,,,,
2381,4/18/2015 3:00,4.102,,,,
2382,4/18/2015 5:00,3.472,,,,
2383,4/18/2015 7:00,2.943,,,,
2384,4/18/2015 9:00,5.037,,,,
2385,4/18/2015 11:00,11.819,,,,
2386,4/18/2015 13:00,17.665,,,,
2387,4/18/2015 15:00,17.475,,,,
2388,4/18/2015 17:00,15.187,,,,
2389,4/18/2015 19:00,11.916,,,,
2390,4/18/2015 21:00,9.373,,,,
2391,4/18/2015 23:00,7.682,,,,
2392,4/19/2015 1:00,6.37,,,,
2393,4/19/2015 3:00,5.552,,,,
2394,4/19/2015 5:00,4.727,,,,
2395,4/19/2015 7:00,4.207,,,,
2396,4/19/2015 9:00,6.674,,,,
2397,4/19/2015 11:00,12.207,,,,
2398,4/19/2015 13:00,18.331,,,,
2399,4/19/2015 15:00,18.616,,,,
2400,4/19/2015 17:00,16.237,,,,
2401,4/19/2015 19:00,12.98,,,,
2402,4/19/2015 21:00,10.553,,,,
2403,4/19/2015 23:00,9.077,,,,
2404,4/20/2015 1:00,7.983,,,,
2405,4/20/2015 3:00,7.079,,,,
2406,4/20/2015 5:00,6.37,,,,
2407,4/20/2015 7:00,5.757,,,,
2408,4/20/2015 9:00,8.481,,,,
2409,4/20/2015 11:00,14.038,,,,
2410,4/20/2015 13:00,20.043,,,,
2411,4/20/2015 15:00,20.138,,,,
2412,4/20/2015 17:00,18.14,,,,
2413,4/20/2015 19:00,14.517,,,,
2414,4/20/2015 21:00,11.916,,,,
2415,4/20/2015 23:00,10.161,,,,
2416,4/21/2015 1:00,8.978,,,,
2417,4/21/2015 3:00,7.983,,,,
2418,4/21/2015 5:00,7.079,,,,
2419,4/21/2015 7:00,6.573,,,,
2420,4/21/2015 9:00,9.077,,,,
2421,4/21/2015 11:00,14.421,,,,
2422,4/21/2015 13:00,16.523,,,,
2423,4/21/2015 15:00,14.421,,,,
2424,4/21/2015 17:00,12.207,,,,
2425,4/21/2015 19:00,11.139,,,,
2426,4/21/2015 21:00,9.669,,,,
2427,4/21/2015 23:00,8.082,,,,
2428,4/22/2015 1:00,7.179,,,,
2429,4/22/2015 3:00,6.166,,,,
2430,4/22/2015 5:00,5.037,,,,
2431,4/22/2015 7:00,4.207,,,,
2432,4/22/2015 9:00,4.934,,,,
2433,4/22/2015 11:00,11.139,,,,
2434,4/22/2015 13:00,16.427,,,,
2435,4/22/2015 15:00,16.046,,,,
2436,4/22/2015 17:00,14.038,,,,
2437,4/22/2015 19:00,10.553,,,,
2438,4/22/2015 21:00,8.68,,,,
2439,4/22/2015 23:00,7.079,,,,
2440,4/23/2015 1:00,6.166,,,,
2441,4/23/2015 3:00,5.962,,,,
2442,4/23/2015 5:00,5.552,,,,
2443,4/23/2015 7:00,5.244,,,,
2444,4/23/2015 9:00,5.45,,,,
2445,4/23/2015 11:00,8.481,,,,
2446,4/23/2015 13:00,10.651,,,,
2447,4/23/2015 15:00,9.176,,,,
2448,4/23/2015 17:00,8.282,,,,
2449,4/23/2015 19:00,6.471,,,,
2450,4/23/2015 21:00,5.347,,,,
2451,4/23/2015 23:00,5.037,,,,
2452,4/24/2015 1:00,4.831,,,,
2453,4/24/2015 3:00,4.623,,,,
2454,4/24/2015 5:00,4.415,,,,
2455,4/24/2015 7:00,4.207,,,,
2456,4/24/2015 9:00,3.998,,,,
2457,4/24/2015 11:00,3.893,,,,
2458,4/24/2015 13:00,3.788,,,,
2459,4/24/2015 15:00,3.683,,,,
2460,4/24/2015 17:00,3.683,,,,
2461,4/24/2015 19:00,3.367,,,,
2462,4/24/2015 21:00,3.155,,,,
2463,4/24/2015 23:00,3.049,,,,
2464,4/25/2015 1:00,2.943,,,,
2465,4/25/2015 3:00,2.837,,,,
2466,4/25/2015 5:00,2.73,,,,
2467,4/25/2015 7:00,2.73,,,,
2468,4/25/2015 9:00,2.624,,,,
2469,4/25/2015 11:00,2.73,,,,
2470,4/25/2015 13:00,2.943,,,,
2471,4/25/2015 15:00,8.282,,,,
2472,4/25/2015 17:00,6.877,,,,
2473,4/25/2015 19:00,5.037,,,,
2474,4/25/2015 21:00,3.788,,,,
2475,4/25/2015 23:00,3.049,,,,
2476,4/26/2015 1:00,2.41,,,,
2477,4/26/2015 3:00,1.872,,,,
2478,4/26/2015 5:00,1.548,,,,
2479,4/26/2015 7:00,1.221,,,,
2480,4/26/2015 9:00,1.221,,,,
2481,4/26/2015 11:00,6.775,,,,
2482,4/26/2015 13:00,11.625,,,,
2483,4/26/2015 15:00,13.173,,,,
2484,4/26/2015 17:00,11.431,,,,
2485,4/26/2015 19:00,9.373,,,,
2486,4/26/2015 21:00,7.481,,,,
2487,4/26/2015 23:00,6.573,,,,
2488,4/27/2015 1:00,5.552,,,,
2489,4/27/2015 3:00,4.934,,,,
2490,4/27/2015 5:00,4.623,,,,
2491,4/27/2015 7:00,4.102,,,,
2492,4/27/2015 9:00,7.682,,,,
2493,4/27/2015 11:00,13.75,,,,
2494,4/27/2015 13:00,19.472,,,,
2495,4/27/2015 15:00,19.758,,,,
2496,4/27/2015 17:00,17.094,,,,
2497,4/27/2015 19:00,14.134,,,,
2498,4/27/2015 21:00,11.819,,,,
2499,4/27/2015 23:00,10.357,,,,
2500,4/28/2015 1:00,9.176,,,,
2501,4/28/2015 3:00,8.182,,,,
2502,4/28/2015 5:00,7.481,,,,
2503,4/28/2015 7:00,6.978,,,,
2504,4/28/2015 9:00,10.651,,,,
2505,4/28/2015 11:00,12.787,,,,
2506,4/28/2015 13:00,11.528,,,,
2507,4/28/2015 15:00,11.236,,,,
2508,4/28/2015 17:00,10.553,,,,
2509,4/28/2015 19:00,9.373,,,,
2510,4/28/2015 21:00,8.581,,,,
2511,4/28/2015 23:00,7.582,,,,
2512,4/29/2015 1:00,6.775,,,,
2513,4/29/2015 3:00,5.552,,,,
2514,4/29/2015 5:00,5.037,,,,
2515,4/29/2015 7:00,4.519,,,,
2516,4/29/2015 9:00,7.682,,,,
2517,4/29/2015 11:00,12.69,,,,
2518,4/29/2015 13:00,13.846,,,,
2519,4/29/2015 15:00,14.134,,,,
2520,4/29/2015 17:00,12.401,,,,
2521,4/29/2015 19:00,10.357,,,,
2522,4/29/2015 21:00,8.581,,,,
2523,4/29/2015 23:00,7.682,,,,
2524,4/30/2015 1:00,6.877,,,,
2525,4/30/2015 3:00,6.166,,,,
2526,4/30/2015 5:00,5.86,,,,
2527,4/30/2015 7:00,5.757,,,,
2528,4/30/2015 9:00,6.978,,,,
2529,4/30/2015 11:00,12.304,,,,
2530,4/30/2015 13:00,17.76,,,,
2531,4/30/2015 15:00,18.616,,,,
2532,4/30/2015 17:00,16.427,,,,
2533,4/30/2015 19:00,13.365,,,,
2534,4/30/2015 21:00,10.944,,,,
2535,4/30/2015 23:00,9.669,,,,
2536,5/1/2015 1:00,8.879,,,,
2537,5/1/2015 3:00,8.182,,,,
2538,5/1/2015 5:00,7.481,,,,
2539,5/1/2015 7:00,6.877,,,,
2540,5/1/2015 9:00,10.846,,,,
2541,5/1/2015 11:00,15.855,,,,
2542,5/1/2015 13:00,20.424,,,,
2543,5/1/2015 15:00,18.521,,,,
2544,5/1/2015 17:00,16.903,,,,
2545,5/1/2015 19:00,14.038,,,,
2546,5/1/2015 21:00,11.528,,,,
2547,5/1/2015 23:00,9.768,,,,
2548,5/2/2015 1:00,8.481,,,,
2549,5/2/2015 3:00,7.381,,,,
2550,5/2/2015 5:00,6.573,,,,
2551,5/2/2015 7:00,6.268,,,,
2552,5/2/2015 9:00,9.965,,,,
2553,5/2/2015 11:00,15.282,,,,
2554,5/2/2015 13:00,19.758,,,,
2555,5/2/2015 15:00,20.043,,,,
2556,5/2/2015 17:00,17.379,,,,
2557,5/2/2015 19:00,14.325,,,,
2558,5/2/2015 21:00,11.819,,,,
2559,5/2/2015 23:00,10.161,,,,
2560,5/3/2015 1:00,8.978,,,,
2561,5/3/2015 3:00,8.082,,,,
2562,5/3/2015 5:00,7.28,,,,
2563,5/3/2015 7:00,6.877,,,,
2564,5/3/2015 9:00,10.748,,,,
2565,5/3/2015 11:00,16.237,,,,
2566,5/3/2015 13:00,20.615,,,,
2567,5/3/2015 15:00,20.901,,,,
2568,5/3/2015 17:00,18.521,,,,
2569,5/3/2015 19:00,15.569,,,,
2570,5/3/2015 21:00,13.076,,,,
2571,5/3/2015 23:00,11.431,,,,
2572,5/4/2015 1:00,10.161,,,,
2573,5/4/2015 3:00,9.275,,,,
2574,5/4/2015 5:00,8.481,,,,
2575,5/4/2015 7:00,8.082,,,,
2576,5/4/2015 9:00,12.013,,,,
2577,5/4/2015 11:00,17.284,,,,
2578,5/4/2015 13:00,21.282,,,,
2579,5/4/2015 15:00,19.662,,,,
2580,5/4/2015 17:00,16.141,,,,
2581,5/4/2015 19:00,14.038,,,,
2582,5/4/2015 21:00,12.401,,,,
2583,5/4/2015 23:00,10.651,,,,
2584,5/5/2015 1:00,8.879,,,,
2585,5/5/2015 3:00,8.382,,,,
2586,5/5/2015 5:00,7.882,,,,
2587,5/5/2015 7:00,7.28,,,,
2588,5/5/2015 9:00,6.775,,,,
2589,5/5/2015 11:00,10.063,,,,
2590,5/5/2015 13:00,13.558,,,,
2591,5/5/2015 15:00,9.965,,,,
2592,5/5/2015 17:00,9.866,,,,
2593,5/5/2015 19:00,8.978,,,,
2594,5/5/2015 21:00,7.582,,,,
2595,5/5/2015 23:00,6.775,,,,
2596,5/6/2015 1:00,6.37,,,,
2597,5/6/2015 3:00,5.757,,,,
2598,5/6/2015 5:00,5.347,,,,
2599,5/6/2015 7:00,4.727,,,,
2600,5/6/2015 9:00,7.481,,,,
2601,5/6/2015 11:00,12.013,,,,
2602,5/6/2015 13:00,15.855,,,,
2603,5/6/2015 15:00,15.76,,,,
2604,5/6/2015 17:00,12.98,,,,
2605,5/6/2015 19:00,10.748,,,,
2606,5/6/2015 21:00,9.077,,,,
2607,5/6/2015 23:00,7.782,,,,
2608,5/7/2015 1:00,6.471,,,,
2609,5/7/2015 3:00,5.552,,,,
2610,5/7/2015 5:00,4.831,,,,
2611,5/7/2015 7:00,4.415,,,,
2612,5/7/2015 9:00,8.382,,,,
2613,5/7/2015 11:00,14.325,,,,
2614,5/7/2015 13:00,18.711,,,,
2615,5/7/2015 15:00,18.045,,,,
2616,5/7/2015 17:00,15.378,,,,
2617,5/7/2015 19:00,12.401,,,,
2618,5/7/2015 21:00,10.259,,,,
2619,5/7/2015 23:00,8.581,,,,
2620,5/8/2015 1:00,7.481,,,,
2621,5/8/2015 3:00,6.674,,,,
2622,5/8/2015 5:00,6.166,,,,
2623,5/8/2015 7:00,5.86,,,,
2624,5/8/2015 9:00,10.259,,,,
2625,5/8/2015 11:00,15.187,,,,
2626,5/8/2015 13:00,18.806,,,,
2627,5/8/2015 15:00,19.567,,,,
2628,5/8/2015 17:00,17.189,,,,
2629,5/8/2015 19:00,14.23,,,,
2630,5/8/2015 21:00,12.013,,,,
2631,5/8/2015 23:00,10.553,,,,
2632,5/9/2015 1:00,9.472,,,,
2633,5/9/2015 3:00,8.68,,,,
2634,5/9/2015 5:00,7.983,,,,
2635,5/9/2015 7:00,7.582,,,,
2636,5/9/2015 9:00,12.304,,,,
2637,5/9/2015 11:00,17.855,,,,
2638,5/9/2015 13:00,20.996,,,,
2639,5/9/2015 15:00,19.853,,,,
2640,5/9/2015 17:00,18.14,,,,
2641,5/9/2015 19:00,15.76,,,,
2642,5/9/2015 21:00,13.558,,,,
2643,5/9/2015 23:00,12.11,,,,
2644,5/10/2015 1:00,11.139,,,,
2645,5/10/2015 3:00,10.259,,,,
2646,5/10/2015 5:00,9.669,,,,
2647,5/10/2015 7:00,9.669,,,,
2648,5/10/2015 9:00,11.625,,,,
2649,5/10/2015 11:00,15.664,,,,
2650,5/10/2015 13:00,20.043,,,,
2651,5/10/2015 15:00,19.472,,,,
2652,5/10/2015 17:00,17.189,,,,
2653,5/10/2015 19:00,15.569,,,,
2654,5/10/2015 21:00,14.038,,,,
2655,5/10/2015 23:00,12.98,,,,
2656,5/11/2015 1:00,12.401,,,,
2657,5/11/2015 3:00,11.819,,,,
2658,5/11/2015 5:00,11.334,,,,
2659,5/11/2015 7:00,10.944,,,,
2660,5/11/2015 9:00,11.236,,,,
2661,5/11/2015 11:00,13.076,,,,
2662,5/11/2015 13:00,16.046,,,,
2663,5/11/2015 15:00,16.713,,,,
2664,5/11/2015 17:00,14.709,,,,
2665,5/11/2015 19:00,13.076,,,,
2666,5/11/2015 21:00,11.819,,,,
2667,5/11/2015 23:00,11.041,,,,
2668,5/12/2015 1:00,10.553,,,,
2669,5/12/2015 3:00,10.063,,,,
2670,5/12/2015 5:00,9.669,,,,
2671,5/12/2015 7:00,8.68,,,,
2672,5/12/2015 9:00,9.373,,,,
2673,5/12/2015 11:00,10.259,,,,
2674,5/12/2015 13:00,11.139,,,,
2675,5/12/2015 15:00,12.304,,,,
2676,5/12/2015 17:00,11.041,,,,
2677,5/12/2015 19:00,9.866,,,,
2678,5/12/2015 21:00,9.176,,,,
2679,5/12/2015 23:00,8.779,,,,
2680,5/13/2015 1:00,8.481,,,,
2681,5/13/2015 3:00,8.182,,,,
2682,5/13/2015 5:00,7.782,,,,
2683,5/13/2015 7:00,7.582,,,,
2684,5/13/2015 9:00,8.182,,,,
2685,5/13/2015 11:00,8.68,,,,
2686,5/13/2015 13:00,9.373,,,,
2687,5/13/2015 15:00,10.063,,,,
2688,5/13/2015 17:00,9.965,,,,
2689,5/13/2015 19:00,9.472,,,,
2690,5/13/2015 21:00,8.481,,,,
2691,5/13/2015 23:00,7.882,,,,
2692,5/14/2015 1:00,7.381,,,,
2693,5/14/2015 3:00,7.079,,,,
2694,5/14/2015 5:00,6.775,,,,
2695,5/14/2015 7:00,6.775,,,,
2696,5/14/2015 9:00,10.357,,,,
2697,5/14/2015 11:00,12.013,,,,
2698,5/14/2015 13:00,16.237,,,,
2699,5/14/2015 15:00,16.808,,,,
2700,5/14/2015 17:00,15.187,,,,
2701,5/14/2015 19:00,13.173,,,,
2702,5/14/2015 21:00,11.625,,,,
2703,5/14/2015 23:00,10.748,,,,
2704,5/15/2015 1:00,10.063,,,,
2705,5/15/2015 3:00,9.176,,,,
2706,5/15/2015 5:00,8.382,,,,
2707,5/15/2015 7:00,8.382,,,,
2708,5/15/2015 9:00,9.669,,,,
2709,5/15/2015 11:00,15.473,,,,
2710,5/15/2015 13:00,17.855,,,,
2711,5/15/2015 15:00,18.236,,,,
2712,5/15/2015 17:00,15.855,,,,
2713,5/15/2015 19:00,13.846,,,,
2714,5/15/2015 21:00,12.304,,,,
2715,5/15/2015 23:00,11.431,,,,
2716,5/16/2015 1:00,10.748,,,,
2717,5/16/2015 3:00,10.161,,,,
2718,5/16/2015 5:00,9.768,,,,
2719,5/16/2015 7:00,9.472,,,,
2720,5/16/2015 9:00,10.063,,,,
2721,5/16/2015 11:00,11.334,,,,
2722,5/16/2015 13:00,13.076,,,,
2723,5/16/2015 15:00,13.173,,,,
2724,5/16/2015 17:00,12.98,,,,
2725,5/16/2015 19:00,11.722,,,,
2726,5/16/2015 21:00,10.357,,,,
2727,5/16/2015 23:00,9.373,,,,
2728,5/17/2015 1:00,8.282,,,,
2729,5/17/2015 3:00,7.582,,,,
2730,5/17/2015 5:00,7.582,,,,
2731,5/17/2015 7:00,7.28,,,,
2732,5/17/2015 9:00,11.139,,,,
2733,5/17/2015 11:00,14.709,,,,
2734,5/17/2015 13:00,15.187,,,,
2735,5/17/2015 15:00,14.421,,,,
2736,5/17/2015 17:00,13.846,,,,
2737,5/17/2015 19:00,13.173,,,,
2738,5/17/2015 21:00,11.722,,,,
2739,5/17/2015 23:00,10.259,,,,
2740,5/18/2015 1:00,9.373,,,,
2741,5/18/2015 3:00,8.978,,,,
2742,5/18/2015 5:00,8.879,,,,
2743,5/18/2015 7:00,8.481,,,,
2744,5/18/2015 9:00,12.69,,,,
2745,5/18/2015 11:00,15.664,,,,
2746,5/18/2015 13:00,14.804,,,,
2747,5/18/2015 15:00,14.996,,,,
2748,5/18/2015 17:00,13.846,,,,
2749,5/18/2015 19:00,12.883,,,,
2750,5/18/2015 21:00,11.625,,,,
2751,5/18/2015 23:00,10.846,,,,
2752,5/19/2015 1:00,10.259,,,,
2753,5/19/2015 3:00,9.571,,,,
2754,5/19/2015 5:00,9.176,,,,
2755,5/19/2015 7:00,8.68,,,,
2756,5/19/2015 9:00,12.304,,,,
2757,5/19/2015 11:00,13.654,,,,
2758,5/19/2015 13:00,12.787,,,,
2759,5/19/2015 15:00,12.207,,,,
2760,5/19/2015 17:00,12.594,,,,
2761,5/19/2015 19:00,12.207,,,,
2762,5/19/2015 21:00,11.041,,,,
2763,5/19/2015 23:00,9.866,,,,
2764,5/20/2015 1:00,9.077,,,,
2765,5/20/2015 3:00,8.581,,,,
2766,5/20/2015 5:00,8.282,,,,
2767,5/20/2015 7:00,7.983,,,,
2768,5/20/2015 9:00,12.497,,,,
2769,5/20/2015 11:00,14.996,,,,
2770,5/20/2015 13:00,16.713,,,,
2771,5/20/2015 15:00,16.046,,,,
2772,5/20/2015 17:00,15.282,,,,
2773,5/20/2015 19:00,14.038,,,,
2774,5/20/2015 21:00,12.787,,,,
2775,5/20/2015 23:00,11.819,,,,
2776,5/21/2015 1:00,11.041,,,,
2777,5/21/2015 3:00,10.357,,,,
2778,5/21/2015 5:00,9.669,,,,
2779,5/21/2015 7:00,9.472,,,,
2780,5/21/2015 9:00,11.041,,,,
2781,5/21/2015 11:00,13.461,,,,
2782,5/21/2015 13:00,14.038,,,,
2783,5/21/2015 15:00,14.804,,,,
2784,5/21/2015 17:00,13.269,,,,
2785,5/21/2015 19:00,13.076,,,,
2786,5/21/2015 21:00,12.207,,,,
2787,5/21/2015 23:00,11.528,,,,
2788,5/22/2015 1:00,10.944,,,,
2789,5/22/2015 3:00,10.259,,,,
2790,5/22/2015 5:00,9.571,,,,
2791,5/22/2015 7:00,9.472,,,,
2792,5/22/2015 9:00,13.269,,,,
2793,5/22/2015 11:00,13.942,,,,
2794,5/22/2015 13:00,13.076,,,,
2795,5/22/2015 15:00,12.787,,,,
2796,5/22/2015 17:00,12.594,,,,
2797,5/22/2015 19:00,12.497,,,,
2798,5/22/2015 21:00,11.722,,,,
2799,5/22/2015 23:00,11.139,,,,
2800,5/23/2015 1:00,10.553,,,,
2801,5/23/2015 3:00,10.259,,,,
2802,5/23/2015 5:00,9.965,,,,
2803,5/23/2015 7:00,9.768,,,,
2804,5/23/2015 9:00,9.965,,,,
2805,5/23/2015 11:00,11.139,,,,
2806,5/23/2015 13:00,13.173,,,,
2807,5/23/2015 15:00,15.664,,,,
2808,5/23/2015 17:00,15.187,,,,
2809,5/23/2015 19:00,14.23,,,,
2810,5/23/2015 21:00,12.883,,,,
2811,5/23/2015 23:00,12.11,,,,
2812,5/24/2015 1:00,11.528,,,,
2813,5/24/2015 3:00,11.139,,,,
2814,5/24/2015 5:00,10.748,,,,
2815,5/24/2015 7:00,10.259,,,,
2816,5/24/2015 9:00,11.334,,,,
2817,5/24/2015 11:00,12.11,,,,
2818,5/24/2015 13:00,16.618,,,,
2819,5/24/2015 15:00,16.903,,,,
2820,5/24/2015 17:00,16.046,,,,
2821,5/24/2015 19:00,14.421,,,,
2822,5/24/2015 21:00,13.269,,,,
2823,5/24/2015 23:00,12.11,,,,
2824,5/25/2015 1:00,11.236,,,,
2825,5/25/2015 3:00,10.357,,,,
2826,5/25/2015 5:00,9.571,,,,
2827,5/25/2015 7:00,9.275,,,,
2828,5/25/2015 9:00,13.365,,,,
2829,5/25/2015 11:00,16.237,,,,
2830,5/25/2015 13:00,16.046,,,,
2831,5/25/2015 15:00,14.996,,,,
2832,5/25/2015 17:00,14.325,,,,
2833,5/25/2015 19:00,13.365,,,,
2834,5/25/2015 21:00,12.11,,,,
2835,5/25/2015 23:00,11.528,,,,
2836,5/26/2015 1:00,11.041,,,,
2837,5/26/2015 3:00,10.357,,,,
2838,5/26/2015 5:00,10.063,,,,
2839,5/26/2015 7:00,9.965,,,,
2840,5/26/2015 9:00,11.139,,,,
2841,5/26/2015 11:00,17.094,,,,
2842,5/26/2015 13:00,19.472,,,,
2843,5/26/2015 15:00,18.521,,,,
2844,5/26/2015 17:00,16.713,,,,
2845,5/26/2015 19:00,15.378,,,,
2846,5/26/2015 21:00,13.846,,,,
2847,5/26/2015 23:00,13.076,,,,
2848,5/27/2015 1:00,12.207,,,,
2849,5/27/2015 3:00,11.431,,,,
2850,5/27/2015 5:00,10.651,,,,
2851,5/27/2015 7:00,10.259,,,,
2852,5/27/2015 9:00,14.517,,,,
2853,5/27/2015 11:00,17.379,,,,
2854,5/27/2015 13:00,18.236,,,,
2855,5/27/2015 15:00,18.14,,,,
2856,5/27/2015 17:00,17.475,,,,
2857,5/27/2015 19:00,15.76,,,,
2858,5/27/2015 21:00,14.421,,,,
2859,5/27/2015 23:00,13.269,,,,
2860,5/28/2015 1:00,12.401,,,,
2861,5/28/2015 3:00,11.722,,,,
2862,5/28/2015 5:00,11.236,,,,
