Plot Title: MW-6,,,,,,
#,"Date Time, GMT-07:00","Temp, °C (LGR S/N: 10503832, SEN S/N: 10503832)",Coupler Attached (LGR S/N: 10503832),Host Connected (LGR S/N: 10503832),Stopped (LGR S/N: 10503832),End Of File (LGR S/N: 10503832)
1,10/1/2014 17:00,7.682,,,,
2,10/1/2014 19:00,6.471,,,,
3,10/1/2014 21:00,5.45,,,,
4,10/1/2014 23:00,4.934,,,,
5,10/2/2014 1:00,4.519,,,,
6,10/2/2014 3:00,4.311,,,,
7,10/2/2014 5:00,4.102,,,,
8,10/2/2014 7:00,2.41,,,,
9,10/2/2014 9:00,3.155,,,,
10,10/2/2014 11:00,15.569,,,,
11,10/2/2014 13:00,20.519,,,,
12,10/2/2014 15:00,19.853,,,,
13,10/2/2014 17:00,14.038,,,,
14,10/2/2014 19:00,10.161,,,,
15,10/2/2014 21:00,7.079,,,,
16,10/2/2014 23:00,5.141,,,,
17,10/3/2014 1:00,4.207,,,,
18,10/3/2014 3:00,3.788,,,,
19,10/3/2014 5:00,3.155,,,,
20,10/3/2014 7:00,2.837,,,,
21,10/3/2014 9:00,5.655,,,,
22,10/3/2014 11:00,17.76,,,,
23,10/3/2014 13:00,23.1,,,,
24,10/3/2014 15:00,21.091,,,,
25,10/3/2014 17:00,14.421,,,,
26,10/3/2014 19:00,11.236,,,,
27,10/3/2014 21:00,8.978,,,,
28,10/3/2014 23:00,7.882,,,,
29,10/4/2014 1:00,6.877,,,,
30,10/4/2014 3:00,6.166,,,,
31,10/4/2014 5:00,6.37,,,,
32,10/4/2014 7:00,6.37,,,,
33,10/4/2014 9:00,8.082,,,,
34,10/4/2014 11:00,10.748,,,,
35,10/4/2014 13:00,19.092,,,,
36,10/4/2014 15:00,17.855,,,,
37,10/4/2014 17:00,14.134,,,,
38,10/4/2014 19:00,10.846,,,,
39,10/4/2014 21:00,8.382,,,,
40,10/4/2014 23:00,7.381,,,,
41,10/5/2014 1:00,6.573,,,,
42,10/5/2014 3:00,6.064,,,,
43,10/5/2014 5:00,5.757,,,,
44,10/5/2014 7:00,5.655,,,,
45,10/5/2014 9:00,8.382,,,,
46,10/5/2014 11:00,19.758,,,,
47,10/5/2014 13:00,24.641,,,,
48,10/5/2014 15:00,22.429,,,,
49,10/5/2014 17:00,16.237,,,,
50,10/5/2014 19:00,12.98,,,,
51,10/5/2014 21:00,10.748,,,,
52,10/5/2014 23:00,9.373,,,,
53,10/6/2014 1:00,8.282,,,,
54,10/6/2014 3:00,7.582,,,,
55,10/6/2014 5:00,6.978,,,,
56,10/6/2014 7:00,6.573,,,,
57,10/6/2014 9:00,8.779,,,,
58,10/6/2014 11:00,19.758,,,,
59,10/6/2014 13:00,24.641,,,,
60,10/6/2014 15:00,23.581,,,,
61,10/6/2014 17:00,17.189,,,,
62,10/6/2014 19:00,13.654,,,,
63,10/6/2014 21:00,11.528,,,,
64,10/6/2014 23:00,9.866,,,,
65,10/7/2014 1:00,8.481,,,,
66,10/7/2014 3:00,7.481,,,,
67,10/7/2014 5:00,6.573,,,,
68,10/7/2014 7:00,6.166,,,,
69,10/7/2014 9:00,8.182,,,,
70,10/7/2014 11:00,20.043,,,,
71,10/7/2014 13:00,24.641,,,,
72,10/7/2014 15:00,23.196,,,,
73,10/7/2014 17:00,16.141,,,,
74,10/7/2014 19:00,12.883,,,,
75,10/7/2014 21:00,12.594,,,,
76,10/7/2014 23:00,11.625,,,,
77,10/8/2014 1:00,10.846,,,,
78,10/8/2014 3:00,8.581,,,,
79,10/8/2014 5:00,7.481,,,,
80,10/8/2014 7:00,6.674,,,,
81,10/8/2014 9:00,8.282,,,,
82,10/8/2014 11:00,14.134,,,,
83,10/8/2014 13:00,16.903,,,,
84,10/8/2014 15:00,16.523,,,,
85,10/8/2014 17:00,12.11,,,,
86,10/8/2014 19:00,9.472,,,,
87,10/8/2014 21:00,7.381,,,,
88,10/8/2014 23:00,5.962,,,,
89,10/9/2014 1:00,5.037,,,,
90,10/9/2014 3:00,4.311,,,,
91,10/9/2014 5:00,3.788,,,,
92,10/9/2014 7:00,3.261,,,,
93,10/9/2014 9:00,5.45,,,,
94,10/9/2014 11:00,16.903,,,,
95,10/9/2014 13:00,22.525,,,,
96,10/9/2014 15:00,21.569,,,,
97,10/9/2014 17:00,14.421,,,,
98,10/9/2014 19:00,10.944,,,,
99,10/9/2014 21:00,8.68,,,,
100,10/9/2014 23:00,6.877,,,,
101,10/10/2014 1:00,5.552,,,,
102,10/10/2014 3:00,4.623,,,,
103,10/10/2014 5:00,3.998,,,,
104,10/10/2014 7:00,3.578,,,,
105,10/10/2014 9:00,5.347,,,,
106,10/10/2014 11:00,16.713,,,,
107,10/10/2014 13:00,21.664,,,,
108,10/10/2014 15:00,17.95,,,,
109,10/10/2014 17:00,14.134,,,,
110,10/10/2014 19:00,10.748,,,,
111,10/10/2014 21:00,9.176,,,,
112,10/10/2014 23:00,8.082,,,,
113,10/11/2014 1:00,7.582,,,,
114,10/11/2014 3:00,7.381,,,,
115,10/11/2014 5:00,7.682,,,,
116,10/11/2014 7:00,5.552,,,,
117,10/11/2014 9:00,6.978,,,,
118,10/11/2014 11:00,14.134,,,,
119,10/11/2014 13:00,9.669,,,,
120,10/11/2014 15:00,6.877,,,,
121,10/11/2014 17:00,5.655,,,,
122,10/11/2014 19:00,5.244,,,,
123,10/11/2014 21:00,2.41,,,,
124,10/11/2014 23:00,2.837,,,,
125,10/12/2014 1:00,2.303,,,,
126,10/12/2014 3:00,3.049,,,,
127,10/12/2014 5:00,3.472,,,,
128,10/12/2014 7:00,3.578,,,,
129,10/12/2014 9:00,4.311,,,,
130,10/12/2014 11:00,6.978,,,,
131,10/12/2014 13:00,9.472,,,,
132,10/12/2014 15:00,11.625,,,,
133,10/12/2014 17:00,9.472,,,,
134,10/12/2014 19:00,7.079,,,,
135,10/12/2014 21:00,6.166,,,,
136,10/12/2014 23:00,5.757,,,,
137,10/13/2014 1:00,5.347,,,,
138,10/13/2014 3:00,4.623,,,,
139,10/13/2014 5:00,3.998,,,,
140,10/13/2014 7:00,3.578,,,,
141,10/13/2014 9:00,5.141,,,,
142,10/13/2014 11:00,11.334,,,,
143,10/13/2014 13:00,15.664,,,,
144,10/13/2014 15:00,15.378,,,,
145,10/13/2014 17:00,10.357,,,,
146,10/13/2014 19:00,8.879,,,,
147,10/13/2014 21:00,8.282,,,,
148,10/13/2014 23:00,7.782,,,,
149,10/14/2014 1:00,6.573,,,,
150,10/14/2014 3:00,4.519,,,,
151,10/14/2014 5:00,3.998,,,,
152,10/14/2014 7:00,3.998,,,,
153,10/14/2014 9:00,4.519,,,,
154,10/14/2014 11:00,6.978,,,,
155,10/14/2014 13:00,11.528,,,,
156,10/14/2014 15:00,11.139,,,,
157,10/14/2014 17:00,8.68,,,,
158,10/14/2014 19:00,6.877,,,,
159,10/14/2014 21:00,5.552,,,,
160,10/14/2014 23:00,5.347,,,,
161,10/15/2014 1:00,4.727,,,,
162,10/15/2014 3:00,4.415,,,,
163,10/15/2014 5:00,4.207,,,,
164,10/15/2014 7:00,3.261,,,,
165,10/15/2014 9:00,2.943,,,,
166,10/15/2014 11:00,2.41,,,,
167,10/15/2014 13:00,1.764,,,,
168,10/15/2014 15:00,1.439,,,,
169,10/15/2014 17:00,1.33,,,,
170,10/15/2014 19:00,1.33,,,,
171,10/15/2014 21:00,1.33,,,,
172,10/15/2014 23:00,1.33,,,,
173,10/16/2014 1:00,1.33,,,,
174,10/16/2014 3:00,1.33,,,,
175,10/16/2014 5:00,1.439,,,,
176,10/16/2014 7:00,1.439,,,,
177,10/16/2014 9:00,1.656,,,,
178,10/16/2014 11:00,4.207,,,,
179,10/16/2014 13:00,14.613,,,,
180,10/16/2014 15:00,14.804,,,,
181,10/16/2014 17:00,8.082,,,,
182,10/16/2014 19:00,4.934,,,,
183,10/16/2014 21:00,3.261,,,,
184,10/16/2014 23:00,2.624,,,,
185,10/17/2014 1:00,2.73,,,,
186,10/17/2014 3:00,3.261,,,,
187,10/17/2014 5:00,3.367,,,,
188,10/17/2014 7:00,3.367,,,,
189,10/17/2014 9:00,3.683,,,,
190,10/17/2014 11:00,4.519,,,,
191,10/17/2014 13:00,5.962,,,,
192,10/17/2014 15:00,5.962,,,,
193,10/17/2014 17:00,5.655,,,,
194,10/17/2014 19:00,5.45,,,,
195,10/17/2014 21:00,5.45,,,,
196,10/17/2014 23:00,5.655,,,,
197,10/18/2014 1:00,5.86,,,,
198,10/18/2014 3:00,6.064,,,,
199,10/18/2014 5:00,6.166,,,,
200,10/18/2014 7:00,6.166,,,,
201,10/18/2014 9:00,6.471,,,,
202,10/18/2014 11:00,10.553,,,,
203,10/18/2014 13:00,12.787,,,,
204,10/18/2014 15:00,12.883,,,,
205,10/18/2014 17:00,9.768,,,,
206,10/18/2014 19:00,7.882,,,,
207,10/18/2014 21:00,5.141,,,,
208,10/18/2014 23:00,4.102,,,,
209,10/19/2014 1:00,3.998,,,,
210,10/19/2014 3:00,3.893,,,,
211,10/19/2014 5:00,4.519,,,,
212,10/19/2014 7:00,4.102,,,,
213,10/19/2014 9:00,5.655,,,,
214,10/19/2014 11:00,12.497,,,,
215,10/19/2014 13:00,16.618,,,,
216,10/19/2014 15:00,15.951,,,,
217,10/19/2014 17:00,11.722,,,,
218,10/19/2014 19:00,7.782,,,,
219,10/19/2014 21:00,6.268,,,,
220,10/19/2014 23:00,6.268,,,,
221,10/20/2014 1:00,6.978,,,,
222,10/20/2014 3:00,7.28,,,,
223,10/20/2014 5:00,6.877,,,,
224,10/20/2014 7:00,6.573,,,,
225,10/20/2014 9:00,5.962,,,,
226,10/20/2014 11:00,7.179,,,,
227,10/20/2014 13:00,10.259,,,,
228,10/20/2014 15:00,8.082,,,,
229,10/20/2014 17:00,7.481,,,,
230,10/20/2014 19:00,5.655,,,,
231,10/20/2014 21:00,4.623,,,,
232,10/20/2014 23:00,4.311,,,,
233,10/21/2014 1:00,3.788,,,,
234,10/21/2014 3:00,3.367,,,,
235,10/21/2014 5:00,3.155,,,,
236,10/21/2014 7:00,2.837,,,,
237,10/21/2014 9:00,2.303,,,,
238,10/21/2014 11:00,5.347,,,,
239,10/21/2014 13:00,5.347,,,,
240,10/21/2014 15:00,4.519,,,,
241,10/21/2014 17:00,4.207,,,,
242,10/21/2014 19:00,3.788,,,,
243,10/21/2014 21:00,3.683,,,,
244,10/21/2014 23:00,3.472,,,,
245,10/22/2014 1:00,3.155,,,,
246,10/22/2014 3:00,3.155,,,,
247,10/22/2014 5:00,3.261,,,,
248,10/22/2014 7:00,3.893,,,,
249,10/22/2014 9:00,4.207,,,,
250,10/22/2014 11:00,4.623,,,,
251,10/22/2014 13:00,4.623,,,,
252,10/22/2014 15:00,4.519,,,,
253,10/22/2014 17:00,4.102,,,,
254,10/22/2014 19:00,3.788,,,,
255,10/22/2014 21:00,3.998,,,,
256,10/22/2014 23:00,3.155,,,,
257,10/23/2014 1:00,2.195,,,,
258,10/23/2014 3:00,2.088,,,,
259,10/23/2014 5:00,1.221,,,,
260,10/23/2014 7:00,1.221,,,,
261,10/23/2014 9:00,1.112,,,,
262,10/23/2014 11:00,1.112,,,,
263,10/23/2014 13:00,1.003,,,,
264,10/23/2014 15:00,1.003,,,,
265,10/23/2014 17:00,1.003,,,,
266,10/23/2014 19:00,1.003,,,,
267,10/23/2014 21:00,1.003,,,,
268,10/23/2014 23:00,1.003,,,,
269,10/24/2014 1:00,1.112,,,,
270,10/24/2014 3:00,1.112,,,,
271,10/24/2014 5:00,1.112,,,,
272,10/24/2014 7:00,1.112,,,,
273,10/24/2014 9:00,1.112,,,,
274,10/24/2014 11:00,1.221,,,,
275,10/24/2014 13:00,1.221,,,,
276,10/24/2014 15:00,1.221,,,,
277,10/24/2014 17:00,1.221,,,,
278,10/24/2014 19:00,1.112,,,,
279,10/24/2014 21:00,1.003,,,,
280,10/24/2014 23:00,1.003,,,,
281,10/25/2014 1:00,1.003,,,,
282,10/25/2014 3:00,1.003,,,,
283,10/25/2014 5:00,1.003,,,,
284,10/25/2014 7:00,1.003,,,,
285,10/25/2014 9:00,1.003,,,,
286,10/25/2014 11:00,1.548,,,,
287,10/25/2014 13:00,1.764,,,,
288,10/25/2014 15:00,1.872,,,,
289,10/25/2014 17:00,1.764,,,,
290,10/25/2014 19:00,1.548,,,,
291,10/25/2014 21:00,0.674,,,,
292,10/25/2014 23:00,0.674,,,,
293,10/26/2014 1:00,0.674,,,,
294,10/26/2014 3:00,0.674,,,,
295,10/26/2014 5:00,0.674,,,,
296,10/26/2014 7:00,0.674,,,,
297,10/26/2014 9:00,0.674,,,,
298,10/26/2014 11:00,0.674,,,,
299,10/26/2014 13:00,0.674,,,,
300,10/26/2014 15:00,0.674,,,,
301,10/26/2014 17:00,0.674,,,,
302,10/26/2014 19:00,0.563,,,,
303,10/26/2014 21:00,0.563,,,,
304,10/26/2014 23:00,0.563,,,,
305,10/27/2014 1:00,0.563,,,,
306,10/27/2014 3:00,0.563,,,,
307,10/27/2014 5:00,0.563,,,,
308,10/27/2014 7:00,0.563,,,,
309,10/27/2014 9:00,0.674,,,,
310,10/27/2014 11:00,0.674,,,,
311,10/27/2014 13:00,0.674,,,,
312,10/27/2014 15:00,0.674,,,,
313,10/27/2014 17:00,0.674,,,,
314,10/27/2014 19:00,0.563,,,,
315,10/27/2014 21:00,0.563,,,,
316,10/27/2014 23:00,0.563,,,,
317,10/28/2014 1:00,0.563,,,,
318,10/28/2014 3:00,0.563,,,,
319,10/28/2014 5:00,0.563,,,,
320,10/28/2014 7:00,0.563,,,,
321,10/28/2014 9:00,0.563,,,,
322,10/28/2014 11:00,0.563,,,,
323,10/28/2014 13:00,0.453,,,,
324,10/28/2014 15:00,0.453,,,,
325,10/28/2014 17:00,0.453,,,,
326,10/28/2014 19:00,0.343,,,,
327,10/28/2014 21:00,0.343,,,,
328,10/28/2014 23:00,0.343,,,,
329,10/29/2014 1:00,0.343,,,,
330,10/29/2014 3:00,0.343,,,,
331,10/29/2014 5:00,0.343,,,,
332,10/29/2014 7:00,0.343,,,,
333,10/29/2014 9:00,0.343,,,,
334,10/29/2014 11:00,0.453,,,,
335,10/29/2014 13:00,0.453,,,,
336,10/29/2014 15:00,0.453,,,,
337,10/29/2014 17:00,0.343,,,,
338,10/29/2014 19:00,0.343,,,,
339,10/29/2014 21:00,0.343,,,,
340,10/29/2014 23:00,0.343,,,,
341,10/30/2014 1:00,0.343,,,,
342,10/30/2014 3:00,0.343,,,,
343,10/30/2014 5:00,0.343,,,,
344,10/30/2014 7:00,0.343,,,,
345,10/30/2014 9:00,0.232,,,,
346,10/30/2014 11:00,0.343,,,,
347,10/30/2014 13:00,0.343,,,,
348,10/30/2014 15:00,0.343,,,,
349,10/30/2014 17:00,0.343,,,,
350,10/30/2014 19:00,0.343,,,,
351,10/30/2014 21:00,0.453,,,,
352,10/30/2014 23:00,0.453,,,,
353,10/31/2014 1:00,0.563,,,,
354,10/31/2014 3:00,0.674,,,,
355,10/31/2014 5:00,0.784,,,,
356,10/31/2014 7:00,0.893,,,,
357,10/31/2014 9:00,1.548,,,,
358,10/31/2014 11:00,0.893,,,,
359,10/31/2014 13:00,3.261,,,,
360,10/31/2014 15:00,3.472,,,,
361,10/31/2014 17:00,3.049,,,,
362,10/31/2014 19:00,1.872,,,,
363,10/31/2014 21:00,1.33,,,,
364,10/31/2014 23:00,0.893,,,,
365,11/1/2014 1:00,0.563,,,,
366,11/1/2014 3:00,0.453,,,,
367,11/1/2014 5:00,0.453,,,,
368,11/1/2014 7:00,0.343,,,,
369,11/1/2014 9:00,0.343,,,,
370,11/1/2014 11:00,0.343,,,,
371,11/1/2014 13:00,5.141,,,,
372,11/1/2014 15:00,7.079,,,,
373,11/1/2014 17:00,2.73,,,,
374,11/1/2014 19:00,1.764,,,,
375,11/1/2014 21:00,1.33,,,,
376,11/1/2014 23:00,1.221,,,,
377,11/2/2014 1:00,1.003,,,,
378,11/2/2014 3:00,0.893,,,,
379,11/2/2014 5:00,0.784,,,,
380,11/2/2014 7:00,0.674,,,,
381,11/2/2014 9:00,0.674,,,,
382,11/2/2014 11:00,0.674,,,,
383,11/2/2014 13:00,0.893,,,,
384,11/2/2014 15:00,1.003,,,,
385,11/2/2014 17:00,0.674,,,,
386,11/2/2014 19:00,0.563,,,,
387,11/2/2014 21:00,0.563,,,,
388,11/2/2014 23:00,0.453,,,,
389,11/3/2014 1:00,0.453,,,,
390,11/3/2014 3:00,0.453,,,,
391,11/3/2014 5:00,0.453,,,,
392,11/3/2014 7:00,0.343,,,,
393,11/3/2014 9:00,0.343,,,,
394,11/3/2014 11:00,0.343,,,,
395,11/3/2014 13:00,0.343,,,,
396,11/3/2014 15:00,0.343,,,,
397,11/3/2014 17:00,0.343,,,,
398,11/3/2014 19:00,0.343,,,,
399,11/3/2014 21:00,0.343,,,,
400,11/3/2014 23:00,0.343,,,,
401,11/4/2014 1:00,0.343,,,,
402,11/4/2014 3:00,0.563,,,,
403,11/4/2014 5:00,0.674,,,,
404,11/4/2014 7:00,1.764,,,,
405,11/4/2014 9:00,2.517,,,,
406,11/4/2014 11:00,3.788,,,,
407,11/4/2014 13:00,5.45,,,,
408,11/4/2014 15:00,5.45,,,,
409,11/4/2014 17:00,4.311,,,,
410,11/4/2014 19:00,2.624,,,,
411,11/4/2014 21:00,2.303,,,,
412,11/4/2014 23:00,1.872,,,,
413,11/5/2014 1:00,1.548,,,,
414,11/5/2014 3:00,1.221,,,,
415,11/5/2014 5:00,1.439,,,,
416,11/5/2014 7:00,1.872,,,,
417,11/5/2014 9:00,2.41,,,,
418,11/5/2014 11:00,5.962,,,,
419,11/5/2014 13:00,7.28,,,,
420,11/5/2014 15:00,6.674,,,,
421,11/5/2014 17:00,6.471,,,,
422,11/5/2014 19:00,5.962,,,,
423,11/5/2014 21:00,5.86,,,,
424,11/5/2014 23:00,5.86,,,,
425,11/6/2014 1:00,6.166,,,,
426,11/6/2014 3:00,6.471,,,,
427,11/6/2014 5:00,6.37,,,,
428,11/6/2014 7:00,6.268,,,,
429,11/6/2014 9:00,5.655,,,,
430,11/6/2014 11:00,5.141,,,,
431,11/6/2014 13:00,5.244,,,,
432,11/6/2014 15:00,4.415,,,,
433,11/6/2014 17:00,3.578,,,,
434,11/6/2014 19:00,2.088,,,,
435,11/6/2014 21:00,1.33,,,,
436,11/6/2014 23:00,1.112,,,,
437,11/7/2014 1:00,0.893,,,,
438,11/7/2014 3:00,0.784,,,,
439,11/7/2014 5:00,0.784,,,,
440,11/7/2014 7:00,0.674,,,,
441,11/7/2014 9:00,0.563,,,,
442,11/7/2014 11:00,0.563,,,,
443,11/7/2014 13:00,2.943,,,,
444,11/7/2014 15:00,8.978,,,,
445,11/7/2014 17:00,3.367,,,,
446,11/7/2014 19:00,1.548,,,,
447,11/7/2014 21:00,1.112,,,,
448,11/7/2014 23:00,0.893,,,,
449,11/8/2014 1:00,0.674,,,,
450,11/8/2014 3:00,0.563,,,,
451,11/8/2014 5:00,0.453,,,,
452,11/8/2014 7:00,0.343,,,,
453,11/8/2014 9:00,0.343,,,,
454,11/8/2014 11:00,0.343,,,,
455,11/8/2014 13:00,6.877,,,,
456,11/8/2014 15:00,9.472,,,,
457,11/8/2014 17:00,5.141,,,,
458,11/8/2014 19:00,3.155,,,,
459,11/8/2014 21:00,2.195,,,,
460,11/8/2014 23:00,2.195,,,,
461,11/9/2014 1:00,2.837,,,,
462,11/9/2014 3:00,1.764,,,,
463,11/9/2014 5:00,1.439,,,,
464,11/9/2014 7:00,1.112,,,,
465,11/9/2014 9:00,0.674,,,,
466,11/9/2014 11:00,0.563,,,,
467,11/9/2014 13:00,0.563,,,,
468,11/9/2014 15:00,0.563,,,,
469,11/9/2014 17:00,0.563,,,,
470,11/9/2014 19:00,0.563,,,,
471,11/9/2014 21:00,0.563,,,,
472,11/9/2014 23:00,0.563,,,,
473,11/10/2014 1:00,0.563,,,,
474,11/10/2014 3:00,0.563,,,,
475,11/10/2014 5:00,0.563,,,,
476,11/10/2014 7:00,0.563,,,,
477,11/10/2014 9:00,0.563,,,,
478,11/10/2014 11:00,0.563,,,,
479,11/10/2014 13:00,0.563,,,,
480,11/10/2014 15:00,0.563,,,,
481,11/10/2014 17:00,0.563,,,,
482,11/10/2014 19:00,0.563,,,,
483,11/10/2014 21:00,0.563,,,,
484,11/10/2014 23:00,0.563,,,,
485,11/11/2014 1:00,0.453,,,,
486,11/11/2014 3:00,0.453,,,,
487,11/11/2014 5:00,0.343,,,,
488,11/11/2014 7:00,0.343,,,,
489,11/11/2014 9:00,0.343,,,,
490,11/11/2014 11:00,0.343,,,,
491,11/11/2014 13:00,0.343,,,,
492,11/11/2014 15:00,0.343,,,,
493,11/11/2014 17:00,0.343,,,,
494,11/11/2014 19:00,0.343,,,,
495,11/11/2014 21:00,0.232,,,,
496,11/11/2014 23:00,0.232,,,,
497,11/12/2014 1:00,0.232,,,,
498,11/12/2014 3:00,0.121,,,,
499,11/12/2014 5:00,0.121,,,,
500,11/12/2014 7:00,-0.102,,,,
501,11/12/2014 9:00,-0.549,,,,
502,11/12/2014 11:00,-0.662,,,,
503,11/12/2014 13:00,-0.325,,,,
504,11/12/2014 15:00,-0.437,,,,
505,11/12/2014 17:00,-0.887,,,,
506,11/12/2014 19:00,-1.341,,,,
507,11/12/2014 21:00,-1.799,,,,
508,11/12/2014 23:00,-2.03,,,,
509,11/13/2014 1:00,-2.145,,,,
510,11/13/2014 3:00,-2.261,,,,
511,11/13/2014 5:00,-2.377,,,,
512,11/13/2014 7:00,-2.494,,,,
513,11/13/2014 9:00,-2.61,,,,
514,11/13/2014 11:00,-2.377,,,,
515,11/13/2014 13:00,-1.799,,,,
516,11/13/2014 15:00,-1.799,,,,
517,11/13/2014 17:00,-2.03,,,,
518,11/13/2014 19:00,-2.377,,,,
519,11/13/2014 21:00,-2.494,,,,
520,11/13/2014 23:00,-2.61,,,,
521,11/14/2014 1:00,-2.61,,,,
522,11/14/2014 3:00,-2.844,,,,
523,11/14/2014 5:00,-3.079,,,,
524,11/14/2014 7:00,-3.079,,,,
525,11/14/2014 9:00,-3.316,,,,
526,11/14/2014 11:00,-3.197,,,,
527,11/14/2014 13:00,-1.799,,,,
528,11/14/2014 15:00,-1.341,,,,
529,11/14/2014 17:00,-2.145,,,,
530,11/14/2014 19:00,-3.197,,,,
531,11/14/2014 21:00,-3.911,,,,
532,11/14/2014 23:00,-4.272,,,,
533,11/15/2014 1:00,-4.514,,,,
534,11/15/2014 3:00,-4.88,,,,
535,11/15/2014 5:00,-5.003,,,,
536,11/15/2014 7:00,-5.125,,,,
537,11/15/2014 9:00,-5.249,,,,
538,11/15/2014 11:00,-4.636,,,,
539,11/15/2014 13:00,-2.962,,,,
540,11/15/2014 15:00,-2.61,,,,
541,11/15/2014 17:00,-3.316,,,,
542,11/15/2014 19:00,-4.031,,,,
543,11/15/2014 21:00,-4.514,,,,
544,11/15/2014 23:00,-4.88,,,,
545,11/16/2014 1:00,-5.249,,,,
546,11/16/2014 3:00,-4.88,,,,
547,11/16/2014 5:00,-4.636,,,,
548,11/16/2014 7:00,-4.514,,,,
549,11/16/2014 9:00,-4.393,,,,
550,11/16/2014 11:00,-3.197,,,,
551,11/16/2014 13:00,-1.341,,,,
552,11/16/2014 15:00,-0.774,,,,
553,11/16/2014 17:00,-1.114,,,,
554,11/16/2014 19:00,-1.799,,,,
555,11/16/2014 21:00,-2.261,,,,
556,11/16/2014 23:00,-2.61,,,,
557,11/17/2014 1:00,-3.079,,,,
558,11/17/2014 3:00,-3.434,,,,
559,11/17/2014 5:00,-3.553,,,,
560,11/17/2014 7:00,-3.672,,,,
561,11/17/2014 9:00,-3.792,,,,
562,11/17/2014 11:00,-2.377,,,,
563,11/17/2014 13:00,-0.549,,,,
564,11/17/2014 15:00,-0.213,,,,
565,11/17/2014 17:00,-0.102,,,,
566,11/17/2014 19:00,-0.102,,,,
567,11/17/2014 21:00,-0.213,,,,
568,11/17/2014 23:00,-1.228,,,,
569,11/18/2014 1:00,-1.684,,,,
570,11/18/2014 3:00,-2.261,,,,
571,11/18/2014 5:00,-2.727,,,,
572,11/18/2014 7:00,-2.844,,,,
573,11/18/2014 9:00,-3.079,,,,
574,11/18/2014 11:00,-1.57,,,,
575,11/18/2014 13:00,-0.437,,,,
576,11/18/2014 15:00,-0.213,,,,
577,11/18/2014 17:00,-0.102,,,,
578,11/18/2014 19:00,-0.102,,,,
579,11/18/2014 21:00,-0.549,,,,
580,11/18/2014 23:00,-0.774,,,,
581,11/19/2014 1:00,-0.662,,,,
582,11/19/2014 3:00,-0.774,,,,
583,11/19/2014 5:00,-0.549,,,,
584,11/19/2014 7:00,-0.549,,,,
585,11/19/2014 9:00,-0.325,,,,
586,11/19/2014 11:00,-0.102,,,,
587,11/19/2014 13:00,-0.102,,,,
588,11/19/2014 15:00,0.01,,,,
589,11/19/2014 17:00,0.01,,,,
590,11/19/2014 19:00,0.121,,,,
591,11/19/2014 21:00,0.121,,,,
592,11/19/2014 23:00,0.121,,,,
593,11/20/2014 1:00,0.121,,,,
594,11/20/2014 3:00,0.121,,,,
595,11/20/2014 5:00,0.121,,,,
596,11/20/2014 7:00,0.121,,,,
597,11/20/2014 9:00,0.121,,,,
598,11/20/2014 11:00,0.01,,,,
599,11/20/2014 13:00,0.121,,,,
600,11/20/2014 15:00,0.121,,,,
601,11/20/2014 17:00,0.121,,,,
602,11/20/2014 19:00,0.121,,,,
603,11/20/2014 21:00,0.121,,,,
604,11/20/2014 23:00,0.121,,,,
605,11/21/2014 1:00,0.01,,,,
606,11/21/2014 3:00,0.121,,,,
607,11/21/2014 5:00,0.01,,,,
608,11/21/2014 7:00,0.121,,,,
609,11/21/2014 9:00,0.121,,,,
610,11/21/2014 11:00,0.01,,,,
611,11/21/2014 13:00,0.01,,,,
612,11/21/2014 15:00,0.121,,,,
613,11/21/2014 17:00,0.121,,,,
614,11/21/2014 19:00,0.121,,,,
615,11/21/2014 21:00,0.121,,,,
616,11/21/2014 23:00,0.121,,,,
617,11/22/2014 1:00,0.121,,,,
618,11/22/2014 3:00,0.121,,,,
619,11/22/2014 5:00,0.121,,,,
620,11/22/2014 7:00,0.121,,,,
621,11/22/2014 9:00,0.01,,,,
622,11/22/2014 11:00,0.121,,,,
623,11/22/2014 13:00,0.121,,,,
624,11/22/2014 15:00,0.121,,,,
625,11/22/2014 17:00,0.01,,,,
626,11/22/2014 19:00,0.121,,,,
627,11/22/2014 21:00,0.121,,,,
628,11/22/2014 23:00,0.121,,,,
629,11/23/2014 1:00,0.01,,,,
630,11/23/2014 3:00,0.01,,,,
631,11/23/2014 5:00,0.121,,,,
632,11/23/2014 7:00,0.01,,,,
633,11/23/2014 9:00,0.01,,,,
634,11/23/2014 11:00,0.121,,,,
635,11/23/2014 13:00,0.121,,,,
636,11/23/2014 15:00,0.01,,,,
637,11/23/2014 17:00,0.01,,,,
638,11/23/2014 19:00,0.01,,,,
639,11/23/2014 21:00,0.01,,,,
640,11/23/2014 23:00,0.121,,,,
641,11/24/2014 1:00,0.01,,,,
642,11/24/2014 3:00,0.01,,,,
643,11/24/2014 5:00,0.121,,,,
644,11/24/2014 7:00,0.01,,,,
645,11/24/2014 9:00,0.01,,,,
646,11/24/2014 11:00,0.01,,,,
647,11/24/2014 13:00,0.01,,,,
648,11/24/2014 15:00,0.01,,,,
649,11/24/2014 17:00,0.01,,,,
650,11/24/2014 19:00,0.121,,,,
651,11/24/2014 21:00,0.01,,,,
652,11/24/2014 23:00,0.01,,,,
653,11/25/2014 1:00,0.01,,,,
654,11/25/2014 3:00,0.01,,,,
655,11/25/2014 5:00,0.01,,,,
656,11/25/2014 7:00,0.01,,,,
657,11/25/2014 9:00,0.01,,,,
658,11/25/2014 11:00,0.01,,,,
659,11/25/2014 13:00,0.121,,,,
660,11/25/2014 15:00,0.121,,,,
661,11/25/2014 17:00,0.121,,,,
662,11/25/2014 19:00,0.121,,,,
663,11/25/2014 21:00,0.121,,,,
664,11/25/2014 23:00,0.121,,,,
665,11/26/2014 1:00,0.121,,,,
666,11/26/2014 3:00,0.121,,,,
667,11/26/2014 5:00,0.121,,,,
668,11/26/2014 7:00,0.121,,,,
669,11/26/2014 9:00,0.121,,,,
670,11/26/2014 11:00,0.121,,,,
671,11/26/2014 13:00,0.121,,,,
672,11/26/2014 15:00,0.121,,,,
673,11/26/2014 17:00,0.121,,,,
674,11/26/2014 19:00,0.121,,,,
675,11/26/2014 21:00,0.121,,,,
676,11/26/2014 23:00,0.121,,,,
677,11/27/2014 1:00,0.121,,,,
678,11/27/2014 3:00,0.121,,,,
679,11/27/2014 5:00,0.121,,,,
680,11/27/2014 7:00,0.121,,,,
681,11/27/2014 9:00,0.121,,,,
682,11/27/2014 11:00,0.121,,,,
683,11/27/2014 13:00,0.121,,,,
684,11/27/2014 15:00,0.121,,,,
685,11/27/2014 17:00,0.121,,,,
686,11/27/2014 19:00,0.121,,,,
687,11/27/2014 21:00,0.121,,,,
688,11/27/2014 23:00,0.121,,,,
689,11/28/2014 1:00,0.121,,,,
690,11/28/2014 3:00,0.121,,,,
691,11/28/2014 5:00,0.121,,,,
692,11/28/2014 7:00,0.121,,,,
693,11/28/2014 9:00,0.121,,,,
694,11/28/2014 11:00,0.121,,,,
695,11/28/2014 13:00,0.121,,,,
696,11/28/2014 15:00,0.121,,,,
697,11/28/2014 17:00,0.121,,,,
698,11/28/2014 19:00,0.121,,,,
699,11/28/2014 21:00,0.121,,,,
700,11/28/2014 23:00,0.121,,,,
701,11/29/2014 1:00,0.121,,,,
702,11/29/2014 3:00,0.121,,,,
703,11/29/2014 5:00,0.121,,,,
704,11/29/2014 7:00,0.121,,,,
705,11/29/2014 9:00,0.121,,,,
706,11/29/2014 11:00,0.121,,,,
707,11/29/2014 13:00,0.121,,,,
708,11/29/2014 15:00,0.121,,,,
709,11/29/2014 17:00,0.121,,,,
710,11/29/2014 19:00,0.121,,,,
711,11/29/2014 21:00,0.121,,,,
712,11/29/2014 23:00,0.121,,,,
713,11/30/2014 1:00,0.121,,,,
714,11/30/2014 3:00,0.121,,,,
715,11/30/2014 5:00,0.121,,,,
716,11/30/2014 7:00,0.121,,,,
717,11/30/2014 9:00,0.121,,,,
718,11/30/2014 11:00,0.121,,,,
719,11/30/2014 13:00,0.121,,,,
720,11/30/2014 15:00,0.121,,,,
721,11/30/2014 17:00,0.121,,,,
722,11/30/2014 19:00,0.121,,,,
723,11/30/2014 21:00,0.121,,,,
724,11/30/2014 23:00,0.121,,,,
725,12/1/2014 1:00,0.121,,,,
726,12/1/2014 3:00,0.121,,,,
727,12/1/2014 5:00,0.121,,,,
728,12/1/2014 7:00,0.121,,,,
729,12/1/2014 9:00,0.121,,,,
730,12/1/2014 11:00,0.121,,,,
731,12/1/2014 13:00,0.121,,,,
732,12/1/2014 15:00,0.121,,,,
733,12/1/2014 17:00,0.121,,,,
734,12/1/2014 19:00,0.121,,,,
735,12/1/2014 21:00,0.121,,,,
736,12/1/2014 23:00,0.121,,,,
737,12/2/2014 1:00,0.121,,,,
738,12/2/2014 3:00,0.121,,,,
739,12/2/2014 5:00,0.121,,,,
740,12/2/2014 7:00,0.121,,,,
741,12/2/2014 9:00,0.121,,,,
742,12/2/2014 11:00,0.121,,,,
743,12/2/2014 13:00,0.121,,,,
744,12/2/2014 15:00,0.121,,,,
745,12/2/2014 17:00,0.121,,,,
746,12/2/2014 19:00,0.121,,,,
747,12/2/2014 21:00,0.121,,,,
748,12/2/2014 23:00,0.121,,,,
749,12/3/2014 1:00,0.121,,,,
750,12/3/2014 3:00,0.121,,,,
751,12/3/2014 5:00,0.121,,,,
752,12/3/2014 7:00,0.121,,,,
753,12/3/2014 9:00,0.121,,,,
754,12/3/2014 11:00,0.121,,,,
755,12/3/2014 13:00,0.121,,,,
756,12/3/2014 15:00,0.121,,,,
757,12/3/2014 17:00,0.121,,,,
758,12/3/2014 19:00,0.121,,,,
759,12/3/2014 21:00,0.121,,,,
760,12/3/2014 23:00,0.121,,,,
761,12/4/2014 1:00,0.121,,,,
762,12/4/2014 3:00,0.121,,,,
763,12/4/2014 5:00,0.121,,,,
764,12/4/2014 7:00,0.121,,,,
765,12/4/2014 9:00,0.121,,,,
766,12/4/2014 11:00,0.121,,,,
767,12/4/2014 13:00,0.121,,,,
768,12/4/2014 15:00,0.121,,,,
769,12/4/2014 17:00,0.121,,,,
770,12/4/2014 19:00,0.121,,,,
771,12/4/2014 21:00,0.121,,,,
772,12/4/2014 23:00,0.121,,,,
773,12/5/2014 1:00,0.121,,,,
774,12/5/2014 3:00,0.121,,,,
775,12/5/2014 5:00,0.121,,,,
776,12/5/2014 7:00,0.121,,,,
777,12/5/2014 9:00,0.121,,,,
778,12/5/2014 11:00,0.121,,,,
779,12/5/2014 13:00,0.121,,,,
780,12/5/2014 15:00,0.121,,,,
781,12/5/2014 17:00,0.121,,,,
782,12/5/2014 19:00,0.121,,,,
783,12/5/2014 21:00,0.121,,,,
784,12/5/2014 23:00,0.121,,,,
785,12/6/2014 1:00,0.121,,,,
786,12/6/2014 3:00,0.121,,,,
787,12/6/2014 5:00,0.121,,,,
788,12/6/2014 7:00,0.121,,,,
789,12/6/2014 9:00,0.121,,,,
790,12/6/2014 11:00,0.121,,,,
791,12/6/2014 13:00,0.121,,,,
792,12/6/2014 15:00,0.121,,,,
793,12/6/2014 17:00,0.121,,,,
794,12/6/2014 19:00,0.121,,,,
795,12/6/2014 21:00,0.121,,,,
796,12/6/2014 23:00,0.121,,,,
797,12/7/2014 1:00,0.121,,,,
798,12/7/2014 3:00,0.121,,,,
799,12/7/2014 5:00,0.121,,,,
800,12/7/2014 7:00,0.121,,,,
801,12/7/2014 9:00,0.121,,,,
802,12/7/2014 11:00,0.121,,,,
803,12/7/2014 13:00,0.121,,,,
804,12/7/2014 15:00,0.121,,,,
805,12/7/2014 17:00,0.121,,,,
806,12/7/2014 19:00,0.121,,,,
807,12/7/2014 21:00,0.121,,,,
808,12/7/2014 23:00,0.121,,,,
809,12/8/2014 1:00,0.121,,,,
810,12/8/2014 3:00,0.121,,,,
811,12/8/2014 5:00,0.121,,,,
812,12/8/2014 7:00,0.121,,,,
813,12/8/2014 9:00,0.121,,,,
814,12/8/2014 11:00,0.121,,,,
815,12/8/2014 13:00,0.121,,,,
816,12/8/2014 15:00,0.121,,,,
817,12/8/2014 17:00,0.121,,,,
818,12/8/2014 19:00,0.121,,,,
819,12/8/2014 21:00,0.121,,,,
820,12/8/2014 23:00,0.121,,,,
821,12/9/2014 1:00,0.121,,,,
822,12/9/2014 3:00,0.121,,,,
823,12/9/2014 5:00,0.121,,,,
824,12/9/2014 7:00,0.121,,,,
825,12/9/2014 9:00,0.121,,,,
826,12/9/2014 11:00,0.121,,,,
827,12/9/2014 13:00,0.121,,,,
828,12/9/2014 15:00,0.121,,,,
829,12/9/2014 17:00,0.121,,,,
830,12/9/2014 19:00,0.121,,,,
831,12/9/2014 21:00,0.121,,,,
832,12/9/2014 23:00,0.121,,,,
833,12/10/2014 1:00,0.121,,,,
834,12/10/2014 3:00,0.121,,,,
835,12/10/2014 5:00,0.121,,,,
836,12/10/2014 7:00,0.121,,,,
837,12/10/2014 9:00,0.121,,,,
838,12/10/2014 11:00,0.121,,,,
839,12/10/2014 13:00,0.121,,,,
840,12/10/2014 15:00,0.121,,,,
841,12/10/2014 17:00,0.121,,,,
842,12/10/2014 19:00,0.121,,,,
843,12/10/2014 21:00,0.121,,,,
844,12/10/2014 23:00,0.121,,,,
845,12/11/2014 1:00,0.121,,,,
846,12/11/2014 3:00,0.121,,,,
847,12/11/2014 5:00,0.121,,,,
848,12/11/2014 7:00,0.121,,,,
849,12/11/2014 9:00,0.121,,,,
850,12/11/2014 11:00,0.121,,,,
851,12/11/2014 13:00,0.121,,,,
852,12/11/2014 15:00,0.121,,,,
853,12/11/2014 17:00,0.121,,,,
854,12/11/2014 19:00,0.121,,,,
855,12/11/2014 21:00,0.121,,,,
856,12/11/2014 23:00,0.121,,,,
857,12/12/2014 1:00,0.121,,,,
858,12/12/2014 3:00,0.121,,,,
859,12/12/2014 5:00,0.121,,,,
860,12/12/2014 7:00,0.121,,,,
861,12/12/2014 9:00,0.121,,,,
862,12/12/2014 11:00,0.121,,,,
863,12/12/2014 13:00,0.121,,,,
864,12/12/2014 15:00,0.121,,,,
865,12/12/2014 17:00,0.121,,,,
866,12/12/2014 19:00,0.121,,,,
867,12/12/2014 21:00,0.121,,,,
868,12/12/2014 23:00,0.121,,,,
869,12/13/2014 1:00,0.121,,,,
870,12/13/2014 3:00,0.121,,,,
871,12/13/2014 5:00,0.121,,,,
872,12/13/2014 7:00,0.121,,,,
873,12/13/2014 9:00,0.121,,,,
874,12/13/2014 11:00,0.121,,,,
875,12/13/2014 13:00,0.121,,,,
876,12/13/2014 15:00,0.121,,,,
877,12/13/2014 17:00,0.121,,,,
878,12/13/2014 19:00,0.121,,,,
879,12/13/2014 21:00,0.121,,,,
880,12/13/2014 23:00,0.121,,,,
881,12/14/2014 1:00,0.121,,,,
882,12/14/2014 3:00,0.121,,,,
883,12/14/2014 5:00,0.121,,,,
884,12/14/2014 7:00,0.121,,,,
885,12/14/2014 9:00,0.121,,,,
886,12/14/2014 11:00,0.121,,,,
887,12/14/2014 13:00,0.121,,,,
888,12/14/2014 15:00,0.121,,,,
889,12/14/2014 17:00,0.121,,,,
890,12/14/2014 19:00,0.121,,,,
891,12/14/2014 21:00,0.121,,,,
892,12/14/2014 23:00,0.121,,,,
893,12/15/2014 1:00,0.121,,,,
894,12/15/2014 3:00,0.121,,,,
895,12/15/2014 5:00,0.121,,,,
896,12/15/2014 7:00,0.121,,,,
897,12/15/2014 9:00,0.121,,,,
898,12/15/2014 11:00,0.121,,,,
899,12/15/2014 13:00,0.121,,,,
900,12/15/2014 15:00,0.121,,,,
901,12/15/2014 17:00,0.121,,,,
902,12/15/2014 19:00,0.121,,,,
903,12/15/2014 21:00,0.121,,,,
904,12/15/2014 23:00,0.121,,,,
905,12/16/2014 1:00,0.121,,,,
906,12/16/2014 3:00,0.121,,,,
907,12/16/2014 5:00,0.121,,,,
908,12/16/2014 7:00,0.121,,,,
909,12/16/2014 9:00,0.121,,,,
910,12/16/2014 11:00,0.121,,,,
911,12/16/2014 13:00,0.121,,,,
912,12/16/2014 15:00,0.121,,,,
913,12/16/2014 17:00,0.121,,,,
914,12/16/2014 19:00,0.121,,,,
915,12/16/2014 21:00,0.121,,,,
916,12/16/2014 23:00,0.121,,,,
917,12/17/2014 1:00,0.121,,,,
918,12/17/2014 3:00,0.121,,,,
919,12/17/2014 5:00,0.121,,,,
920,12/17/2014 7:00,0.121,,,,
921,12/17/2014 9:00,0.121,,,,
922,12/17/2014 11:00,0.121,,,,
923,12/17/2014 13:00,0.121,,,,
924,12/17/2014 15:00,0.121,,,,
925,12/17/2014 17:00,0.121,,,,
926,12/17/2014 19:00,0.121,,,,
927,12/17/2014 21:00,0.121,,,,
928,12/17/2014 23:00,0.121,,,,
929,12/18/2014 1:00,0.121,,,,
930,12/18/2014 3:00,0.121,,,,
931,12/18/2014 5:00,0.121,,,,
932,12/18/2014 7:00,0.121,,,,
933,12/18/2014 9:00,0.121,,,,
934,12/18/2014 11:00,0.121,,,,
935,12/18/2014 13:00,0.121,,,,
936,12/18/2014 15:00,0.121,,,,
937,12/18/2014 17:00,0.121,,,,
938,12/18/2014 19:00,0.121,,,,
939,12/18/2014 21:00,0.121,,,,
940,12/18/2014 23:00,0.121,,,,
941,12/19/2014 1:00,0.121,,,,
942,12/19/2014 3:00,0.121,,,,
943,12/19/2014 5:00,0.121,,,,
944,12/19/2014 7:00,0.121,,,,
945,12/19/2014 9:00,0.121,,,,
946,12/19/2014 11:00,0.121,,,,
947,12/19/2014 13:00,0.121,,,,
948,12/19/2014 15:00,0.121,,,,
949,12/19/2014 17:00,0.121,,,,
950,12/19/2014 19:00,0.121,,,,
951,12/19/2014 21:00,0.121,,,,
952,12/19/2014 23:00,0.121,,,,
953,12/20/2014 1:00,0.121,,,,
954,12/20/2014 3:00,0.121,,,,
955,12/20/2014 5:00,0.121,,,,
956,12/20/2014 7:00,0.121,,,,
957,12/20/2014 9:00,0.121,,,,
958,12/20/2014 11:00,0.121,,,,
959,12/20/2014 13:00,0.121,,,,
960,12/20/2014 15:00,0.121,,,,
961,12/20/2014 17:00,0.121,,,,
962,12/20/2014 19:00,0.121,,,,
963,12/20/2014 21:00,0.121,,,,
964,12/20/2014 23:00,0.121,,,,
965,12/21/2014 1:00,0.121,,,,
966,12/21/2014 3:00,0.121,,,,
967,12/21/2014 5:00,0.121,,,,
968,12/21/2014 7:00,0.121,,,,
969,12/21/2014 9:00,0.121,,,,
970,12/21/2014 11:00,0.121,,,,
971,12/21/2014 13:00,0.121,,,,
972,12/21/2014 15:00,0.121,,,,
973,12/21/2014 17:00,0.121,,,,
974,12/21/2014 19:00,0.121,,,,
975,12/21/2014 21:00,0.121,,,,
976,12/21/2014 23:00,0.121,,,,
977,12/22/2014 1:00,0.121,,,,
978,12/22/2014 3:00,0.121,,,,
979,12/22/2014 5:00,0.121,,,,
980,12/22/2014 7:00,0.121,,,,
981,12/22/2014 9:00,0.121,,,,
982,12/22/2014 11:00,0.121,,,,
983,12/22/2014 13:00,0.121,,,,
984,12/22/2014 15:00,0.121,,,,
985,12/22/2014 17:00,0.121,,,,
986,12/22/2014 19:00,0.121,,,,
987,12/22/2014 21:00,0.121,,,,
988,12/22/2014 23:00,0.121,,,,
989,12/23/2014 1:00,0.121,,,,
990,12/23/2014 3:00,0.121,,,,
991,12/23/2014 5:00,0.121,,,,
992,12/23/2014 7:00,0.121,,,,
993,12/23/2014 9:00,0.121,,,,
994,12/23/2014 11:00,0.121,,,,
995,12/23/2014 13:00,0.121,,,,
996,12/23/2014 15:00,0.121,,,,
997,12/23/2014 17:00,0.121,,,,
998,12/23/2014 19:00,0.121,,,,
999,12/23/2014 21:00,0.121,,,,
1000,12/23/2014 23:00,0.121,,,,
1001,12/24/2014 1:00,0.121,,,,
1002,12/24/2014 3:00,0.121,,,,
1003,12/24/2014 5:00,0.121,,,,
1004,12/24/2014 7:00,0.121,,,,
1005,12/24/2014 9:00,0.121,,,,
1006,12/24/2014 11:00,0.121,,,,
1007,12/24/2014 13:00,0.121,,,,
1008,12/24/2014 15:00,0.121,,,,
1009,12/24/2014 17:00,0.121,,,,
1010,12/24/2014 19:00,0.121,,,,
1011,12/24/2014 21:00,0.121,,,,
1012,12/24/2014 23:00,0.121,,,,
1013,12/25/2014 1:00,0.121,,,,
1014,12/25/2014 3:00,0.121,,,,
1015,12/25/2014 5:00,0.121,,,,
1016,12/25/2014 7:00,0.121,,,,
1017,12/25/2014 9:00,0.121,,,,
1018,12/25/2014 11:00,0.121,,,,
1019,12/25/2014 13:00,0.121,,,,
1020,12/25/2014 15:00,0.121,,,,
1021,12/25/2014 17:00,0.121,,,,
1022,12/25/2014 19:00,0.121,,,,
1023,12/25/2014 21:00,0.121,,,,
1024,12/25/2014 23:00,0.121,,,,
1025,12/26/2014 1:00,0.121,,,,
1026,12/26/2014 3:00,0.121,,,,
1027,12/26/2014 5:00,0.121,,,,
1028,12/26/2014 7:00,0.121,,,,
1029,12/26/2014 9:00,0.121,,,,
1030,12/26/2014 11:00,0.121,,,,
1031,12/26/2014 13:00,0.121,,,,
1032,12/26/2014 15:00,0.121,,,,
1033,12/26/2014 17:00,0.121,,,,
1034,12/26/2014 19:00,0.121,,,,
1035,12/26/2014 21:00,0.121,,,,
1036,12/26/2014 23:00,0.121,,,,
1037,12/27/2014 1:00,0.121,,,,
1038,12/27/2014 3:00,0.121,,,,
1039,12/27/2014 5:00,0.121,,,,
1040,12/27/2014 7:00,0.121,,,,
1041,12/27/2014 9:00,0.121,,,,
1042,12/27/2014 11:00,0.121,,,,
1043,12/27/2014 13:00,0.121,,,,
1044,12/27/2014 15:00,0.121,,,,
1045,12/27/2014 17:00,0.121,,,,
1046,12/27/2014 19:00,0.121,,,,
1047,12/27/2014 21:00,0.121,,,,
1048,12/27/2014 23:00,0.121,,,,
1049,12/28/2014 1:00,0.121,,,,
1050,12/28/2014 3:00,0.121,,,,
1051,12/28/2014 5:00,0.121,,,,
1052,12/28/2014 7:00,0.121,,,,
1053,12/28/2014 9:00,0.121,,,,
1054,12/28/2014 11:00,0.121,,,,
1055,12/28/2014 13:00,0.121,,,,
1056,12/28/2014 15:00,0.121,,,,
1057,12/28/2014 17:00,0.121,,,,
1058,12/28/2014 19:00,0.121,,,,
1059,12/28/2014 21:00,0.121,,,,
1060,12/28/2014 23:00,0.121,,,,
1061,12/29/2014 1:00,0.121,,,,
1062,12/29/2014 3:00,0.121,,,,
1063,12/29/2014 5:00,0.121,,,,
1064,12/29/2014 7:00,0.121,,,,
1065,12/29/2014 9:00,0.121,,,,
1066,12/29/2014 11:00,0.121,,,,
1067,12/29/2014 13:00,0.121,,,,
1068,12/29/2014 15:00,0.121,,,,
1069,12/29/2014 17:00,0.121,,,,
1070,12/29/2014 19:00,0.121,,,,
1071,12/29/2014 21:00,0.121,,,,
1072,12/29/2014 23:00,0.121,,,,
1073,12/30/2014 1:00,0.121,,,,
1074,12/30/2014 3:00,0.121,,,,
1075,12/30/2014 5:00,0.121,,,,
1076,12/30/2014 7:00,0.121,,,,
1077,12/30/2014 9:00,0.121,,,,
1078,12/30/2014 11:00,0.121,,,,
1079,12/30/2014 13:00,0.121,,,,
1080,12/30/2014 15:00,0.121,,,,
1081,12/30/2014 17:00,0.121,,,,
1082,12/30/2014 19:00,0.121,,,,
1083,12/30/2014 21:00,0.121,,,,
1084,12/30/2014 23:00,0.121,,,,
1085,12/31/2014 1:00,0.121,,,,
1086,12/31/2014 3:00,0.121,,,,
1087,12/31/2014 5:00,0.121,,,,
1088,12/31/2014 7:00,0.121,,,,
1089,12/31/2014 9:00,0.121,,,,
1090,12/31/2014 11:00,0.121,,,,
1091,12/31/2014 13:00,0.121,,,,
1092,12/31/2014 15:00,0.121,,,,
1093,12/31/2014 17:00,0.121,,,,
1094,12/31/2014 19:00,0.121,,,,
1095,12/31/2014 21:00,0.121,,,,
1096,12/31/2014 23:00,0.121,,,,
1097,1/1/2015 1:00,0.121,,,,
1098,1/1/2015 3:00,0.121,,,,
1099,1/1/2015 5:00,0.121,,,,
1100,1/1/2015 7:00,0.121,,,,
1101,1/1/2015 9:00,0.121,,,,
1102,1/1/2015 11:00,0.121,,,,
1103,1/1/2015 13:00,0.121,,,,
1104,1/1/2015 15:00,0.121,,,,
1105,1/1/2015 17:00,0.121,,,,
1106,1/1/2015 19:00,0.121,,,,
1107,1/1/2015 21:00,0.121,,,,
1108,1/1/2015 23:00,0.121,,,,
1109,1/2/2015 1:00,0.121,,,,
1110,1/2/2015 3:00,0.121,,,,
1111,1/2/2015 5:00,0.121,,,,
1112,1/2/2015 7:00,0.121,,,,
1113,1/2/2015 9:00,0.121,,,,
1114,1/2/2015 11:00,0.121,,,,
1115,1/2/2015 13:00,0.121,,,,
1116,1/2/2015 15:00,0.121,,,,
1117,1/2/2015 17:00,0.121,,,,
1118,1/2/2015 19:00,0.121,,,,
1119,1/2/2015 21:00,0.121,,,,
1120,1/2/2015 23:00,0.121,,,,
1121,1/3/2015 1:00,0.121,,,,
1122,1/3/2015 3:00,0.121,,,,
1123,1/3/2015 5:00,0.121,,,,
1124,1/3/2015 7:00,0.121,,,,
1125,1/3/2015 9:00,0.121,,,,
1126,1/3/2015 11:00,0.121,,,,
1127,1/3/2015 13:00,0.121,,,,
1128,1/3/2015 15:00,0.121,,,,
1129,1/3/2015 17:00,0.121,,,,
1130,1/3/2015 19:00,0.121,,,,
1131,1/3/2015 21:00,0.121,,,,
1132,1/3/2015 23:00,0.121,,,,
1133,1/4/2015 1:00,0.121,,,,
1134,1/4/2015 3:00,0.121,,,,
1135,1/4/2015 5:00,0.121,,,,
1136,1/4/2015 7:00,0.121,,,,
1137,1/4/2015 9:00,0.121,,,,
1138,1/4/2015 11:00,0.121,,,,
1139,1/4/2015 13:00,0.121,,,,
1140,1/4/2015 15:00,0.121,,,,
1141,1/4/2015 17:00,0.121,,,,
1142,1/4/2015 19:00,0.121,,,,
1143,1/4/2015 21:00,0.121,,,,
1144,1/4/2015 23:00,0.121,,,,
1145,1/5/2015 1:00,0.121,,,,
1146,1/5/2015 3:00,0.121,,,,
1147,1/5/2015 5:00,0.121,,,,
1148,1/5/2015 7:00,0.121,,,,
1149,1/5/2015 9:00,0.121,,,,
1150,1/5/2015 11:00,0.121,,,,
1151,1/5/2015 13:00,0.121,,,,
1152,1/5/2015 15:00,0.121,,,,
1153,1/5/2015 17:00,0.121,,,,
1154,1/5/2015 19:00,0.121,,,,
1155,1/5/2015 21:00,0.121,,,,
1156,1/5/2015 23:00,0.121,,,,
1157,1/6/2015 1:00,0.121,,,,
1158,1/6/2015 3:00,0.121,,,,
1159,1/6/2015 5:00,0.121,,,,
1160,1/6/2015 7:00,0.121,,,,
1161,1/6/2015 9:00,0.121,,,,
1162,1/6/2015 11:00,0.121,,,,
1163,1/6/2015 13:00,0.121,,,,
1164,1/6/2015 15:00,0.121,,,,
1165,1/6/2015 17:00,0.121,,,,
1166,1/6/2015 19:00,0.121,,,,
1167,1/6/2015 21:00,0.121,,,,
1168,1/6/2015 23:00,0.121,,,,
1169,1/7/2015 1:00,0.121,,,,
1170,1/7/2015 3:00,0.121,,,,
1171,1/7/2015 5:00,0.121,,,,
1172,1/7/2015 7:00,0.121,,,,
1173,1/7/2015 9:00,0.121,,,,
1174,1/7/2015 11:00,0.121,,,,
1175,1/7/2015 13:00,0.121,,,,
1176,1/7/2015 15:00,0.121,,,,
1177,1/7/2015 17:00,0.121,,,,
1178,1/7/2015 19:00,0.121,,,,
1179,1/7/2015 21:00,0.121,,,,
1180,1/7/2015 23:00,0.121,,,,
1181,1/8/2015 1:00,0.121,,,,
1182,1/8/2015 3:00,0.121,,,,
1183,1/8/2015 5:00,0.121,,,,
1184,1/8/2015 7:00,0.121,,,,
1185,1/8/2015 9:00,0.121,,,,
1186,1/8/2015 11:00,0.121,,,,
1187,1/8/2015 13:00,0.121,,,,
1188,1/8/2015 15:00,0.121,,,,
1189,1/8/2015 17:00,0.121,,,,
1190,1/8/2015 19:00,0.121,,,,
1191,1/8/2015 21:00,0.121,,,,
1192,1/8/2015 23:00,0.121,,,,
1193,1/9/2015 1:00,0.121,,,,
1194,1/9/2015 3:00,0.121,,,,
1195,1/9/2015 5:00,0.121,,,,
1196,1/9/2015 7:00,0.121,,,,
1197,1/9/2015 9:00,0.121,,,,
1198,1/9/2015 11:00,0.121,,,,
1199,1/9/2015 13:00,0.121,,,,
1200,1/9/2015 15:00,0.121,,,,
1201,1/9/2015 17:00,0.121,,,,
1202,1/9/2015 19:00,0.121,,,,
1203,1/9/2015 21:00,0.121,,,,
1204,1/9/2015 23:00,0.121,,,,
1205,1/10/2015 1:00,0.121,,,,
1206,1/10/2015 3:00,0.121,,,,
1207,1/10/2015 5:00,0.121,,,,
1208,1/10/2015 7:00,0.121,,,,
1209,1/10/2015 9:00,0.121,,,,
1210,1/10/2015 11:00,0.121,,,,
1211,1/10/2015 13:00,0.121,,,,
1212,1/10/2015 15:00,0.121,,,,
1213,1/10/2015 17:00,0.121,,,,
1214,1/10/2015 19:00,0.121,,,,
1215,1/10/2015 21:00,0.121,,,,
1216,1/10/2015 23:00,0.121,,,,
1217,1/11/2015 1:00,0.121,,,,
1218,1/11/2015 3:00,0.121,,,,
1219,1/11/2015 5:00,0.121,,,,
1220,1/11/2015 7:00,0.121,,,,
1221,1/11/2015 9:00,0.121,,,,
1222,1/11/2015 11:00,0.121,,,,
1223,1/11/2015 13:00,0.121,,,,
1224,1/11/2015 15:00,0.121,,,,
1225,1/11/2015 17:00,0.121,,,,
1226,1/11/2015 19:00,0.121,,,,
1227,1/11/2015 21:00,0.121,,,,
1228,1/11/2015 23:00,0.121,,,,
1229,1/12/2015 1:00,0.121,,,,
1230,1/12/2015 3:00,0.121,,,,
1231,1/12/2015 5:00,0.121,,,,
1232,1/12/2015 7:00,0.121,,,,
1233,1/12/2015 9:00,0.121,,,,
1234,1/12/2015 11:00,0.121,,,,
1235,1/12/2015 13:00,0.121,,,,
1236,1/12/2015 15:00,0.121,,,,
1237,1/12/2015 17:00,0.121,,,,
1238,1/12/2015 19:00,0.121,,,,
1239,1/12/2015 21:00,0.121,,,,
1240,1/12/2015 23:00,0.121,,,,
1241,1/13/2015 1:00,0.121,,,,
1242,1/13/2015 3:00,0.121,,,,
1243,1/13/2015 5:00,0.121,,,,
1244,1/13/2015 7:00,0.121,,,,
1245,1/13/2015 9:00,0.121,,,,
1246,1/13/2015 11:00,0.121,,,,
1247,1/13/2015 13:00,0.121,,,,
1248,1/13/2015 15:00,0.121,,,,
1249,1/13/2015 17:00,0.121,,,,
1250,1/13/2015 19:00,0.121,,,,
1251,1/13/2015 21:00,0.121,,,,
1252,1/13/2015 23:00,0.121,,,,
1253,1/14/2015 1:00,0.121,,,,
1254,1/14/2015 3:00,0.121,,,,
1255,1/14/2015 5:00,0.121,,,,
1256,1/14/2015 7:00,0.121,,,,
1257,1/14/2015 9:00,0.121,,,,
1258,1/14/2015 11:00,0.121,,,,
1259,1/14/2015 13:00,0.121,,,,
1260,1/14/2015 15:00,0.121,,,,
1261,1/14/2015 17:00,0.121,,,,
1262,1/14/2015 19:00,0.121,,,,
1263,1/14/2015 21:00,0.121,,,,
1264,1/14/2015 23:00,0.121,,,,
1265,1/15/2015 1:00,0.121,,,,
1266,1/15/2015 3:00,0.121,,,,
1267,1/15/2015 5:00,0.121,,,,
1268,1/15/2015 7:00,0.121,,,,
1269,1/15/2015 9:00,0.121,,,,
1270,1/15/2015 11:00,0.121,,,,
1271,1/15/2015 13:00,0.121,,,,
1272,1/15/2015 15:00,0.121,,,,
1273,1/15/2015 17:00,0.121,,,,
1274,1/15/2015 19:00,0.121,,,,
1275,1/15/2015 21:00,0.121,,,,
1276,1/15/2015 23:00,0.121,,,,
1277,1/16/2015 1:00,0.121,,,,
1278,1/16/2015 3:00,0.121,,,,
1279,1/16/2015 5:00,0.121,,,,
1280,1/16/2015 7:00,0.121,,,,
1281,1/16/2015 9:00,0.121,,,,
1282,1/16/2015 11:00,0.121,,,,
1283,1/16/2015 13:00,0.121,,,,
1284,1/16/2015 15:00,0.121,,,,
1285,1/16/2015 17:00,0.121,,,,
1286,1/16/2015 19:00,0.121,,,,
1287,1/16/2015 21:00,0.121,,,,
1288,1/16/2015 23:00,0.121,,,,
1289,1/17/2015 1:00,0.121,,,,
1290,1/17/2015 3:00,0.121,,,,
1291,1/17/2015 5:00,0.121,,,,
1292,1/17/2015 7:00,0.121,,,,
1293,1/17/2015 9:00,0.121,,,,
1294,1/17/2015 11:00,0.121,,,,
1295,1/17/2015 13:00,0.121,,,,
1296,1/17/2015 15:00,0.121,,,,
1297,1/17/2015 17:00,0.121,,,,
1298,1/17/2015 19:00,0.121,,,,
1299,1/17/2015 21:00,0.121,,,,
1300,1/17/2015 23:00,0.121,,,,
1301,1/18/2015 1:00,0.121,,,,
1302,1/18/2015 3:00,0.121,,,,
1303,1/18/2015 5:00,0.121,,,,
1304,1/18/2015 7:00,0.121,,,,
1305,1/18/2015 9:00,0.121,,,,
1306,1/18/2015 11:00,0.121,,,,
1307,1/18/2015 13:00,0.121,,,,
1308,1/18/2015 15:00,0.121,,,,
1309,1/18/2015 17:00,0.121,,,,
1310,1/18/2015 19:00,0.121,,,,
1311,1/18/2015 21:00,0.121,,,,
1312,1/18/2015 23:00,0.121,,,,
1313,1/19/2015 1:00,0.121,,,,
1314,1/19/2015 3:00,0.121,,,,
1315,1/19/2015 5:00,0.121,,,,
1316,1/19/2015 7:00,0.121,,,,
1317,1/19/2015 9:00,0.121,,,,
1318,1/19/2015 11:00,0.121,,,,
1319,1/19/2015 13:00,0.121,,,,
1320,1/19/2015 15:00,0.121,,,,
1321,1/19/2015 17:00,0.121,,,,
1322,1/19/2015 19:00,0.121,,,,
1323,1/19/2015 21:00,0.121,,,,
1324,1/19/2015 23:00,0.121,,,,
1325,1/20/2015 1:00,0.121,,,,
1326,1/20/2015 3:00,0.121,,,,
1327,1/20/2015 5:00,0.121,,,,
1328,1/20/2015 7:00,0.121,,,,
1329,1/20/2015 9:00,0.121,,,,
1330,1/20/2015 11:00,0.121,,,,
1331,1/20/2015 13:00,0.121,,,,
1332,1/20/2015 15:00,0.121,,,,
1333,1/20/2015 17:00,0.121,,,,
1334,1/20/2015 19:00,0.121,,,,
1335,1/20/2015 21:00,0.121,,,,
1336,1/20/2015 23:00,0.121,,,,
1337,1/21/2015 1:00,0.121,,,,
1338,1/21/2015 3:00,0.121,,,,
1339,1/21/2015 5:00,0.121,,,,
1340,1/21/2015 7:00,0.121,,,,
1341,1/21/2015 9:00,0.121,,,,
1342,1/21/2015 11:00,0.121,,,,
1343,1/21/2015 13:00,0.121,,,,
1344,1/21/2015 15:00,0.121,,,,
1345,1/21/2015 17:00,0.121,,,,
1346,1/21/2015 19:00,0.121,,,,
1347,1/21/2015 21:00,0.121,,,,
1348,1/21/2015 23:00,0.121,,,,
1349,1/22/2015 1:00,0.121,,,,
1350,1/22/2015 3:00,0.121,,,,
1351,1/22/2015 5:00,0.121,,,,
1352,1/22/2015 7:00,0.121,,,,
1353,1/22/2015 9:00,0.121,,,,
1354,1/22/2015 11:00,0.121,,,,
1355,1/22/2015 13:00,0.121,,,,
1356,1/22/2015 15:00,0.121,,,,
1357,1/22/2015 17:00,0.121,,,,
1358,1/22/2015 19:00,0.121,,,,
1359,1/22/2015 21:00,0.121,,,,
1360,1/22/2015 23:00,0.121,,,,
1361,1/23/2015 1:00,0.121,,,,
1362,1/23/2015 3:00,0.121,,,,
1363,1/23/2015 5:00,0.121,,,,
1364,1/23/2015 7:00,0.121,,,,
1365,1/23/2015 9:00,0.121,,,,
1366,1/23/2015 11:00,0.121,,,,
1367,1/23/2015 13:00,0.121,,,,
1368,1/23/2015 15:00,0.121,,,,
1369,1/23/2015 17:00,0.121,,,,
1370,1/23/2015 19:00,0.121,,,,
1371,1/23/2015 21:00,0.121,,,,
1372,1/23/2015 23:00,0.121,,,,
1373,1/24/2015 1:00,0.121,,,,
1374,1/24/2015 3:00,0.121,,,,
1375,1/24/2015 5:00,0.121,,,,
1376,1/24/2015 7:00,0.121,,,,
1377,1/24/2015 9:00,0.121,,,,
1378,1/24/2015 11:00,0.121,,,,
1379,1/24/2015 13:00,0.121,,,,
1380,1/24/2015 15:00,0.121,,,,
1381,1/24/2015 17:00,0.121,,,,
1382,1/24/2015 19:00,0.121,,,,
1383,1/24/2015 21:00,0.121,,,,
1384,1/24/2015 23:00,0.121,,,,
1385,1/25/2015 1:00,0.121,,,,
1386,1/25/2015 3:00,0.121,,,,
1387,1/25/2015 5:00,0.121,,,,
1388,1/25/2015 7:00,0.121,,,,
1389,1/25/2015 9:00,0.121,,,,
1390,1/25/2015 11:00,0.121,,,,
1391,1/25/2015 13:00,0.121,,,,
1392,1/25/2015 15:00,0.121,,,,
1393,1/25/2015 17:00,0.121,,,,
1394,1/25/2015 19:00,0.121,,,,
1395,1/25/2015 21:00,0.121,,,,
1396,1/25/2015 23:00,0.121,,,,
1397,1/26/2015 1:00,0.121,,,,
1398,1/26/2015 3:00,0.121,,,,
1399,1/26/2015 5:00,0.121,,,,
1400,1/26/2015 7:00,0.121,,,,
1401,1/26/2015 9:00,0.121,,,,
1402,1/26/2015 11:00,0.121,,,,
1403,1/26/2015 13:00,0.121,,,,
1404,1/26/2015 15:00,0.121,,,,
1405,1/26/2015 17:00,0.121,,,,
1406,1/26/2015 19:00,0.121,,,,
1407,1/26/2015 21:00,0.121,,,,
1408,1/26/2015 23:00,0.121,,,,
1409,1/27/2015 1:00,0.121,,,,
1410,1/27/2015 3:00,0.121,,,,
1411,1/27/2015 5:00,0.121,,,,
1412,1/27/2015 7:00,0.121,,,,
1413,1/27/2015 9:00,0.121,,,,
1414,1/27/2015 11:00,0.121,,,,
1415,1/27/2015 13:00,0.121,,,,
1416,1/27/2015 15:00,0.121,,,,
1417,1/27/2015 17:00,0.121,,,,
1418,1/27/2015 19:00,0.121,,,,
1419,1/27/2015 21:00,0.121,,,,
1420,1/27/2015 23:00,0.121,,,,
1421,1/28/2015 1:00,0.121,,,,
1422,1/28/2015 3:00,0.121,,,,
1423,1/28/2015 5:00,0.121,,,,
1424,1/28/2015 7:00,0.121,,,,
1425,1/28/2015 9:00,0.121,,,,
1426,1/28/2015 11:00,0.121,,,,
1427,1/28/2015 13:00,0.121,,,,
1428,1/28/2015 15:00,0.121,,,,
1429,1/28/2015 17:00,0.121,,,,
1430,1/28/2015 19:00,0.121,,,,
1431,1/28/2015 21:00,0.121,,,,
1432,1/28/2015 23:00,0.121,,,,
1433,1/29/2015 1:00,0.121,,,,
1434,1/29/2015 3:00,0.121,,,,
1435,1/29/2015 5:00,0.121,,,,
1436,1/29/2015 7:00,0.121,,,,
1437,1/29/2015 9:00,0.121,,,,
1438,1/29/2015 11:00,0.121,,,,
1439,1/29/2015 13:00,0.121,,,,
1440,1/29/2015 15:00,0.121,,,,
1441,1/29/2015 17:00,0.121,,,,
1442,1/29/2015 19:00,0.121,,,,
1443,1/29/2015 21:00,0.121,,,,
1444,1/29/2015 23:00,0.121,,,,
1445,1/30/2015 1:00,0.121,,,,
1446,1/30/2015 3:00,0.121,,,,
1447,1/30/2015 5:00,0.121,,,,
1448,1/30/2015 7:00,0.121,,,,
1449,1/30/2015 9:00,0.121,,,,
1450,1/30/2015 11:00,0.121,,,,
1451,1/30/2015 13:00,0.121,,,,
1452,1/30/2015 15:00,0.121,,,,
1453,1/30/2015 17:00,0.121,,,,
1454,1/30/2015 19:00,0.121,,,,
1455,1/30/2015 21:00,0.121,,,,
1456,1/30/2015 23:00,0.121,,,,
1457,1/31/2015 1:00,0.121,,,,
1458,1/31/2015 3:00,0.121,,,,
1459,1/31/2015 5:00,0.121,,,,
1460,1/31/2015 7:00,0.121,,,,
1461,1/31/2015 9:00,0.121,,,,
1462,1/31/2015 11:00,0.121,,,,
1463,1/31/2015 13:00,0.121,,,,
1464,1/31/2015 15:00,0.121,,,,
1465,1/31/2015 17:00,0.121,,,,
1466,1/31/2015 19:00,0.121,,,,
1467,1/31/2015 21:00,0.121,,,,
1468,1/31/2015 23:00,0.121,,,,
1469,2/1/2015 1:00,0.121,,,,
1470,2/1/2015 3:00,0.121,,,,
1471,2/1/2015 5:00,0.121,,,,
1472,2/1/2015 7:00,0.121,,,,
1473,2/1/2015 9:00,0.121,,,,
1474,2/1/2015 11:00,0.121,,,,
1475,2/1/2015 13:00,0.121,,,,
1476,2/1/2015 15:00,0.121,,,,
1477,2/1/2015 17:00,0.121,,,,
1478,2/1/2015 19:00,0.121,,,,
1479,2/1/2015 21:00,0.121,,,,
1480,2/1/2015 23:00,0.121,,,,
1481,2/2/2015 1:00,0.121,,,,
1482,2/2/2015 3:00,0.121,,,,
1483,2/2/2015 5:00,0.121,,,,
1484,2/2/2015 7:00,0.121,,,,
1485,2/2/2015 9:00,0.121,,,,
1486,2/2/2015 11:00,0.121,,,,
1487,2/2/2015 13:00,0.121,,,,
1488,2/2/2015 15:00,0.121,,,,
1489,2/2/2015 17:00,0.121,,,,
1490,2/2/2015 19:00,0.121,,,,
1491,2/2/2015 21:00,0.121,,,,
1492,2/2/2015 23:00,0.121,,,,
1493,2/3/2015 1:00,0.121,,,,
1494,2/3/2015 3:00,0.121,,,,
1495,2/3/2015 5:00,0.121,,,,
1496,2/3/2015 7:00,0.121,,,,
1497,2/3/2015 9:00,0.121,,,,
1498,2/3/2015 11:00,0.121,,,,
1499,2/3/2015 13:00,0.121,,,,
1500,2/3/2015 15:00,0.121,,,,
1501,2/3/2015 17:00,0.121,,,,
1502,2/3/2015 19:00,0.121,,,,
1503,2/3/2015 21:00,0.121,,,,
1504,2/3/2015 23:00,0.121,,,,
1505,2/4/2015 1:00,0.121,,,,
1506,2/4/2015 3:00,0.121,,,,
1507,2/4/2015 5:00,0.121,,,,
1508,2/4/2015 7:00,0.121,,,,
1509,2/4/2015 9:00,0.121,,,,
1510,2/4/2015 11:00,0.121,,,,
1511,2/4/2015 13:00,0.121,,,,
1512,2/4/2015 15:00,0.121,,,,
1513,2/4/2015 17:00,0.121,,,,
1514,2/4/2015 19:00,0.121,,,,
1515,2/4/2015 21:00,0.121,,,,
1516,2/4/2015 23:00,0.121,,,,
1517,2/5/2015 1:00,0.121,,,,
1518,2/5/2015 3:00,0.121,,,,
1519,2/5/2015 5:00,0.121,,,,
1520,2/5/2015 7:00,0.121,,,,
1521,2/5/2015 9:00,0.121,,,,
1522,2/5/2015 11:00,0.121,,,,
1523,2/5/2015 13:00,0.121,,,,
1524,2/5/2015 15:00,0.121,,,,
1525,2/5/2015 17:00,0.121,,,,
1526,2/5/2015 19:00,0.121,,,,
1527,2/5/2015 21:00,0.121,,,,
1528,2/5/2015 23:00,0.121,,,,
1529,2/6/2015 1:00,0.121,,,,
1530,2/6/2015 3:00,0.121,,,,
1531,2/6/2015 5:00,0.121,,,,
1532,2/6/2015 7:00,0.121,,,,
1533,2/6/2015 9:00,0.121,,,,
1534,2/6/2015 11:00,0.121,,,,
1535,2/6/2015 13:00,0.121,,,,
1536,2/6/2015 15:00,0.121,,,,
1537,2/6/2015 17:00,0.121,,,,
1538,2/6/2015 19:00,0.121,,,,
1539,2/6/2015 21:00,0.121,,,,
1540,2/6/2015 23:00,0.121,,,,
1541,2/7/2015 1:00,0.121,,,,
1542,2/7/2015 3:00,0.121,,,,
1543,2/7/2015 5:00,0.121,,,,
1544,2/7/2015 7:00,0.121,,,,
1545,2/7/2015 9:00,0.121,,,,
1546,2/7/2015 11:00,0.121,,,,
1547,2/7/2015 13:00,0.121,,,,
1548,2/7/2015 15:00,0.121,,,,
1549,2/7/2015 17:00,0.121,,,,
1550,2/7/2015 19:00,0.121,,,,
1551,2/7/2015 21:00,0.121,,,,
1552,2/7/2015 23:00,0.121,,,,
1553,2/8/2015 1:00,0.121,,,,
1554,2/8/2015 3:00,0.121,,,,
1555,2/8/2015 5:00,0.121,,,,
1556,2/8/2015 7:00,0.121,,,,
1557,2/8/2015 9:00,0.121,,,,
1558,2/8/2015 11:00,0.121,,,,
1559,2/8/2015 13:00,0.121,,,,
1560,2/8/2015 15:00,0.121,,,,
1561,2/8/2015 17:00,0.121,,,,
1562,2/8/2015 19:00,0.121,,,,
1563,2/8/2015 21:00,0.121,,,,
1564,2/8/2015 23:00,0.121,,,,
1565,2/9/2015 1:00,0.121,,,,
1566,2/9/2015 3:00,0.121,,,,
1567,2/9/2015 5:00,0.121,,,,
1568,2/9/2015 7:00,0.121,,,,
1569,2/9/2015 9:00,0.121,,,,
1570,2/9/2015 11:00,0.121,,,,
1571,2/9/2015 13:00,0.121,,,,
1572,2/9/2015 15:00,0.121,,,,
1573,2/9/2015 17:00,0.121,,,,
1574,2/9/2015 19:00,0.121,,,,
1575,2/9/2015 21:00,0.121,,,,
1576,2/9/2015 23:00,0.121,,,,
1577,2/10/2015 1:00,0.121,,,,
1578,2/10/2015 3:00,0.121,,,,
1579,2/10/2015 5:00,0.121,,,,
1580,2/10/2015 7:00,0.121,,,,
1581,2/10/2015 9:00,0.121,,,,
1582,2/10/2015 11:00,0.121,,,,
1583,2/10/2015 13:00,0.121,,,,
1584,2/10/2015 15:00,0.121,,,,
1585,2/10/2015 17:00,0.121,,,,
1586,2/10/2015 19:00,0.121,,,,
1587,2/10/2015 21:00,0.121,,,,
1588,2/10/2015 23:00,0.121,,,,
1589,2/11/2015 1:00,0.121,,,,
1590,2/11/2015 3:00,0.121,,,,
1591,2/11/2015 5:00,0.121,,,,
1592,2/11/2015 7:00,0.121,,,,
1593,2/11/2015 9:00,0.121,,,,
1594,2/11/2015 11:00,0.121,,,,
1595,2/11/2015 13:00,0.121,,,,
1596,2/11/2015 15:00,0.121,,,,
1597,2/11/2015 17:00,0.121,,,,
1598,2/11/2015 19:00,0.121,,,,
1599,2/11/2015 21:00,0.121,,,,
1600,2/11/2015 23:00,0.121,,,,
1601,2/12/2015 1:00,0.121,,,,
1602,2/12/2015 3:00,0.121,,,,
1603,2/12/2015 5:00,0.121,,,,
1604,2/12/2015 7:00,0.121,,,,
1605,2/12/2015 9:00,0.121,,,,
1606,2/12/2015 11:00,0.121,,,,
1607,2/12/2015 13:00,0.121,,,,
1608,2/12/2015 15:00,0.121,,,,
1609,2/12/2015 17:00,0.121,,,,
1610,2/12/2015 19:00,0.121,,,,
1611,2/12/2015 21:00,0.121,,,,
1612,2/12/2015 23:00,0.121,,,,
1613,2/13/2015 1:00,0.121,,,,
1614,2/13/2015 3:00,0.121,,,,
1615,2/13/2015 5:00,0.121,,,,
1616,2/13/2015 7:00,0.121,,,,
1617,2/13/2015 9:00,0.121,,,,
1618,2/13/2015 11:00,0.121,,,,
1619,2/13/2015 13:00,0.121,,,,
1620,2/13/2015 15:00,0.121,,,,
1621,2/13/2015 17:00,0.121,,,,
1622,2/13/2015 19:00,0.121,,,,
1623,2/13/2015 21:00,0.121,,,,
1624,2/13/2015 23:00,0.121,,,,
1625,2/14/2015 1:00,0.121,,,,
1626,2/14/2015 3:00,0.121,,,,
1627,2/14/2015 5:00,0.121,,,,
1628,2/14/2015 7:00,0.121,,,,
1629,2/14/2015 9:00,0.121,,,,
1630,2/14/2015 11:00,0.121,,,,
1631,2/14/2015 13:00,0.121,,,,
1632,2/14/2015 15:00,0.121,,,,
1633,2/14/2015 17:00,0.121,,,,
1634,2/14/2015 19:00,0.121,,,,
1635,2/14/2015 21:00,0.121,,,,
1636,2/14/2015 23:00,0.121,,,,
1637,2/15/2015 1:00,0.121,,,,
1638,2/15/2015 3:00,0.121,,,,
1639,2/15/2015 5:00,0.121,,,,
1640,2/15/2015 7:00,0.121,,,,
1641,2/15/2015 9:00,0.121,,,,
1642,2/15/2015 11:00,0.121,,,,
1643,2/15/2015 13:00,0.121,,,,
1644,2/15/2015 15:00,0.121,,,,
1645,2/15/2015 17:00,0.121,,,,
1646,2/15/2015 19:00,0.121,,,,
1647,2/15/2015 21:00,0.121,,,,
1648,2/15/2015 23:00,0.121,,,,
1649,2/16/2015 1:00,0.121,,,,
1650,2/16/2015 3:00,0.121,,,,
1651,2/16/2015 5:00,0.121,,,,
1652,2/16/2015 7:00,0.121,,,,
1653,2/16/2015 9:00,0.121,,,,
1654,2/16/2015 11:00,0.121,,,,
1655,2/16/2015 13:00,0.121,,,,
1656,2/16/2015 15:00,0.121,,,,
1657,2/16/2015 17:00,0.121,,,,
1658,2/16/2015 19:00,0.121,,,,
1659,2/16/2015 21:00,0.121,,,,
1660,2/16/2015 23:00,0.121,,,,
1661,2/17/2015 1:00,0.121,,,,
1662,2/17/2015 3:00,0.121,,,,
1663,2/17/2015 5:00,0.121,,,,
1664,2/17/2015 7:00,0.121,,,,
1665,2/17/2015 9:00,0.121,,,,
1666,2/17/2015 11:00,0.121,,,,
1667,2/17/2015 13:00,0.121,,,,
1668,2/17/2015 15:00,0.121,,,,
1669,2/17/2015 17:00,0.121,,,,
1670,2/17/2015 19:00,0.121,,,,
1671,2/17/2015 21:00,0.121,,,,
1672,2/17/2015 23:00,0.121,,,,
1673,2/18/2015 1:00,0.121,,,,
1674,2/18/2015 3:00,0.121,,,,
1675,2/18/2015 5:00,0.121,,,,
1676,2/18/2015 7:00,0.121,,,,
1677,2/18/2015 9:00,0.121,,,,
1678,2/18/2015 11:00,0.121,,,,
1679,2/18/2015 13:00,0.121,,,,
1680,2/18/2015 15:00,0.121,,,,
1681,2/18/2015 17:00,0.121,,,,
1682,2/18/2015 19:00,0.121,,,,
1683,2/18/2015 21:00,0.121,,,,
1684,2/18/2015 23:00,0.121,,,,
1685,2/19/2015 1:00,0.121,,,,
1686,2/19/2015 3:00,0.121,,,,
1687,2/19/2015 5:00,0.121,,,,
1688,2/19/2015 7:00,0.121,,,,
1689,2/19/2015 9:00,0.121,,,,
1690,2/19/2015 11:00,0.121,,,,
1691,2/19/2015 13:00,0.121,,,,
1692,2/19/2015 15:00,0.121,,,,
1693,2/19/2015 17:00,0.121,,,,
1694,2/19/2015 19:00,0.121,,,,
1695,2/19/2015 21:00,0.121,,,,
1696,2/19/2015 23:00,0.121,,,,
1697,2/20/2015 1:00,0.121,,,,
1698,2/20/2015 3:00,0.121,,,,
1699,2/20/2015 5:00,0.121,,,,
1700,2/20/2015 7:00,0.121,,,,
1701,2/20/2015 9:00,0.121,,,,
1702,2/20/2015 11:00,0.121,,,,
1703,2/20/2015 13:00,0.121,,,,
1704,2/20/2015 15:00,0.121,,,,
1705,2/20/2015 17:00,0.121,,,,
1706,2/20/2015 19:00,0.121,,,,
1707,2/20/2015 21:00,0.121,,,,
1708,2/20/2015 23:00,0.121,,,,
1709,2/21/2015 1:00,0.121,,,,
1710,2/21/2015 3:00,0.121,,,,
1711,2/21/2015 5:00,0.121,,,,
1712,2/21/2015 7:00,0.121,,,,
1713,2/21/2015 9:00,0.121,,,,
1714,2/21/2015 11:00,0.121,,,,
1715,2/21/2015 13:00,0.121,,,,
1716,2/21/2015 15:00,0.121,,,,
1717,2/21/2015 17:00,0.121,,,,
1718,2/21/2015 19:00,0.121,,,,
1719,2/21/2015 21:00,0.121,,,,
1720,2/21/2015 23:00,0.121,,,,
1721,2/22/2015 1:00,0.121,,,,
1722,2/22/2015 3:00,0.121,,,,
1723,2/22/2015 5:00,0.121,,,,
1724,2/22/2015 7:00,0.121,,,,
1725,2/22/2015 9:00,0.121,,,,
1726,2/22/2015 11:00,0.121,,,,
1727,2/22/2015 13:00,0.121,,,,
1728,2/22/2015 15:00,0.121,,,,
1729,2/22/2015 17:00,0.121,,,,
1730,2/22/2015 19:00,0.121,,,,
1731,2/22/2015 21:00,0.121,,,,
1732,2/22/2015 23:00,0.121,,,,
1733,2/23/2015 1:00,0.121,,,,
1734,2/23/2015 3:00,0.121,,,,
1735,2/23/2015 5:00,0.121,,,,
1736,2/23/2015 7:00,0.121,,,,
1737,2/23/2015 9:00,0.121,,,,
1738,2/23/2015 11:00,0.121,,,,
1739,2/23/2015 13:00,0.121,,,,
1740,2/23/2015 15:00,0.121,,,,
1741,2/23/2015 17:00,0.121,,,,
1742,2/23/2015 19:00,0.121,,,,
1743,2/23/2015 21:00,0.121,,,,
1744,2/23/2015 23:00,0.121,,,,
1745,2/24/2015 1:00,0.121,,,,
1746,2/24/2015 3:00,0.121,,,,
1747,2/24/2015 5:00,0.121,,,,
1748,2/24/2015 7:00,0.121,,,,
1749,2/24/2015 9:00,0.121,,,,
1750,2/24/2015 11:00,0.121,,,,
1751,2/24/2015 13:00,0.121,,,,
1752,2/24/2015 15:00,0.121,,,,
1753,2/24/2015 17:00,0.121,,,,
1754,2/24/2015 19:00,0.121,,,,
1755,2/24/2015 21:00,0.121,,,,
1756,2/24/2015 23:00,0.121,,,,
1757,2/25/2015 1:00,0.121,,,,
1758,2/25/2015 3:00,0.121,,,,
1759,2/25/2015 5:00,0.121,,,,
1760,2/25/2015 7:00,0.121,,,,
1761,2/25/2015 9:00,0.121,,,,
1762,2/25/2015 11:00,0.121,,,,
1763,2/25/2015 13:00,0.121,,,,
1764,2/25/2015 15:00,0.121,,,,
1765,2/25/2015 17:00,0.121,,,,
1766,2/25/2015 19:00,0.121,,,,
1767,2/25/2015 21:00,0.121,,,,
1768,2/25/2015 23:00,0.121,,,,
1769,2/26/2015 1:00,0.121,,,,
1770,2/26/2015 3:00,0.121,,,,
1771,2/26/2015 5:00,0.121,,,,
1772,2/26/2015 7:00,0.121,,,,
1773,2/26/2015 9:00,0.121,,,,
1774,2/26/2015 11:00,0.121,,,,
1775,2/26/2015 13:00,0.121,,,,
1776,2/26/2015 15:00,0.121,,,,
1777,2/26/2015 17:00,0.121,,,,
1778,2/26/2015 19:00,0.121,,,,
1779,2/26/2015 21:00,0.121,,,,
1780,2/26/2015 23:00,0.121,,,,
1781,2/27/2015 1:00,0.121,,,,
1782,2/27/2015 3:00,0.121,,,,
1783,2/27/2015 5:00,0.121,,,,
1784,2/27/2015 7:00,0.121,,,,
1785,2/27/2015 9:00,0.121,,,,
1786,2/27/2015 11:00,0.121,,,,
1787,2/27/2015 13:00,0.121,,,,
1788,2/27/2015 15:00,0.121,,,,
1789,2/27/2015 17:00,0.121,,,,
1790,2/27/2015 19:00,0.121,,,,
1791,2/27/2015 21:00,0.121,,,,
1792,2/27/2015 23:00,0.121,,,,
1793,2/28/2015 1:00,0.121,,,,
1794,2/28/2015 3:00,0.121,,,,
1795,2/28/2015 5:00,0.121,,,,
1796,2/28/2015 7:00,0.121,,,,
1797,2/28/2015 9:00,0.121,,,,
1798,2/28/2015 11:00,0.121,,,,
1799,2/28/2015 13:00,0.121,,,,
1800,2/28/2015 15:00,0.121,,,,
1801,2/28/2015 17:00,0.121,,,,
1802,2/28/2015 19:00,0.121,,,,
1803,2/28/2015 21:00,0.121,,,,
1804,2/28/2015 23:00,0.121,,,,
1805,3/1/2015 1:00,0.121,,,,
1806,3/1/2015 3:00,0.121,,,,
1807,3/1/2015 5:00,0.121,,,,
1808,3/1/2015 7:00,0.121,,,,
1809,3/1/2015 9:00,0.121,,,,
1810,3/1/2015 11:00,0.121,,,,
1811,3/1/2015 13:00,0.121,,,,
1812,3/1/2015 15:00,0.121,,,,
1813,3/1/2015 17:00,0.121,,,,
1814,3/1/2015 19:00,0.121,,,,
1815,3/1/2015 21:00,0.121,,,,
1816,3/1/2015 23:00,0.121,,,,
1817,3/2/2015 1:00,0.121,,,,
1818,3/2/2015 3:00,0.121,,,,
1819,3/2/2015 5:00,0.121,,,,
1820,3/2/2015 7:00,0.121,,,,
1821,3/2/2015 9:00,0.121,,,,
1822,3/2/2015 11:00,0.121,,,,
1823,3/2/2015 13:00,0.121,,,,
1824,3/2/2015 15:00,0.121,,,,
1825,3/2/2015 17:00,0.121,,,,
1826,3/2/2015 19:00,0.121,,,,
1827,3/2/2015 21:00,0.121,,,,
1828,3/2/2015 23:00,0.121,,,,
1829,3/3/2015 1:00,0.121,,,,
1830,3/3/2015 3:00,0.121,,,,
1831,3/3/2015 5:00,0.121,,,,
1832,3/3/2015 7:00,0.121,,,,
1833,3/3/2015 9:00,0.121,,,,
1834,3/3/2015 11:00,0.121,,,,
1835,3/3/2015 13:00,0.121,,,,
1836,3/3/2015 15:00,0.121,,,,
1837,3/3/2015 17:00,0.121,,,,
1838,3/3/2015 19:00,0.121,,,,
1839,3/3/2015 21:00,0.121,,,,
1840,3/3/2015 23:00,0.121,,,,
1841,3/4/2015 1:00,0.121,,,,
1842,3/4/2015 3:00,0.121,,,,
1843,3/4/2015 5:00,0.121,,,,
1844,3/4/2015 7:00,0.121,,,,
1845,3/4/2015 9:00,0.121,,,,
1846,3/4/2015 11:00,0.121,,,,
1847,3/4/2015 13:00,0.121,,,,
1848,3/4/2015 15:00,0.121,,,,
1849,3/4/2015 17:00,0.121,,,,
1850,3/4/2015 19:00,0.121,,,,
1851,3/4/2015 21:00,0.121,,,,
1852,3/4/2015 23:00,0.121,,,,
1853,3/5/2015 1:00,0.121,,,,
1854,3/5/2015 3:00,0.121,,,,
1855,3/5/2015 5:00,0.121,,,,
1856,3/5/2015 7:00,0.121,,,,
1857,3/5/2015 9:00,0.121,,,,
1858,3/5/2015 11:00,0.121,,,,
1859,3/5/2015 13:00,0.121,,,,
1860,3/5/2015 15:00,0.121,,,,
1861,3/5/2015 17:00,0.121,,,,
1862,3/5/2015 19:00,0.121,,,,
1863,3/5/2015 21:00,0.121,,,,
1864,3/5/2015 23:00,0.121,,,,
1865,3/6/2015 1:00,0.121,,,,
1866,3/6/2015 3:00,0.121,,,,
1867,3/6/2015 5:00,0.121,,,,
1868,3/6/2015 7:00,0.121,,,,
1869,3/6/2015 9:00,0.121,,,,
1870,3/6/2015 11:00,0.121,,,,
1871,3/6/2015 13:00,0.121,,,,
1872,3/6/2015 15:00,0.121,,,,
1873,3/6/2015 17:00,0.121,,,,
1874,3/6/2015 19:00,0.121,,,,
1875,3/6/2015 21:00,0.121,,,,
1876,3/6/2015 23:00,0.121,,,,
1877,3/7/2015 1:00,0.121,,,,
1878,3/7/2015 3:00,0.121,,,,
1879,3/7/2015 5:00,0.121,,,,
1880,3/7/2015 7:00,0.121,,,,
1881,3/7/2015 9:00,0.121,,,,
1882,3/7/2015 11:00,0.121,,,,
1883,3/7/2015 13:00,0.121,,,,
1884,3/7/2015 15:00,0.121,,,,
1885,3/7/2015 17:00,0.121,,,,
1886,3/7/2015 19:00,0.121,,,,
1887,3/7/2015 21:00,0.121,,,,
1888,3/7/2015 23:00,0.121,,,,
1889,3/8/2015 1:00,0.121,,,,
1890,3/8/2015 3:00,0.121,,,,
1891,3/8/2015 5:00,0.121,,,,
1892,3/8/2015 7:00,0.121,,,,
1893,3/8/2015 9:00,0.121,,,,
1894,3/8/2015 11:00,0.121,,,,
1895,3/8/2015 13:00,0.121,,,,
1896,3/8/2015 15:00,0.121,,,,
1897,3/8/2015 17:00,0.121,,,,
1898,3/8/2015 19:00,0.121,,,,
1899,3/8/2015 21:00,0.121,,,,
1900,3/8/2015 23:00,0.121,,,,
1901,3/9/2015 1:00,0.121,,,,
1902,3/9/2015 3:00,0.121,,,,
1903,3/9/2015 5:00,0.121,,,,
1904,3/9/2015 7:00,0.121,,,,
1905,3/9/2015 9:00,0.121,,,,
1906,3/9/2015 11:00,0.121,,,,
1907,3/9/2015 13:00,0.121,,,,
1908,3/9/2015 15:00,0.121,,,,
1909,3/9/2015 17:00,0.121,,,,
1910,3/9/2015 19:00,0.121,,,,
1911,3/9/2015 21:00,0.121,,,,
1912,3/9/2015 23:00,0.121,,,,
1913,3/10/2015 1:00,0.121,,,,
1914,3/10/2015 3:00,0.121,,,,
1915,3/10/2015 5:00,0.121,,,,
1916,3/10/2015 7:00,0.121,,,,
1917,3/10/2015 9:00,0.121,,,,
1918,3/10/2015 11:00,0.121,,,,
1919,3/10/2015 13:00,0.121,,,,
1920,3/10/2015 15:00,0.121,,,,
1921,3/10/2015 17:00,0.121,,,,
1922,3/10/2015 19:00,0.121,,,,
1923,3/10/2015 21:00,0.121,,,,
1924,3/10/2015 23:00,0.121,,,,
1925,3/11/2015 1:00,0.121,,,,
1926,3/11/2015 3:00,0.121,,,,
1927,3/11/2015 5:00,0.121,,,,
1928,3/11/2015 7:00,0.121,,,,
1929,3/11/2015 9:00,0.121,,,,
1930,3/11/2015 11:00,0.121,,,,
1931,3/11/2015 13:00,0.121,,,,
1932,3/11/2015 15:00,0.121,,,,
1933,3/11/2015 17:00,0.121,,,,
1934,3/11/2015 19:00,0.121,,,,
1935,3/11/2015 21:00,0.121,,,,
1936,3/11/2015 23:00,0.121,,,,
1937,3/12/2015 1:00,0.121,,,,
1938,3/12/2015 3:00,0.121,,,,
1939,3/12/2015 5:00,0.121,,,,
1940,3/12/2015 7:00,0.121,,,,
1941,3/12/2015 9:00,0.121,,,,
1942,3/12/2015 11:00,0.121,,,,
1943,3/12/2015 13:00,0.121,,,,
1944,3/12/2015 15:00,0.121,,,,
1945,3/12/2015 17:00,0.121,,,,
1946,3/12/2015 19:00,0.121,,,,
1947,3/12/2015 21:00,0.121,,,,
1948,3/12/2015 23:00,0.121,,,,
1949,3/13/2015 1:00,0.121,,,,
1950,3/13/2015 3:00,0.121,,,,
1951,3/13/2015 5:00,0.121,,,,
1952,3/13/2015 7:00,0.121,,,,
1953,3/13/2015 9:00,0.121,,,,
1954,3/13/2015 11:00,0.121,,,,
1955,3/13/2015 13:00,0.121,,,,
1956,3/13/2015 15:00,0.121,,,,
1957,3/13/2015 17:00,0.121,,,,
1958,3/13/2015 19:00,0.121,,,,
1959,3/13/2015 21:00,0.121,,,,
1960,3/13/2015 23:00,0.121,,,,
1961,3/14/2015 1:00,0.121,,,,
1962,3/14/2015 3:00,0.121,,,,
1963,3/14/2015 5:00,0.121,,,,
1964,3/14/2015 7:00,0.121,,,,
1965,3/14/2015 9:00,0.121,,,,
1966,3/14/2015 11:00,0.121,,,,
1967,3/14/2015 13:00,0.121,,,,
1968,3/14/2015 15:00,0.121,,,,
1969,3/14/2015 17:00,0.121,,,,
1970,3/14/2015 19:00,0.121,,,,
1971,3/14/2015 21:00,0.121,,,,
1972,3/14/2015 23:00,0.121,,,,
1973,3/15/2015 1:00,0.121,,,,
1974,3/15/2015 3:00,0.121,,,,
1975,3/15/2015 5:00,0.121,,,,
1976,3/15/2015 7:00,0.121,,,,
1977,3/15/2015 9:00,0.121,,,,
1978,3/15/2015 11:00,0.121,,,,
1979,3/15/2015 13:00,0.121,,,,
1980,3/15/2015 15:00,0.121,,,,
1981,3/15/2015 17:00,0.121,,,,
1982,3/15/2015 19:00,0.121,,,,
1983,3/15/2015 21:00,0.121,,,,
1984,3/15/2015 23:00,0.121,,,,
1985,3/16/2015 1:00,0.121,,,,
1986,3/16/2015 3:00,0.121,,,,
1987,3/16/2015 5:00,0.121,,,,
1988,3/16/2015 7:00,0.121,,,,
1989,3/16/2015 9:00,0.121,,,,
1990,3/16/2015 11:00,0.121,,,,
1991,3/16/2015 13:00,0.121,,,,
1992,3/16/2015 15:00,0.121,,,,
1993,3/16/2015 17:00,0.121,,,,
1994,3/16/2015 19:00,0.121,,,,
1995,3/16/2015 21:00,0.121,,,,
1996,3/16/2015 23:00,0.121,,,,
1997,3/17/2015 1:00,0.121,,,,
1998,3/17/2015 3:00,0.121,,,,
1999,3/17/2015 5:00,0.121,,,,
2000,3/17/2015 7:00,0.121,,,,
2001,3/17/2015 9:00,0.121,,,,
2002,3/17/2015 11:00,0.121,,,,
2003,3/17/2015 13:00,0.121,,,,
2004,3/17/2015 15:00,0.121,,,,
2005,3/17/2015 17:00,0.121,,,,
2006,3/17/2015 19:00,0.121,,,,
2007,3/17/2015 21:00,0.121,,,,
2008,3/17/2015 23:00,0.121,,,,
2009,3/18/2015 1:00,0.121,,,,
2010,3/18/2015 3:00,0.121,,,,
2011,3/18/2015 5:00,0.121,,,,
2012,3/18/2015 7:00,0.121,,,,
2013,3/18/2015 9:00,0.121,,,,
2014,3/18/2015 11:00,0.121,,,,
2015,3/18/2015 13:00,0.121,,,,
2016,3/18/2015 15:00,0.121,,,,
2017,3/18/2015 17:00,0.121,,,,
2018,3/18/2015 19:00,0.121,,,,
2019,3/18/2015 21:00,0.121,,,,
2020,3/18/2015 23:00,0.121,,,,
2021,3/19/2015 1:00,0.121,,,,
2022,3/19/2015 3:00,0.121,,,,
2023,3/19/2015 5:00,0.121,,,,
2024,3/19/2015 7:00,0.121,,,,
2025,3/19/2015 9:00,0.121,,,,
2026,3/19/2015 11:00,0.121,,,,
2027,3/19/2015 13:00,0.121,,,,
2028,3/19/2015 15:00,0.121,,,,
2029,3/19/2015 17:00,0.121,,,,
2030,3/19/2015 19:00,0.121,,,,
2031,3/19/2015 21:00,0.121,,,,
2032,3/19/2015 23:00,0.121,,,,
2033,3/20/2015 1:00,0.121,,,,
2034,3/20/2015 3:00,0.121,,,,
2035,3/20/2015 5:00,0.121,,,,
2036,3/20/2015 7:00,0.121,,,,
2037,3/20/2015 9:00,0.121,,,,
2038,3/20/2015 11:00,0.121,,,,
2039,3/20/2015 13:00,0.121,,,,
2040,3/20/2015 15:00,0.121,,,,
2041,3/20/2015 17:00,0.121,,,,
2042,3/20/2015 19:00,0.121,,,,
2043,3/20/2015 21:00,0.121,,,,
2044,3/20/2015 23:00,0.121,,,,
2045,3/21/2015 1:00,0.121,,,,
2046,3/21/2015 3:00,0.121,,,,
2047,3/21/2015 5:00,0.121,,,,
2048,3/21/2015 7:00,0.121,,,,
2049,3/21/2015 9:00,0.121,,,,
2050,3/21/2015 11:00,0.121,,,,
2051,3/21/2015 13:00,0.121,,,,
2052,3/21/2015 15:00,0.121,,,,
2053,3/21/2015 17:00,0.121,,,,
2054,3/21/2015 19:00,0.121,,,,
2055,3/21/2015 21:00,0.121,,,,
2056,3/21/2015 23:00,0.121,,,,
2057,3/22/2015 1:00,0.121,,,,
2058,3/22/2015 3:00,0.121,,,,
2059,3/22/2015 5:00,0.121,,,,
2060,3/22/2015 7:00,0.121,,,,
2061,3/22/2015 9:00,0.121,,,,
2062,3/22/2015 11:00,0.121,,,,
2063,3/22/2015 13:00,0.121,,,,
2064,3/22/2015 15:00,0.121,,,,
2065,3/22/2015 17:00,0.121,,,,
2066,3/22/2015 19:00,0.121,,,,
2067,3/22/2015 21:00,0.121,,,,
2068,3/22/2015 23:00,0.121,,,,
2069,3/23/2015 1:00,0.121,,,,
2070,3/23/2015 3:00,0.121,,,,
2071,3/23/2015 5:00,0.121,,,,
2072,3/23/2015 7:00,0.121,,,,
2073,3/23/2015 9:00,0.121,,,,
2074,3/23/2015 11:00,0.121,,,,
2075,3/23/2015 13:00,0.121,,,,
2076,3/23/2015 15:00,0.121,,,,
2077,3/23/2015 17:00,0.121,,,,
2078,3/23/2015 19:00,0.121,,,,
2079,3/23/2015 21:00,0.121,,,,
2080,3/23/2015 23:00,0.121,,,,
2081,3/24/2015 1:00,0.121,,,,
2082,3/24/2015 3:00,0.121,,,,
2083,3/24/2015 5:00,0.121,,,,
2084,3/24/2015 7:00,0.121,,,,
2085,3/24/2015 9:00,0.121,,,,
2086,3/24/2015 11:00,0.121,,,,
2087,3/24/2015 13:00,0.121,,,,
2088,3/24/2015 15:00,0.121,,,,
2089,3/24/2015 17:00,0.121,,,,
2090,3/24/2015 19:00,0.121,,,,
2091,3/24/2015 21:00,0.121,,,,
2092,3/24/2015 23:00,0.121,,,,
2093,3/25/2015 1:00,0.121,,,,
2094,3/25/2015 3:00,0.121,,,,
2095,3/25/2015 5:00,0.121,,,,
2096,3/25/2015 7:00,0.121,,,,
2097,3/25/2015 9:00,0.121,,,,
2098,3/25/2015 11:00,0.121,,,,
2099,3/25/2015 13:00,0.121,,,,
2100,3/25/2015 15:00,0.121,,,,
2101,3/25/2015 17:00,0.121,,,,
2102,3/25/2015 19:00,0.121,,,,
2103,3/25/2015 21:00,0.121,,,,
2104,3/25/2015 23:00,0.121,,,,
2105,3/26/2015 1:00,0.121,,,,
2106,3/26/2015 3:00,0.121,,,,
2107,3/26/2015 5:00,0.121,,,,
2108,3/26/2015 7:00,0.121,,,,
2109,3/26/2015 9:00,0.121,,,,
2110,3/26/2015 11:00,0.121,,,,
2111,3/26/2015 13:00,0.121,,,,
2112,3/26/2015 15:00,0.121,,,,
2113,3/26/2015 17:00,0.121,,,,
2114,3/26/2015 19:00,0.121,,,,
2115,3/26/2015 21:00,0.121,,,,
2116,3/26/2015 23:00,0.121,,,,
2117,3/27/2015 1:00,0.121,,,,
2118,3/27/2015 3:00,0.121,,,,
2119,3/27/2015 5:00,0.121,,,,
2120,3/27/2015 7:00,0.121,,,,
2121,3/27/2015 9:00,0.121,,,,
2122,3/27/2015 11:00,0.121,,,,
2123,3/27/2015 13:00,0.121,,,,
2124,3/27/2015 15:00,0.121,,,,
2125,3/27/2015 17:00,0.121,,,,
2126,3/27/2015 19:00,0.121,,,,
2127,3/27/2015 21:00,0.121,,,,
2128,3/27/2015 23:00,0.121,,,,
2129,3/28/2015 1:00,0.121,,,,
2130,3/28/2015 3:00,0.121,,,,
2131,3/28/2015 5:00,0.121,,,,
2132,3/28/2015 7:00,0.121,,,,
2133,3/28/2015 9:00,0.121,,,,
2134,3/28/2015 11:00,0.121,,,,
2135,3/28/2015 13:00,0.121,,,,
2136,3/28/2015 15:00,0.121,,,,
2137,3/28/2015 17:00,0.121,,,,
2138,3/28/2015 19:00,0.121,,,,
2139,3/28/2015 21:00,0.121,,,,
2140,3/28/2015 23:00,0.121,,,,
2141,3/29/2015 1:00,0.121,,,,
2142,3/29/2015 3:00,0.121,,,,
2143,3/29/2015 5:00,0.121,,,,
2144,3/29/2015 7:00,0.121,,,,
2145,3/29/2015 9:00,0.121,,,,
2146,3/29/2015 11:00,0.121,,,,
2147,3/29/2015 13:00,0.121,,,,
2148,3/29/2015 15:00,0.121,,,,
2149,3/29/2015 17:00,0.121,,,,
2150,3/29/2015 19:00,0.121,,,,
2151,3/29/2015 21:00,0.121,,,,
2152,3/29/2015 23:00,0.121,,,,
2153,3/30/2015 1:00,0.121,,,,
2154,3/30/2015 3:00,0.121,,,,
2155,3/30/2015 5:00,0.121,,,,
2156,3/30/2015 7:00,0.121,,,,
2157,3/30/2015 9:00,0.121,,,,
2158,3/30/2015 11:00,0.121,,,,
2159,3/30/2015 13:00,0.121,,,,
2160,3/30/2015 15:00,0.121,,,,
2161,3/30/2015 17:00,0.121,,,,
2162,3/30/2015 19:00,0.121,,,,
2163,3/30/2015 21:00,0.121,,,,
2164,3/30/2015 23:00,0.121,,,,
2165,3/31/2015 1:00,0.121,,,,
2166,3/31/2015 3:00,0.121,,,,
2167,3/31/2015 5:00,0.121,,,,
2168,3/31/2015 7:00,0.121,,,,
2169,3/31/2015 9:00,0.121,,,,
2170,3/31/2015 11:00,0.121,,,,
2171,3/31/2015 13:00,0.121,,,,
2172,3/31/2015 15:00,0.121,,,,
2173,3/31/2015 17:00,0.121,,,,
2174,3/31/2015 19:00,0.121,,,,
2175,3/31/2015 21:00,0.121,,,,
2176,3/31/2015 23:00,0.121,,,,
2177,4/1/2015 1:00,0.121,,,,
2178,4/1/2015 3:00,0.121,,,,
2179,4/1/2015 5:00,0.121,,,,
2180,4/1/2015 7:00,0.121,,,,
2181,4/1/2015 9:00,0.121,,,,
2182,4/1/2015 11:00,0.121,,,,
2183,4/1/2015 13:00,0.121,,,,
2184,4/1/2015 15:00,0.121,,,,
2185,4/1/2015 17:00,0.121,,,,
2186,4/1/2015 19:00,0.121,,,,
2187,4/1/2015 21:00,0.121,,,,
2188,4/1/2015 23:00,0.121,,,,
2189,4/2/2015 1:00,0.121,,,,
2190,4/2/2015 3:00,0.121,,,,
2191,4/2/2015 5:00,0.121,,,,
2192,4/2/2015 7:00,0.121,,,,
2193,4/2/2015 9:00,0.121,,,,
2194,4/2/2015 11:00,0.121,,,,
2195,4/2/2015 13:00,0.121,,,,
2196,4/2/2015 15:00,0.121,,,,
2197,4/2/2015 17:00,0.121,,,,
2198,4/2/2015 19:00,0.121,,,,
2199,4/2/2015 21:00,0.121,,,,
2200,4/2/2015 23:00,0.121,,,,
2201,4/3/2015 1:00,0.121,,,,
2202,4/3/2015 3:00,0.121,,,,
2203,4/3/2015 5:00,0.121,,,,
2204,4/3/2015 7:00,0.121,,,,
2205,4/3/2015 9:00,0.121,,,,
2206,4/3/2015 11:00,0.121,,,,
2207,4/3/2015 13:00,0.121,,,,
2208,4/3/2015 15:00,0.121,,,,
2209,4/3/2015 17:00,0.121,,,,
2210,4/3/2015 19:00,0.121,,,,
2211,4/3/2015 21:00,0.121,,,,
2212,4/3/2015 23:00,0.121,,,,
2213,4/4/2015 1:00,0.121,,,,
2214,4/4/2015 3:00,0.121,,,,
2215,4/4/2015 5:00,0.121,,,,
2216,4/4/2015 7:00,0.121,,,,
2217,4/4/2015 9:00,0.121,,,,
2218,4/4/2015 11:00,0.121,,,,
2219,4/4/2015 13:00,0.121,,,,
2220,4/4/2015 15:00,0.121,,,,
2221,4/4/2015 17:00,0.121,,,,
2222,4/4/2015 19:00,0.121,,,,
2223,4/4/2015 21:00,0.121,,,,
2224,4/4/2015 23:00,0.121,,,,
2225,4/5/2015 1:00,0.121,,,,
2226,4/5/2015 3:00,0.121,,,,
2227,4/5/2015 5:00,0.121,,,,
2228,4/5/2015 7:00,0.121,,,,
2229,4/5/2015 9:00,0.121,,,,
2230,4/5/2015 11:00,0.121,,,,
2231,4/5/2015 13:00,0.121,,,,
2232,4/5/2015 15:00,0.121,,,,
2233,4/5/2015 17:00,0.121,,,,
2234,4/5/2015 19:00,0.121,,,,
2235,4/5/2015 21:00,0.121,,,,
2236,4/5/2015 23:00,0.121,,,,
2237,4/6/2015 1:00,0.121,,,,
2238,4/6/2015 3:00,0.121,,,,
2239,4/6/2015 5:00,0.121,,,,
2240,4/6/2015 7:00,0.121,,,,
2241,4/6/2015 9:00,0.121,,,,
2242,4/6/2015 11:00,0.121,,,,
2243,4/6/2015 13:00,0.121,,,,
2244,4/6/2015 15:00,0.121,,,,
2245,4/6/2015 17:00,0.121,,,,
2246,4/6/2015 19:00,0.121,,,,
2247,4/6/2015 21:00,0.121,,,,
2248,4/6/2015 23:00,0.121,,,,
2249,4/7/2015 1:00,0.121,,,,
2250,4/7/2015 3:00,0.121,,,,
2251,4/7/2015 5:00,0.121,,,,
2252,4/7/2015 7:00,0.121,,,,
2253,4/7/2015 9:00,0.121,,,,
2254,4/7/2015 11:00,0.121,,,,
2255,4/7/2015 13:00,0.121,,,,
2256,4/7/2015 15:00,0.121,,,,
2257,4/7/2015 17:00,0.121,,,,
2258,4/7/2015 19:00,0.121,,,,
2259,4/7/2015 21:00,0.121,,,,
2260,4/7/2015 23:00,0.121,,,,
2261,4/8/2015 1:00,0.121,,,,
2262,4/8/2015 3:00,0.121,,,,
2263,4/8/2015 5:00,0.121,,,,
2264,4/8/2015 7:00,0.121,,,,
2265,4/8/2015 9:00,0.121,,,,
2266,4/8/2015 11:00,0.121,,,,
2267,4/8/2015 13:00,0.121,,,,
2268,4/8/2015 15:00,0.121,,,,
2269,4/8/2015 17:00,0.121,,,,
2270,4/8/2015 19:00,0.121,,,,
2271,4/8/2015 21:00,0.121,,,,
2272,4/8/2015 23:00,0.121,,,,
2273,4/9/2015 1:00,0.121,,,,
2274,4/9/2015 3:00,0.121,,,,
2275,4/9/2015 5:00,0.121,,,,
2276,4/9/2015 7:00,0.121,,,,
2277,4/9/2015 9:00,0.121,,,,
2278,4/9/2015 11:00,0.121,,,,
2279,4/9/2015 13:00,0.121,,,,
2280,4/9/2015 15:00,0.121,,,,
2281,4/9/2015 17:00,0.121,,,,
2282,4/9/2015 19:00,0.121,,,,
2283,4/9/2015 21:00,0.121,,,,
2284,4/9/2015 23:00,0.121,,,,
2285,4/10/2015 1:00,0.121,,,,
2286,4/10/2015 3:00,0.121,,,,
2287,4/10/2015 5:00,0.121,,,,
2288,4/10/2015 7:00,0.121,,,,
2289,4/10/2015 9:00,0.121,,,,
2290,4/10/2015 11:00,0.121,,,,
2291,4/10/2015 13:00,0.121,,,,
2292,4/10/2015 15:00,0.121,,,,
2293,4/10/2015 17:00,0.121,,,,
2294,4/10/2015 19:00,0.121,,,,
2295,4/10/2015 21:00,0.121,,,,
2296,4/10/2015 23:00,0.121,,,,
2297,4/11/2015 1:00,0.121,,,,
2298,4/11/2015 3:00,0.121,,,,
2299,4/11/2015 5:00,0.121,,,,
2300,4/11/2015 7:00,0.121,,,,
2301,4/11/2015 9:00,0.121,,,,
2302,4/11/2015 11:00,0.121,,,,
2303,4/11/2015 13:00,0.121,,,,
2304,4/11/2015 15:00,0.121,,,,
2305,4/11/2015 17:00,0.121,,,,
2306,4/11/2015 19:00,0.121,,,,
2307,4/11/2015 21:00,0.121,,,,
2308,4/11/2015 23:00,0.121,,,,
2309,4/12/2015 1:00,0.121,,,,
2310,4/12/2015 3:00,0.121,,,,
2311,4/12/2015 5:00,0.121,,,,
2312,4/12/2015 7:00,0.121,,,,
2313,4/12/2015 9:00,0.121,,,,
2314,4/12/2015 11:00,0.121,,,,
2315,4/12/2015 13:00,0.121,,,,
2316,4/12/2015 15:00,0.121,,,,
2317,4/12/2015 17:00,0.121,,,,
2318,4/12/2015 19:00,0.121,,,,
2319,4/12/2015 21:00,0.121,,,,
2320,4/12/2015 23:00,0.121,,,,
2321,4/13/2015 1:00,0.121,,,,
2322,4/13/2015 3:00,0.121,,,,
2323,4/13/2015 5:00,0.121,,,,
2324,4/13/2015 7:00,0.121,,,,
2325,4/13/2015 9:00,0.121,,,,
2326,4/13/2015 11:00,0.121,,,,
2327,4/13/2015 13:00,0.121,,,,
2328,4/13/2015 15:00,0.121,,,,
2329,4/13/2015 17:00,0.121,,,,
2330,4/13/2015 19:00,0.121,,,,
2331,4/13/2015 21:00,0.121,,,,
2332,4/13/2015 23:00,0.121,,,,
2333,4/14/2015 1:00,0.121,,,,
2334,4/14/2015 3:00,0.121,,,,
2335,4/14/2015 5:00,0.121,,,,
2336,4/14/2015 7:00,0.121,,,,
2337,4/14/2015 9:00,0.121,,,,
2338,4/14/2015 11:00,0.121,,,,
2339,4/14/2015 13:00,0.121,,,,
2340,4/14/2015 15:00,0.121,,,,
2341,4/14/2015 17:00,0.121,,,,
2342,4/14/2015 19:00,0.121,,,,
2343,4/14/2015 21:00,0.121,,,,
2344,4/14/2015 23:00,0.121,,,,
2345,4/15/2015 1:00,0.121,,,,
2346,4/15/2015 3:00,0.121,,,,
2347,4/15/2015 5:00,0.121,,,,
2348,4/15/2015 7:00,0.121,,,,
2349,4/15/2015 9:00,0.121,,,,
2350,4/15/2015 11:00,0.121,,,,
2351,4/15/2015 13:00,0.121,,,,
2352,4/15/2015 15:00,0.121,,,,
2353,4/15/2015 17:00,0.121,,,,
2354,4/15/2015 19:00,0.121,,,,
2355,4/15/2015 21:00,0.121,,,,
2356,4/15/2015 23:00,0.121,,,,
2357,4/16/2015 1:00,0.121,,,,
2358,4/16/2015 3:00,0.121,,,,
2359,4/16/2015 5:00,0.121,,,,
2360,4/16/2015 7:00,0.121,,,,
2361,4/16/2015 9:00,0.121,,,,
2362,4/16/2015 11:00,0.121,,,,
2363,4/16/2015 13:00,0.121,,,,
2364,4/16/2015 15:00,0.121,,,,
2365,4/16/2015 17:00,0.121,,,,
2366,4/16/2015 19:00,0.121,,,,
2367,4/16/2015 21:00,0.121,,,,
2368,4/16/2015 23:00,0.121,,,,
2369,4/17/2015 1:00,0.121,,,,
2370,4/17/2015 3:00,0.121,,,,
2371,4/17/2015 5:00,0.121,,,,
2372,4/17/2015 7:00,0.121,,,,
2373,4/17/2015 9:00,0.121,,,,
2374,4/17/2015 11:00,0.121,,,,
2375,4/17/2015 13:00,0.121,,,,
2376,4/17/2015 15:00,0.121,,,,
2377,4/17/2015 17:00,0.121,,,,
2378,4/17/2015 19:00,0.121,,,,
2379,4/17/2015 21:00,0.121,,,,
2380,4/17/2015 23:00,0.121,,,,
2381,4/18/2015 1:00,0.121,,,,
2382,4/18/2015 3:00,0.121,,,,
2383,4/18/2015 5:00,0.121,,,,
2384,4/18/2015 7:00,0.121,,,,
2385,4/18/2015 9:00,0.121,,,,
2386,4/18/2015 11:00,0.121,,,,
2387,4/18/2015 13:00,0.121,,,,
2388,4/18/2015 15:00,0.121,,,,
2389,4/18/2015 17:00,0.121,,,,
2390,4/18/2015 19:00,0.121,,,,
2391,4/18/2015 21:00,0.121,,,,
2392,4/18/2015 23:00,0.121,,,,
2393,4/19/2015 1:00,0.121,,,,
2394,4/19/2015 3:00,0.121,,,,
2395,4/19/2015 5:00,0.121,,,,
2396,4/19/2015 7:00,0.121,,,,
2397,4/19/2015 9:00,0.121,,,,
2398,4/19/2015 11:00,0.121,,,,
2399,4/19/2015 13:00,0.121,,,,
2400,4/19/2015 15:00,0.121,,,,
2401,4/19/2015 17:00,0.121,,,,
2402,4/19/2015 19:00,0.121,,,,
2403,4/19/2015 21:00,0.121,,,,
2404,4/19/2015 23:00,0.121,,,,
2405,4/20/2015 1:00,0.121,,,,
2406,4/20/2015 3:00,0.121,,,,
2407,4/20/2015 5:00,0.121,,,,
2408,4/20/2015 7:00,0.121,,,,
2409,4/20/2015 9:00,0.121,,,,
2410,4/20/2015 11:00,0.121,,,,
2411,4/20/2015 13:00,0.121,,,,
2412,4/20/2015 15:00,0.121,,,,
2413,4/20/2015 17:00,0.121,,,,
2414,4/20/2015 19:00,0.121,,,,
2415,4/20/2015 21:00,0.121,,,,
2416,4/20/2015 23:00,0.121,,,,
2417,4/21/2015 1:00,0.121,,,,
2418,4/21/2015 3:00,0.121,,,,
2419,4/21/2015 5:00,0.121,,,,
2420,4/21/2015 7:00,0.121,,,,
2421,4/21/2015 9:00,0.121,,,,
2422,4/21/2015 11:00,0.121,,,,
2423,4/21/2015 13:00,0.121,,,,
2424,4/21/2015 15:00,0.121,,,,
2425,4/21/2015 17:00,0.121,,,,
2426,4/21/2015 19:00,0.121,,,,
2427,4/21/2015 21:00,0.121,,,,
2428,4/21/2015 23:00,0.121,,,,
2429,4/22/2015 1:00,0.121,,,,
2430,4/22/2015 3:00,0.121,,,,
2431,4/22/2015 5:00,0.121,,,,
2432,4/22/2015 7:00,0.121,,,,
2433,4/22/2015 9:00,0.121,,,,
2434,4/22/2015 11:00,0.121,,,,
2435,4/22/2015 13:00,0.121,,,,
2436,4/22/2015 15:00,0.121,,,,
2437,4/22/2015 17:00,0.121,,,,
2438,4/22/2015 19:00,0.121,,,,
2439,4/22/2015 21:00,0.121,,,,
2440,4/22/2015 23:00,0.121,,,,
2441,4/23/2015 1:00,0.121,,,,
2442,4/23/2015 3:00,0.121,,,,
2443,4/23/2015 5:00,0.121,,,,
2444,4/23/2015 7:00,0.121,,,,
2445,4/23/2015 9:00,0.121,,,,
2446,4/23/2015 11:00,0.121,,,,
2447,4/23/2015 13:00,0.121,,,,
2448,4/23/2015 15:00,0.121,,,,
2449,4/23/2015 17:00,0.121,,,,
2450,4/23/2015 19:00,0.121,,,,
2451,4/23/2015 21:00,0.121,,,,
2452,4/23/2015 23:00,0.121,,,,
2453,4/24/2015 1:00,0.121,,,,
2454,4/24/2015 3:00,0.121,,,,
2455,4/24/2015 5:00,0.121,,,,
2456,4/24/2015 7:00,0.121,,,,
2457,4/24/2015 9:00,0.121,,,,
2458,4/24/2015 11:00,0.121,,,,
2459,4/24/2015 13:00,0.121,,,,
2460,4/24/2015 15:00,0.121,,,,
2461,4/24/2015 17:00,0.121,,,,
2462,4/24/2015 19:00,0.121,,,,
2463,4/24/2015 21:00,0.121,,,,
2464,4/24/2015 23:00,0.121,,,,
2465,4/25/2015 1:00,0.121,,,,
2466,4/25/2015 3:00,0.121,,,,
2467,4/25/2015 5:00,0.121,,,,
2468,4/25/2015 7:00,0.121,,,,
2469,4/25/2015 9:00,0.121,,,,
2470,4/25/2015 11:00,0.121,,,,
2471,4/25/2015 13:00,0.121,,,,
2472,4/25/2015 15:00,0.121,,,,
2473,4/25/2015 17:00,0.121,,,,
2474,4/25/2015 19:00,0.121,,,,
2475,4/25/2015 21:00,0.121,,,,
2476,4/25/2015 23:00,0.121,,,,
2477,4/26/2015 1:00,0.121,,,,
2478,4/26/2015 3:00,0.121,,,,
2479,4/26/2015 5:00,0.121,,,,
2480,4/26/2015 7:00,0.121,,,,
2481,4/26/2015 9:00,0.121,,,,
2482,4/26/2015 11:00,0.121,,,,
2483,4/26/2015 13:00,0.121,,,,
2484,4/26/2015 15:00,0.121,,,,
2485,4/26/2015 17:00,0.121,,,,
2486,4/26/2015 19:00,0.121,,,,
2487,4/26/2015 21:00,0.121,,,,
2488,4/26/2015 23:00,0.121,,,,
2489,4/27/2015 1:00,0.121,,,,
2490,4/27/2015 3:00,0.121,,,,
2491,4/27/2015 5:00,0.121,,,,
2492,4/27/2015 7:00,0.121,,,,
2493,4/27/2015 9:00,0.121,,,,
2494,4/27/2015 11:00,0.121,,,,
2495,4/27/2015 13:00,0.121,,,,
2496,4/27/2015 15:00,0.121,,,,
2497,4/27/2015 17:00,0.121,,,,
2498,4/27/2015 19:00,0.121,,,,
2499,4/27/2015 21:00,0.121,,,,
2500,4/27/2015 23:00,0.121,,,,
2501,4/28/2015 1:00,0.121,,,,
2502,4/28/2015 3:00,0.121,,,,
2503,4/28/2015 5:00,0.121,,,,
2504,4/28/2015 7:00,0.121,,,,
2505,4/28/2015 9:00,0.121,,,,
2506,4/28/2015 11:00,0.121,,,,
2507,4/28/2015 13:00,0.121,,,,
2508,4/28/2015 15:00,0.121,,,,
2509,4/28/2015 17:00,0.121,,,,
2510,4/28/2015 19:00,0.121,,,,
2511,4/28/2015 21:00,0.121,,,,
2512,4/28/2015 23:00,0.121,,,,
2513,4/29/2015 1:00,0.121,,,,
2514,4/29/2015 3:00,0.121,,,,
2515,4/29/2015 5:00,0.121,,,,
2516,4/29/2015 7:00,0.121,,,,
2517,4/29/2015 9:00,0.121,,,,
2518,4/29/2015 11:00,0.121,,,,
2519,4/29/2015 13:00,0.121,,,,
2520,4/29/2015 15:00,0.121,,,,
2521,4/29/2015 17:00,0.121,,,,
2522,4/29/2015 19:00,0.121,,,,
2523,4/29/2015 21:00,0.121,,,,
2524,4/29/2015 23:00,0.121,,,,
2525,4/30/2015 1:00,0.121,,,,
2526,4/30/2015 3:00,0.121,,,,
2527,4/30/2015 5:00,0.121,,,,
2528,4/30/2015 7:00,0.121,,,,
2529,4/30/2015 9:00,0.121,,,,
2530,4/30/2015 11:00,0.121,,,,
2531,4/30/2015 13:00,0.121,,,,
2532,4/30/2015 15:00,0.121,,,,
2533,4/30/2015 17:00,0.121,,,,
2534,4/30/2015 19:00,0.121,,,,
2535,4/30/2015 21:00,0.121,,,,
2536,4/30/2015 23:00,0.121,,,,
2537,5/1/2015 1:00,0.121,,,,
2538,5/1/2015 3:00,0.121,,,,
2539,5/1/2015 5:00,0.121,,,,
2540,5/1/2015 7:00,0.121,,,,
2541,5/1/2015 9:00,0.121,,,,
2542,5/1/2015 11:00,0.121,,,,
2543,5/1/2015 13:00,0.121,,,,
2544,5/1/2015 15:00,0.121,,,,
2545,5/1/2015 17:00,0.121,,,,
2546,5/1/2015 19:00,0.121,,,,
2547,5/1/2015 21:00,0.121,,,,
2548,5/1/2015 23:00,0.121,,,,
2549,5/2/2015 1:00,0.121,,,,
2550,5/2/2015 3:00,0.121,,,,
2551,5/2/2015 5:00,0.121,,,,
2552,5/2/2015 7:00,0.121,,,,
2553,5/2/2015 9:00,0.121,,,,
2554,5/2/2015 11:00,0.121,,,,
2555,5/2/2015 13:00,0.121,,,,
2556,5/2/2015 15:00,0.121,,,,
2557,5/2/2015 17:00,0.121,,,,
2558,5/2/2015 19:00,0.121,,,,
2559,5/2/2015 21:00,0.121,,,,
2560,5/2/2015 23:00,0.121,,,,
2561,5/3/2015 1:00,0.121,,,,
2562,5/3/2015 3:00,0.121,,,,
2563,5/3/2015 5:00,0.121,,,,
2564,5/3/2015 7:00,0.121,,,,
2565,5/3/2015 9:00,0.121,,,,
2566,5/3/2015 11:00,0.121,,,,
2567,5/3/2015 13:00,0.121,,,,
2568,5/3/2015 15:00,0.121,,,,
2569,5/3/2015 17:00,0.121,,,,
2570,5/3/2015 19:00,0.121,,,,
2571,5/3/2015 21:00,0.121,,,,
2572,5/3/2015 23:00,0.121,,,,
2573,5/4/2015 1:00,0.121,,,,
2574,5/4/2015 3:00,0.121,,,,
2575,5/4/2015 5:00,0.121,,,,
2576,5/4/2015 7:00,0.121,,,,
2577,5/4/2015 9:00,0.121,,,,
2578,5/4/2015 11:00,0.121,,,,
2579,5/4/2015 13:00,0.121,,,,
2580,5/4/2015 15:00,0.121,,,,
2581,5/4/2015 17:00,0.121,,,,
2582,5/4/2015 19:00,0.121,,,,
2583,5/4/2015 21:00,0.121,,,,
2584,5/4/2015 23:00,0.121,,,,
2585,5/5/2015 1:00,0.121,,,,
2586,5/5/2015 3:00,0.121,,,,
2587,5/5/2015 5:00,0.121,,,,
2588,5/5/2015 7:00,0.121,,,,
2589,5/5/2015 9:00,0.121,,,,
2590,5/5/2015 11:00,0.121,,,,
2591,5/5/2015 13:00,0.121,,,,
2592,5/5/2015 15:00,0.121,,,,
2593,5/5/2015 17:00,0.121,,,,
2594,5/5/2015 19:00,0.121,,,,
2595,5/5/2015 21:00,0.121,,,,
2596,5/5/2015 23:00,0.121,,,,
2597,5/6/2015 1:00,0.121,,,,
2598,5/6/2015 3:00,0.121,,,,
2599,5/6/2015 5:00,0.121,,,,
2600,5/6/2015 7:00,0.121,,,,
2601,5/6/2015 9:00,0.121,,,,
2602,5/6/2015 11:00,0.121,,,,
2603,5/6/2015 13:00,0.121,,,,
2604,5/6/2015 15:00,0.121,,,,
2605,5/6/2015 17:00,0.121,,,,
2606,5/6/2015 19:00,0.121,,,,
2607,5/6/2015 21:00,0.121,,,,
2608,5/6/2015 23:00,0.121,,,,
2609,5/7/2015 1:00,0.121,,,,
2610,5/7/2015 3:00,0.121,,,,
2611,5/7/2015 5:00,0.121,,,,
2612,5/7/2015 7:00,0.121,,,,
2613,5/7/2015 9:00,0.121,,,,
2614,5/7/2015 11:00,0.121,,,,
2615,5/7/2015 13:00,0.121,,,,
2616,5/7/2015 15:00,0.121,,,,
2617,5/7/2015 17:00,0.121,,,,
2618,5/7/2015 19:00,0.121,,,,
2619,5/7/2015 21:00,0.121,,,,
2620,5/7/2015 23:00,0.121,,,,
2621,5/8/2015 1:00,0.121,,,,
2622,5/8/2015 3:00,0.121,,,,
2623,5/8/2015 5:00,0.121,,,,
2624,5/8/2015 7:00,0.121,,,,
2625,5/8/2015 9:00,0.121,,,,
2626,5/8/2015 11:00,0.121,,,,
2627,5/8/2015 13:00,0.121,,,,
2628,5/8/2015 15:00,0.121,,,,
2629,5/8/2015 17:00,0.121,,,,
2630,5/8/2015 19:00,0.121,,,,
2631,5/8/2015 21:00,0.121,,,,
2632,5/8/2015 23:00,0.121,,,,
2633,5/9/2015 1:00,0.121,,,,
2634,5/9/2015 3:00,0.121,,,,
2635,5/9/2015 5:00,0.121,,,,
2636,5/9/2015 7:00,0.121,,,,
2637,5/9/2015 9:00,0.121,,,,
2638,5/9/2015 11:00,0.121,,,,
2639,5/9/2015 13:00,0.121,,,,
2640,5/9/2015 15:00,0.121,,,,
2641,5/9/2015 17:00,0.121,,,,
2642,5/9/2015 19:00,0.121,,,,
2643,5/9/2015 21:00,0.121,,,,
2644,5/9/2015 23:00,0.121,,,,
2645,5/10/2015 1:00,0.121,,,,
2646,5/10/2015 3:00,0.121,,,,
2647,5/10/2015 5:00,0.121,,,,
2648,5/10/2015 7:00,0.121,,,,
2649,5/10/2015 9:00,0.121,,,,
2650,5/10/2015 11:00,0.121,,,,
2651,5/10/2015 13:00,0.121,,,,
2652,5/10/2015 15:00,0.121,,,,
2653,5/10/2015 17:00,0.121,,,,
2654,5/10/2015 19:00,0.121,,,,
2655,5/10/2015 21:00,0.121,,,,
2656,5/10/2015 23:00,0.121,,,,
2657,5/11/2015 1:00,0.121,,,,
2658,5/11/2015 3:00,0.121,,,,
2659,5/11/2015 5:00,0.121,,,,
2660,5/11/2015 7:00,0.121,,,,
2661,5/11/2015 9:00,0.121,,,,
2662,5/11/2015 11:00,0.121,,,,
2663,5/11/2015 13:00,0.121,,,,
2664,5/11/2015 15:00,0.121,,,,
2665,5/11/2015 17:00,0.121,,,,
2666,5/11/2015 19:00,0.121,,,,
2667,5/11/2015 21:00,0.121,,,,
2668,5/11/2015 23:00,0.121,,,,
2669,5/12/2015 1:00,0.121,,,,
2670,5/12/2015 3:00,0.121,,,,
2671,5/12/2015 5:00,0.121,,,,
2672,5/12/2015 7:00,0.121,,,,
2673,5/12/2015 9:00,0.121,,,,
2674,5/12/2015 11:00,0.121,,,,
2675,5/12/2015 13:00,0.121,,,,
2676,5/12/2015 15:00,0.121,,,,
2677,5/12/2015 17:00,0.121,,,,
2678,5/12/2015 19:00,0.121,,,,
2679,5/12/2015 21:00,0.121,,,,
2680,5/12/2015 23:00,0.121,,,,
2681,5/13/2015 1:00,0.121,,,,
2682,5/13/2015 3:00,0.121,,,,
2683,5/13/2015 5:00,0.121,,,,
2684,5/13/2015 7:00,0.121,,,,
2685,5/13/2015 9:00,0.121,,,,
2686,5/13/2015 11:00,0.121,,,,
2687,5/13/2015 13:00,0.121,,,,
2688,5/13/2015 15:00,0.121,,,,
2689,5/13/2015 17:00,0.121,,,,
2690,5/13/2015 19:00,0.121,,,,
2691,5/13/2015 21:00,0.121,,,,
2692,5/13/2015 23:00,0.121,,,,
2693,5/14/2015 1:00,0.121,,,,
2694,5/14/2015 3:00,0.121,,,,
2695,5/14/2015 5:00,0.121,,,,
2696,5/14/2015 7:00,0.121,,,,
2697,5/14/2015 9:00,0.121,,,,
2698,5/14/2015 11:00,0.121,,,,
2699,5/14/2015 13:00,0.121,,,,
2700,5/14/2015 15:00,0.121,,,,
2701,5/14/2015 17:00,0.121,,,,
2702,5/14/2015 19:00,0.121,,,,
2703,5/14/2015 21:00,0.121,,,,
2704,5/14/2015 23:00,0.121,,,,
2705,5/15/2015 1:00,0.121,,,,
2706,5/15/2015 3:00,0.121,,,,
2707,5/15/2015 5:00,0.121,,,,
2708,5/15/2015 7:00,0.121,,,,
2709,5/15/2015 9:00,0.121,,,,
2710,5/15/2015 11:00,0.121,,,,
2711,5/15/2015 13:00,0.121,,,,
2712,5/15/2015 15:00,0.121,,,,
2713,5/15/2015 17:00,0.121,,,,
2714,5/15/2015 19:00,0.121,,,,
2715,5/15/2015 21:00,0.121,,,,
2716,5/15/2015 23:00,0.121,,,,
2717,5/16/2015 1:00,0.121,,,,
2718,5/16/2015 3:00,0.121,,,,
2719,5/16/2015 5:00,0.121,,,,
2720,5/16/2015 7:00,0.121,,,,
2721,5/16/2015 9:00,0.121,,,,
2722,5/16/2015 11:00,0.121,,,,
2723,5/16/2015 13:00,0.121,,,,
2724,5/16/2015 15:00,0.121,,,,
2725,5/16/2015 17:00,0.121,,,,
2726,5/16/2015 19:00,0.121,,,,
2727,5/16/2015 21:00,0.121,,,,
2728,5/16/2015 23:00,0.121,,,,
2729,5/17/2015 1:00,0.121,,,,
2730,5/17/2015 3:00,0.121,,,,
2731,5/17/2015 5:00,0.121,,,,
2732,5/17/2015 7:00,0.121,,,,
2733,5/17/2015 9:00,0.121,,,,
2734,5/17/2015 11:00,0.121,,,,
2735,5/17/2015 13:00,0.121,,,,
2736,5/17/2015 15:00,0.121,,,,
2737,5/17/2015 17:00,0.121,,,,
2738,5/17/2015 19:00,0.121,,,,
2739,5/17/2015 21:00,0.121,,,,
2740,5/17/2015 23:00,0.121,,,,
2741,5/18/2015 1:00,0.121,,,,
2742,5/18/2015 3:00,0.121,,,,
2743,5/18/2015 5:00,0.121,,,,
2744,5/18/2015 7:00,0.121,,,,
2745,5/18/2015 9:00,0.121,,,,
2746,5/18/2015 11:00,0.121,,,,
2747,5/18/2015 13:00,0.121,,,,
2748,5/18/2015 15:00,0.121,,,,
2749,5/18/2015 17:00,0.121,,,,
2750,5/18/2015 19:00,0.121,,,,
2751,5/18/2015 21:00,0.121,,,,
2752,5/18/2015 23:00,0.121,,,,
2753,5/19/2015 1:00,0.121,,,,
2754,5/19/2015 3:00,0.121,,,,
2755,5/19/2015 5:00,0.121,,,,
2756,5/19/2015 7:00,0.121,,,,
2757,5/19/2015 9:00,0.121,,,,
2758,5/19/2015 11:00,0.121,,,,
2759,5/19/2015 13:00,0.121,,,,
2760,5/19/2015 15:00,0.121,,,,
2761,5/19/2015 17:00,0.121,,,,
2762,5/19/2015 19:00,0.121,,,,
2763,5/19/2015 21:00,0.121,,,,
2764,5/19/2015 23:00,0.121,,,,
2765,5/20/2015 1:00,0.121,,,,
2766,5/20/2015 3:00,0.121,,,,
2767,5/20/2015 5:00,0.121,,,,
2768,5/20/2015 7:00,0.121,,,,
2769,5/20/2015 9:00,0.121,,,,
2770,5/20/2015 11:00,0.121,,,,
2771,5/20/2015 13:00,0.121,,,,
2772,5/20/2015 15:00,0.121,,,,
2773,5/20/2015 17:00,0.121,,,,
2774,5/20/2015 19:00,0.121,,,,
2775,5/20/2015 21:00,0.121,,,,
2776,5/20/2015 23:00,0.121,,,,
2777,5/21/2015 1:00,0.121,,,,
2778,5/21/2015 3:00,0.121,,,,
2779,5/21/2015 5:00,0.121,,,,
2780,5/21/2015 7:00,0.121,,,,
2781,5/21/2015 9:00,0.121,,,,
2782,5/21/2015 11:00,0.121,,,,
2783,5/21/2015 13:00,0.121,,,,
2784,5/21/2015 15:00,0.121,,,,
2785,5/21/2015 17:00,0.121,,,,
2786,5/21/2015 19:00,0.121,,,,
2787,5/21/2015 21:00,0.121,,,,
2788,5/21/2015 23:00,0.121,,,,
2789,5/22/2015 1:00,0.121,,,,
2790,5/22/2015 3:00,0.121,,,,
2791,5/22/2015 5:00,0.121,,,,
2792,5/22/2015 7:00,0.121,,,,
2793,5/22/2015 9:00,0.121,,,,
2794,5/22/2015 11:00,0.121,,,,
2795,5/22/2015 13:00,0.121,,,,
2796,5/22/2015 15:00,0.121,,,,
2797,5/22/2015 17:00,0.121,,,,
2798,5/22/2015 19:00,0.121,,,,
2799,5/22/2015 21:00,0.121,,,,
2800,5/22/2015 23:00,0.121,,,,
2801,5/23/2015 1:00,0.121,,,,
2802,5/23/2015 3:00,0.121,,,,
2803,5/23/2015 5:00,0.121,,,,
2804,5/23/2015 7:00,0.121,,,,
2805,5/23/2015 9:00,0.121,,,,
2806,5/23/2015 11:00,0.121,,,,
2807,5/23/2015 13:00,0.121,,,,
2808,5/23/2015 15:00,0.121,,,,
2809,5/23/2015 17:00,0.121,,,,
2810,5/23/2015 19:00,0.121,,,,
2811,5/23/2015 21:00,0.121,,,,
2812,5/23/2015 23:00,0.121,,,,
2813,5/24/2015 1:00,0.121,,,,
2814,5/24/2015 3:00,0.121,,,,
2815,5/24/2015 5:00,0.121,,,,
2816,5/24/2015 7:00,0.121,,,,
2817,5/24/2015 9:00,0.121,,,,
2818,5/24/2015 11:00,0.121,,,,
2819,5/24/2015 13:00,0.121,,,,
2820,5/24/2015 15:00,0.121,,,,
2821,5/24/2015 17:00,0.121,,,,
2822,5/24/2015 19:00,0.121,,,,
2823,5/24/2015 21:00,0.121,,,,
2824,5/24/2015 23:00,0.121,,,,
2825,5/25/2015 1:00,0.121,,,,
2826,5/25/2015 3:00,0.121,,,,
2827,5/25/2015 5:00,0.121,,,,
2828,5/25/2015 7:00,0.121,,,,
2829,5/25/2015 9:00,0.121,,,,
2830,5/25/2015 11:00,0.121,,,,
2831,5/25/2015 13:00,0.121,,,,
2832,5/25/2015 15:00,0.121,,,,
2833,5/25/2015 17:00,0.121,,,,
2834,5/25/2015 19:00,0.121,,,,
2835,5/25/2015 21:00,0.121,,,,
2836,5/25/2015 23:00,0.121,,,,
2837,5/26/2015 1:00,0.121,,,,
2838,5/26/2015 3:00,0.121,,,,
2839,5/26/2015 5:00,0.121,,,,
2840,5/26/2015 7:00,0.121,,,,
2841,5/26/2015 9:00,0.121,,,,
2842,5/26/2015 11:00,0.121,,,,
2843,5/26/2015 13:00,0.121,,,,
2844,5/26/2015 15:00,0.121,,,,
2845,5/26/2015 17:00,0.121,,,,
2846,5/26/2015 19:00,0.121,,,,
2847,5/26/2015 21:00,0.121,,,,
2848,5/26/2015 23:00,0.121,,,,
2849,5/27/2015 1:00,0.121,,,,
2850,5/27/2015 3:00,0.121,,,,
2851,5/27/2015 5:00,0.121,,,,
2852,5/27/2015 7:00,0.121,,,,
2853,5/27/2015 9:00,0.121,,,,
2854,5/27/2015 11:00,0.121,,,,
2855,5/27/2015 13:00,0.121,,,,
2856,5/27/2015 15:00,0.121,,,,
2857,5/27/2015 17:00,0.121,,,,
2858,5/27/2015 19:00,0.121,,,,
2859,5/27/2015 21:00,0.121,,,,
2860,5/27/2015 23:00,0.121,,,,
2861,5/28/2015 1:00,0.121,,,,
2862,5/28/2015 3:00,0.121,,,,
2863,5/28/2015 5:00,0.121,,,,
2864,5/28/2015 7:00,0.121,,,,
2865,5/28/2015 9:00,0.121,,,,
2866,5/28/2015 11:00,0.121,,,,
2867,5/28/2015 13:00,0.121,,,,
2868,5/28/2015 15:00,0.121,,,,
2869,5/28/2015 17:00,0.121,,,,
2870,5/28/2015 19:00,0.121,,,,
2871,5/28/2015 21:00,0.121,,,,
2872,5/28/2015 23:00,0.121,,,,
2873,5/29/2015 1:00,0.121,,,,
2874,5/29/2015 3:00,0.121,,,,
2875,5/29/2015 5:00,0.121,,,,
2876,5/29/2015 7:00,0.121,,,,
2877,5/29/2015 9:00,0.121,,,,
2878,5/29/2015 11:00,0.121,,,,
2879,5/29/2015 13:00,0.121,,,,
2880,5/29/2015 15:00,0.121,,,,
2881,5/29/2015 17:00,0.121,,,,
2882,5/29/2015 19:00,0.121,,,,
2883,5/29/2015 21:00,0.121,,,,
2884,5/29/2015 23:00,0.121,,,,
2885,5/30/2015 1:00,0.121,,,,
2886,5/30/2015 3:00,0.121,,,,
2887,5/30/2015 5:00,0.121,,,,
2888,5/30/2015 7:00,0.121,,,,
2889,5/30/2015 9:00,0.121,,,,
2890,5/30/2015 11:00,0.121,,,,
2891,5/30/2015 13:00,0.121,,,,
2892,5/30/2015 15:00,0.121,,,,
2893,5/30/2015 17:00,0.121,,,,
2894,5/30/2015 19:00,0.121,,,,
2895,5/30/2015 21:00,0.121,,,,
2896,5/30/2015 23:00,0.121,,,,
2897,5/31/2015 1:00,0.121,,,,
2898,5/31/2015 3:00,0.121,,,,
2899,5/31/2015 5:00,0.121,,,,
2900,5/31/2015 7:00,0.121,,,,
2901,5/31/2015 9:00,0.121,,,,
2902,5/31/2015 11:00,0.121,,,,
2903,5/31/2015 13:00,0.121,,,,
2904,5/31/2015 15:00,0.232,,,,
2905,5/31/2015 17:00,1.112,,,,
2906,5/31/2015 19:00,2.088,,,,
2907,5/31/2015 21:00,2.088,,,,
2908,5/31/2015 23:00,1.872,,,,
2909,6/1/2015 1:00,1.872,,,,
2910,6/1/2015 3:00,1.33,,,,
2911,6/1/2015 5:00,1.548,,,,
2912,6/1/2015 7:00,2.624,,,,
2913,6/1/2015 9:00,3.472,,,,
2914,6/1/2015 11:00,4.311,,,,
2915,6/1/2015 13:00,8.879,,,,
2916,6/1/2015 15:00,8.182,,,,
2917,6/1/2015 17:00,10.063,,,,
2918,6/1/2015 19:00,7.582,,,,
2919,6/1/2015 21:00,5.552,,,,
2920,6/1/2015 23:00,4.623,,,,
2921,6/2/2015 1:00,4.207,,,,
2922,6/2/2015 3:00,3.683,,,,
2923,6/2/2015 5:00,3.049,,,,
2924,6/2/2015 7:00,3.578,,,,
2925,6/2/2015 9:00,4.831,,,,
2926,6/2/2015 11:00,7.28,,,,
2927,6/2/2015 13:00,12.69,,,,
2928,6/2/2015 15:00,13.173,,,,
2929,6/2/2015 17:00,12.013,,,,
2930,6/2/2015 19:00,9.571,,,,
2931,6/2/2015 21:00,6.37,,,,
2932,6/2/2015 23:00,4.934,,,,
2933,6/3/2015 1:00,4.207,,,,
2934,6/3/2015 3:00,3.578,,,,
2935,6/3/2015 5:00,3.261,,,,
2936,6/3/2015 7:00,3.578,,,,
2937,6/3/2015 9:00,5.45,,,,
2938,6/3/2015 11:00,8.282,,,,
2939,6/3/2015 13:00,13.365,,,,
2940,6/3/2015 15:00,13.461,,,,
2941,6/3/2015 17:00,11.819,,,,
2942,6/3/2015 19:00,10.063,,,,
2943,6/3/2015 21:00,7.481,,,,
2944,6/3/2015 23:00,6.166,,,,
2945,6/4/2015 1:00,5.45,,,,
2946,6/4/2015 3:00,4.934,,,,
2947,6/4/2015 5:00,4.519,,,,
2948,6/4/2015 7:00,4.934,,,,
2949,6/4/2015 9:00,8.68,,,,
2950,6/4/2015 11:00,17.665,,,,
2951,6/4/2015 13:00,18.901,,,,
2952,6/4/2015 15:00,23.966,,,,
2953,6/4/2015 17:00,19.282,,,,
2954,6/4/2015 19:00,14.804,,,,
2955,6/4/2015 21:00,11.819,,,,
2956,6/4/2015 23:00,8.282,,,,
2957,6/5/2015 1:00,6.166,,,,
2958,6/5/2015 3:00,5.037,,,,
2959,6/5/2015 5:00,4.102,,,,
2960,6/5/2015 7:00,4.311,,,,
2961,6/5/2015 9:00,16.713,,,,
2962,6/5/2015 11:00,23.484,,,,
2963,6/5/2015 13:00,27.665,,,,
2964,6/5/2015 15:00,26.879,,,,
2965,6/5/2015 17:00,23.004,,,,
2966,6/5/2015 19:00,15.282,,,,
2967,6/5/2015 21:00,11.819,,,,
2968,6/5/2015 23:00,9.176,,,,
2969,6/6/2015 1:00,7.381,,,,
2970,6/6/2015 3:00,5.757,,,,
2971,6/6/2015 5:00,5.45,,,,
2972,6/6/2015 7:00,5.86,,,,
2973,6/6/2015 9:00,18.521,,,,
2974,6/6/2015 11:00,26.683,,,,
2975,6/6/2015 13:00,30.356,,,,
2976,6/6/2015 15:00,29.552,,,,
2977,6/6/2015 17:00,25.319,,,,
2978,6/6/2015 19:00,17.379,,,,
2979,6/6/2015 21:00,13.654,,,,
2980,6/6/2015 23:00,11.041,,,,
2981,6/7/2015 1:00,9.373,,,,
2982,6/7/2015 3:00,8.282,,,,
2983,6/7/2015 5:00,7.481,,,,
2984,6/7/2015 7:00,7.782,,,,
2985,6/7/2015 9:00,20.71,,,,
2986,6/7/2015 11:00,29.152,,,,
2987,6/7/2015 13:00,33.535,,,,
2988,6/7/2015 15:00,33.326,,,,
2989,6/7/2015 17:00,28.555,,,,
2990,6/7/2015 19:00,19.472,,,,
2991,6/7/2015 21:00,15.664,,,,
2992,6/7/2015 23:00,12.98,,,,
2993,6/8/2015 1:00,11.236,,,,
2994,6/8/2015 3:00,10.161,,,,
2995,6/8/2015 5:00,9.275,,,,
2996,6/8/2015 7:00,9.373,,,,
2997,6/8/2015 9:00,21.855,,,,
2998,6/8/2015 11:00,31.574,,,,
2999,6/8/2015 13:00,35.971,,,,
3000,6/8/2015 15:00,35.328,,,,
3001,6/8/2015 17:00,30.054,,,,
3002,6/8/2015 19:00,21.091,,,,
3003,6/8/2015 21:00,16.903,,,,
3004,6/8/2015 23:00,14.038,,,,
3005,6/9/2015 1:00,12.013,,,,
3006,6/9/2015 3:00,10.553,,,,
3007,6/9/2015 5:00,9.077,,,,
