Plot Title: GB-6,,,,,,
#,"Date Time, GMT-07:00","Temp, °C (LGR S/N: 10162995, SEN S/N: 10162995, LBL: TEMPERATURE)",Coupler Attached (LGR S/N: 10162995),Host Connected (LGR S/N: 10162995),Stopped (LGR S/N: 10162995),End Of File (LGR S/N: 10162995)
1,10/1/2014 17:00,7.381,,,,
2,10/1/2014 19:00,6.674,,,,
3,10/1/2014 21:00,6.37,,,,
4,10/1/2014 23:00,5.962,,,,
5,10/2/2014 1:00,5.655,,,,
6,10/2/2014 3:00,5.45,,,,
7,10/2/2014 5:00,5.244,,,,
8,10/2/2014 7:00,4.623,,,,
9,10/2/2014 9:00,4.727,,,,
10,10/2/2014 11:00,5.45,,,,
11,10/2/2014 13:00,10.357,,,,
12,10/2/2014 15:00,9.275,,,,
13,10/2/2014 17:00,8.481,,,,
14,10/2/2014 19:00,7.28,,,,
15,10/2/2014 21:00,6.573,,,,
16,10/2/2014 23:00,6.268,,,,
17,10/3/2014 1:00,6.268,,,,
18,10/3/2014 3:00,6.064,,,,
19,10/3/2014 5:00,5.962,,,,
20,10/3/2014 7:00,5.86,,,,
21,10/3/2014 9:00,6.268,,,,
22,10/3/2014 11:00,7.381,,,,
23,10/3/2014 13:00,12.98,,,,
24,10/3/2014 15:00,11.916,,,,
25,10/3/2014 17:00,10.651,,,,
26,10/3/2014 19:00,9.571,,,,
27,10/3/2014 21:00,8.779,,,,
28,10/3/2014 23:00,8.282,,,,
29,10/4/2014 1:00,7.882,,,,
30,10/4/2014 3:00,7.582,,,,
31,10/4/2014 5:00,7.582,,,,
32,10/4/2014 7:00,7.782,,,,
33,10/4/2014 9:00,7.983,,,,
34,10/4/2014 11:00,8.779,,,,
35,10/4/2014 13:00,12.304,,,,
36,10/4/2014 15:00,11.334,,,,
37,10/4/2014 17:00,10.651,,,,
38,10/4/2014 19:00,9.866,,,,
39,10/4/2014 21:00,9.275,,,,
40,10/4/2014 23:00,9.077,,,,
41,10/5/2014 1:00,9.077,,,,
42,10/5/2014 3:00,8.779,,,,
43,10/5/2014 5:00,8.779,,,,
44,10/5/2014 7:00,8.978,,,,
45,10/5/2014 9:00,9.275,,,,
46,10/5/2014 11:00,9.768,,,,
47,10/5/2014 13:00,14.996,,,,
48,10/5/2014 15:00,13.461,,,,
49,10/5/2014 17:00,12.013,,,,
50,10/5/2014 19:00,11.041,,,,
51,10/5/2014 21:00,10.161,,,,
52,10/5/2014 23:00,9.768,,,,
53,10/6/2014 1:00,9.866,,,,
54,10/6/2014 3:00,9.669,,,,
55,10/6/2014 5:00,9.472,,,,
56,10/6/2014 7:00,9.373,,,,
57,10/6/2014 9:00,9.669,,,,
58,10/6/2014 11:00,10.259,,,,
59,10/6/2014 13:00,15.187,,,,
60,10/6/2014 15:00,13.942,,,,
61,10/6/2014 17:00,12.69,,,,
62,10/6/2014 19:00,11.528,,,,
63,10/6/2014 21:00,10.748,,,,
64,10/6/2014 23:00,10.161,,,,
65,10/7/2014 1:00,9.669,,,,
66,10/7/2014 3:00,9.275,,,,
67,10/7/2014 5:00,8.978,,,,
68,10/7/2014 7:00,8.68,,,,
69,10/7/2014 9:00,8.978,,,,
70,10/7/2014 11:00,9.866,,,,
71,10/7/2014 13:00,14.709,,,,
72,10/7/2014 15:00,13.365,,,,
73,10/7/2014 17:00,12.401,,,,
74,10/7/2014 19:00,11.722,,,,
75,10/7/2014 21:00,11.236,,,,
76,10/7/2014 23:00,10.846,,,,
77,10/8/2014 1:00,10.455,,,,
78,10/8/2014 3:00,9.866,,,,
79,10/8/2014 5:00,8.879,,,,
80,10/8/2014 7:00,8.382,,,,
81,10/8/2014 9:00,8.879,,,,
82,10/8/2014 11:00,9.571,,,,
83,10/8/2014 13:00,11.041,,,,
84,10/8/2014 15:00,10.748,,,,
85,10/8/2014 17:00,9.965,,,,
86,10/8/2014 19:00,9.176,,,,
87,10/8/2014 21:00,8.481,,,,
88,10/8/2014 23:00,7.983,,,,
89,10/9/2014 1:00,7.682,,,,
90,10/9/2014 3:00,7.381,,,,
91,10/9/2014 5:00,7.179,,,,
92,10/9/2014 7:00,6.978,,,,
93,10/9/2014 9:00,7.28,,,,
94,10/9/2014 11:00,8.182,,,,
95,10/9/2014 13:00,13.173,,,,
96,10/9/2014 15:00,11.819,,,,
97,10/9/2014 17:00,10.553,,,,
98,10/9/2014 19:00,9.571,,,,
99,10/9/2014 21:00,8.779,,,,
100,10/9/2014 23:00,8.282,,,,
101,10/10/2014 1:00,7.882,,,,
102,10/10/2014 3:00,7.481,,,,
103,10/10/2014 5:00,7.179,,,,
104,10/10/2014 7:00,6.978,,,,
105,10/10/2014 9:00,7.079,,,,
106,10/10/2014 11:00,7.983,,,,
107,10/10/2014 13:00,11.916,,,,
108,10/10/2014 15:00,11.334,,,,
109,10/10/2014 17:00,10.259,,,,
110,10/10/2014 19:00,9.472,,,,
111,10/10/2014 21:00,8.879,,,,
112,10/10/2014 23:00,8.282,,,,
113,10/11/2014 1:00,8.082,,,,
114,10/11/2014 3:00,7.782,,,,
115,10/11/2014 5:00,7.682,,,,
116,10/11/2014 7:00,6.978,,,,
117,10/11/2014 9:00,6.978,,,,
118,10/11/2014 11:00,7.481,,,,
119,10/11/2014 13:00,7.682,,,,
120,10/11/2014 15:00,4.727,,,,
121,10/11/2014 17:00,3.683,,,,
122,10/11/2014 19:00,4.311,,,,
123,10/11/2014 21:00,3.155,,,,
124,10/11/2014 23:00,3.049,,,,
125,10/12/2014 1:00,3.472,,,,
126,10/12/2014 3:00,3.683,,,,
127,10/12/2014 5:00,3.788,,,,
128,10/12/2014 7:00,3.788,,,,
129,10/12/2014 9:00,3.893,,,,
130,10/12/2014 11:00,4.727,,,,
131,10/12/2014 13:00,6.775,,,,
132,10/12/2014 15:00,6.775,,,,
133,10/12/2014 17:00,6.268,,,,
134,10/12/2014 19:00,5.86,,,,
135,10/12/2014 21:00,5.757,,,,
136,10/12/2014 23:00,5.757,,,,
137,10/13/2014 1:00,5.655,,,,
138,10/13/2014 3:00,5.45,,,,
139,10/13/2014 5:00,5.244,,,,
140,10/13/2014 7:00,5.037,,,,
141,10/13/2014 9:00,5.141,,,,
142,10/13/2014 11:00,5.962,,,,
143,10/13/2014 13:00,9.571,,,,
144,10/13/2014 15:00,9.077,,,,
145,10/13/2014 17:00,8.182,,,,
146,10/13/2014 19:00,7.782,,,,
147,10/13/2014 21:00,7.782,,,,
148,10/13/2014 23:00,7.582,,,,
149,10/14/2014 1:00,7.28,,,,
150,10/14/2014 3:00,6.573,,,,
151,10/14/2014 5:00,5.962,,,,
152,10/14/2014 7:00,5.86,,,,
153,10/14/2014 9:00,5.757,,,,
154,10/14/2014 11:00,6.064,,,,
155,10/14/2014 13:00,6.471,,,,
156,10/14/2014 15:00,6.877,,,,
157,10/14/2014 17:00,6.674,,,,
158,10/14/2014 19:00,6.37,,,,
159,10/14/2014 21:00,6.166,,,,
160,10/14/2014 23:00,5.962,,,,
161,10/15/2014 1:00,5.757,,,,
162,10/15/2014 3:00,5.552,,,,
163,10/15/2014 5:00,5.347,,,,
164,10/15/2014 7:00,5.244,,,,
165,10/15/2014 9:00,5.244,,,,
166,10/15/2014 11:00,5.244,,,,
167,10/15/2014 13:00,4.623,,,,
168,10/15/2014 15:00,3.893,,,,
169,10/15/2014 17:00,4.519,,,,
170,10/15/2014 19:00,4.623,,,,
171,10/15/2014 21:00,4.519,,,,
172,10/15/2014 23:00,4.415,,,,
173,10/16/2014 1:00,4.415,,,,
174,10/16/2014 3:00,4.311,,,,
175,10/16/2014 5:00,4.102,,,,
176,10/16/2014 7:00,3.998,,,,
177,10/16/2014 9:00,4.102,,,,
178,10/16/2014 11:00,4.727,,,,
179,10/16/2014 13:00,7.481,,,,
180,10/16/2014 15:00,7.179,,,,
181,10/16/2014 17:00,6.064,,,,
182,10/16/2014 19:00,5.45,,,,
183,10/16/2014 21:00,5.037,,,,
184,10/16/2014 23:00,4.831,,,,
185,10/17/2014 1:00,4.727,,,,
186,10/17/2014 3:00,4.831,,,,
187,10/17/2014 5:00,4.831,,,,
188,10/17/2014 7:00,4.831,,,,
189,10/17/2014 9:00,4.727,,,,
190,10/17/2014 11:00,5.037,,,,
191,10/17/2014 13:00,5.552,,,,
192,10/17/2014 15:00,5.962,,,,
193,10/17/2014 17:00,5.962,,,,
194,10/17/2014 19:00,5.962,,,,
195,10/17/2014 21:00,5.962,,,,
196,10/17/2014 23:00,5.962,,,,
197,10/18/2014 1:00,5.962,,,,
198,10/18/2014 3:00,5.962,,,,
199,10/18/2014 5:00,6.064,,,,
200,10/18/2014 7:00,5.86,,,,
201,10/18/2014 9:00,5.86,,,,
202,10/18/2014 11:00,6.674,,,,
203,10/18/2014 13:00,9.472,,,,
204,10/18/2014 15:00,8.978,,,,
205,10/18/2014 17:00,8.382,,,,
206,10/18/2014 19:00,7.882,,,,
207,10/18/2014 21:00,7.582,,,,
208,10/18/2014 23:00,7.079,,,,
209,10/19/2014 1:00,6.573,,,,
210,10/19/2014 3:00,6.471,,,,
211,10/19/2014 5:00,6.37,,,,
212,10/19/2014 7:00,6.166,,,,
213,10/19/2014 9:00,6.268,,,,
214,10/19/2014 11:00,6.877,,,,
215,10/19/2014 13:00,10.357,,,,
216,10/19/2014 15:00,10.063,,,,
217,10/19/2014 17:00,9.373,,,,
218,10/19/2014 19:00,8.581,,,,
219,10/19/2014 21:00,7.882,,,,
220,10/19/2014 23:00,7.782,,,,
221,10/20/2014 1:00,7.782,,,,
222,10/20/2014 3:00,7.782,,,,
223,10/20/2014 5:00,7.682,,,,
224,10/20/2014 7:00,7.481,,,,
225,10/20/2014 9:00,7.381,,,,
226,10/20/2014 11:00,7.481,,,,
227,10/20/2014 13:00,7.481,,,,
228,10/20/2014 15:00,7.179,,,,
229,10/20/2014 17:00,7.079,,,,
230,10/20/2014 19:00,6.877,,,,
231,10/20/2014 21:00,6.573,,,,
232,10/20/2014 23:00,6.37,,,,
233,10/21/2014 1:00,6.166,,,,
234,10/21/2014 3:00,5.86,,,,
235,10/21/2014 5:00,5.552,,,,
236,10/21/2014 7:00,5.347,,,,
237,10/21/2014 9:00,5.037,,,,
238,10/21/2014 11:00,5.552,,,,
239,10/21/2014 13:00,6.166,,,,
240,10/21/2014 15:00,6.166,,,,
241,10/21/2014 17:00,6.064,,,,
242,10/21/2014 19:00,5.86,,,,
243,10/21/2014 21:00,5.655,,,,
244,10/21/2014 23:00,5.552,,,,
245,10/22/2014 1:00,5.45,,,,
246,10/22/2014 3:00,5.244,,,,
247,10/22/2014 5:00,5.244,,,,
248,10/22/2014 7:00,5.347,,,,
249,10/22/2014 9:00,5.347,,,,
250,10/22/2014 11:00,5.552,,,,
251,10/22/2014 13:00,5.757,,,,
252,10/22/2014 15:00,5.655,,,,
253,10/22/2014 17:00,5.757,,,,
254,10/22/2014 19:00,5.86,,,,
255,10/22/2014 21:00,6.166,,,,
256,10/22/2014 23:00,6.268,,,,
257,10/23/2014 1:00,5.962,,,,
258,10/23/2014 3:00,5.86,,,,
259,10/23/2014 5:00,5.347,,,,
260,10/23/2014 7:00,4.519,,,,
261,10/23/2014 9:00,4.519,,,,
262,10/23/2014 11:00,4.415,,,,
263,10/23/2014 13:00,4.311,,,,
264,10/23/2014 15:00,4.831,,,,
265,10/23/2014 17:00,5.141,,,,
266,10/23/2014 19:00,4.727,,,,
267,10/23/2014 21:00,4.207,,,,
268,10/23/2014 23:00,4.519,,,,
269,10/24/2014 1:00,4.415,,,,
270,10/24/2014 3:00,4.207,,,,
271,10/24/2014 5:00,4.415,,,,
272,10/24/2014 7:00,4.519,,,,
273,10/24/2014 9:00,4.519,,,,
274,10/24/2014 11:00,4.311,,,,
275,10/24/2014 13:00,4.934,,,,
276,10/24/2014 15:00,5.757,,,,
277,10/24/2014 17:00,5.655,,,,
278,10/24/2014 19:00,5.141,,,,
279,10/24/2014 21:00,3.367,,,,
280,10/24/2014 23:00,3.998,,,,
281,10/25/2014 1:00,4.727,,,,
282,10/25/2014 3:00,5.244,,,,
283,10/25/2014 5:00,5.552,,,,
284,10/25/2014 7:00,5.757,,,,
285,10/25/2014 9:00,5.757,,,,
286,10/25/2014 11:00,5.962,,,,
287,10/25/2014 13:00,5.962,,,,
288,10/25/2014 15:00,5.86,,,,
289,10/25/2014 17:00,5.655,,,,
290,10/25/2014 19:00,5.655,,,,
291,10/25/2014 21:00,5.655,,,,
292,10/25/2014 23:00,5.45,,,,
293,10/26/2014 1:00,4.623,,,,
294,10/26/2014 3:00,4.831,,,,
295,10/26/2014 5:00,4.934,,,,
296,10/26/2014 7:00,4.519,,,,
297,10/26/2014 9:00,4.519,,,,
298,10/26/2014 11:00,4.727,,,,
299,10/26/2014 13:00,4.934,,,,
300,10/26/2014 15:00,4.519,,,,
301,10/26/2014 17:00,4.311,,,,
302,10/26/2014 19:00,4.207,,,,
303,10/26/2014 21:00,3.893,,,,
304,10/26/2014 23:00,3.998,,,,
305,10/27/2014 1:00,3.998,,,,
306,10/27/2014 3:00,3.683,,,,
307,10/27/2014 5:00,3.472,,,,
308,10/27/2014 7:00,3.367,,,,
309,10/27/2014 9:00,3.367,,,,
310,10/27/2014 11:00,3.788,,,,
311,10/27/2014 13:00,7.381,,,,
312,10/27/2014 15:00,6.37,,,,
313,10/27/2014 17:00,5.141,,,,
314,10/27/2014 19:00,4.727,,,,
315,10/27/2014 21:00,4.519,,,,
316,10/27/2014 23:00,4.102,,,,
317,10/28/2014 1:00,4.207,,,,
318,10/28/2014 3:00,4.207,,,,
319,10/28/2014 5:00,3.893,,,,
320,10/28/2014 7:00,3.683,,,,
321,10/28/2014 9:00,4.102,,,,
322,10/28/2014 11:00,4.623,,,,
323,10/28/2014 13:00,5.757,,,,
324,10/28/2014 15:00,5.86,,,,
325,10/28/2014 17:00,5.655,,,,
326,10/28/2014 19:00,5.347,,,,
327,10/28/2014 21:00,4.934,,,,
328,10/28/2014 23:00,4.934,,,,
329,10/29/2014 1:00,4.934,,,,
330,10/29/2014 3:00,4.934,,,,
331,10/29/2014 5:00,4.934,,,,
332,10/29/2014 7:00,4.934,,,,
333,10/29/2014 9:00,5.037,,,,
334,10/29/2014 11:00,5.45,,,,
335,10/29/2014 13:00,6.573,,,,
336,10/29/2014 15:00,7.179,,,,
337,10/29/2014 17:00,6.37,,,,
338,10/29/2014 19:00,5.45,,,,
339,10/29/2014 21:00,5.037,,,,
340,10/29/2014 23:00,5.037,,,,
341,10/30/2014 1:00,5.037,,,,
342,10/30/2014 3:00,5.244,,,,
343,10/30/2014 5:00,5.244,,,,
344,10/30/2014 7:00,5.347,,,,
345,10/30/2014 9:00,5.45,,,,
346,10/30/2014 11:00,5.757,,,,
347,10/30/2014 13:00,6.064,,,,
348,10/30/2014 15:00,6.37,,,,
349,10/30/2014 17:00,6.166,,,,
350,10/30/2014 19:00,6.166,,,,
351,10/30/2014 21:00,6.064,,,,
352,10/30/2014 23:00,5.962,,,,
353,10/31/2014 1:00,5.962,,,,
354,10/31/2014 3:00,5.962,,,,
355,10/31/2014 5:00,5.962,,,,
356,10/31/2014 7:00,5.962,,,,
357,10/31/2014 9:00,5.86,,,,
358,10/31/2014 11:00,5.552,,,,
359,10/31/2014 13:00,6.064,,,,
360,10/31/2014 15:00,5.757,,,,
361,10/31/2014 17:00,4.623,,,,
362,10/31/2014 19:00,5.244,,,,
363,10/31/2014 21:00,5.244,,,,
364,10/31/2014 23:00,5.037,,,,
365,11/1/2014 1:00,4.831,,,,
366,11/1/2014 3:00,4.623,,,,
367,11/1/2014 5:00,4.415,,,,
368,11/1/2014 7:00,4.311,,,,
369,11/1/2014 9:00,4.207,,,,
370,11/1/2014 11:00,4.519,,,,
371,11/1/2014 13:00,8.68,,,,
372,11/1/2014 15:00,6.064,,,,
373,11/1/2014 17:00,4.727,,,,
374,11/1/2014 19:00,4.102,,,,
375,11/1/2014 21:00,3.998,,,,
376,11/1/2014 23:00,3.788,,,,
377,11/2/2014 1:00,3.683,,,,
378,11/2/2014 3:00,3.472,,,,
379,11/2/2014 5:00,3.367,,,,
380,11/2/2014 7:00,3.261,,,,
381,11/2/2014 9:00,3.261,,,,
382,11/2/2014 11:00,3.788,,,,
383,11/2/2014 13:00,8.182,,,,
384,11/2/2014 15:00,6.471,,,,
385,11/2/2014 17:00,5.552,,,,
386,11/2/2014 19:00,4.934,,,,
387,11/2/2014 21:00,4.415,,,,
388,11/2/2014 23:00,4.311,,,,
389,11/3/2014 1:00,4.207,,,,
390,11/3/2014 3:00,4.207,,,,
391,11/3/2014 5:00,4.311,,,,
392,11/3/2014 7:00,4.102,,,,
393,11/3/2014 9:00,4.207,,,,
394,11/3/2014 11:00,4.831,,,,
395,11/3/2014 13:00,5.552,,,,
396,11/3/2014 15:00,5.962,,,,
397,11/3/2014 17:00,5.86,,,,
398,11/3/2014 19:00,5.347,,,,
399,11/3/2014 21:00,5.037,,,,
400,11/3/2014 23:00,4.934,,,,
401,11/4/2014 1:00,4.831,,,,
402,11/4/2014 3:00,4.727,,,,
403,11/4/2014 5:00,4.727,,,,
404,11/4/2014 7:00,4.727,,,,
405,11/4/2014 9:00,4.727,,,,
406,11/4/2014 11:00,5.655,,,,
407,11/4/2014 13:00,6.471,,,,
408,11/4/2014 15:00,6.978,,,,
409,11/4/2014 17:00,6.37,,,,
410,11/4/2014 19:00,5.757,,,,
411,11/4/2014 21:00,5.244,,,,
412,11/4/2014 23:00,5.037,,,,
413,11/5/2014 1:00,4.831,,,,
414,11/5/2014 3:00,4.623,,,,
415,11/5/2014 5:00,4.519,,,,
416,11/5/2014 7:00,4.519,,,,
417,11/5/2014 9:00,4.727,,,,
418,11/5/2014 11:00,5.757,,,,
419,11/5/2014 13:00,6.674,,,,
420,11/5/2014 15:00,6.877,,,,
421,11/5/2014 17:00,6.674,,,,
422,11/5/2014 19:00,6.471,,,,
423,11/5/2014 21:00,6.471,,,,
424,11/5/2014 23:00,6.573,,,,
425,11/6/2014 1:00,6.978,,,,
426,11/6/2014 3:00,6.978,,,,
427,11/6/2014 5:00,7.079,,,,
428,11/6/2014 7:00,7.079,,,,
429,11/6/2014 9:00,6.471,,,,
430,11/6/2014 11:00,6.064,,,,
431,11/6/2014 13:00,6.37,,,,
432,11/6/2014 15:00,6.166,,,,
433,11/6/2014 17:00,5.86,,,,
434,11/6/2014 19:00,5.141,,,,
435,11/6/2014 21:00,4.207,,,,
436,11/6/2014 23:00,3.893,,,,
437,11/7/2014 1:00,3.893,,,,
438,11/7/2014 3:00,3.367,,,,
439,11/7/2014 5:00,3.155,,,,
440,11/7/2014 7:00,3.155,,,,
441,11/7/2014 9:00,3.049,,,,
442,11/7/2014 11:00,3.261,,,,
443,11/7/2014 13:00,8.879,,,,
444,11/7/2014 15:00,6.37,,,,
445,11/7/2014 17:00,4.519,,,,
446,11/7/2014 19:00,3.683,,,,
447,11/7/2014 21:00,3.367,,,,
448,11/7/2014 23:00,3.155,,,,
449,11/8/2014 1:00,3.155,,,,
450,11/8/2014 3:00,3.049,,,,
451,11/8/2014 5:00,3.155,,,,
452,11/8/2014 7:00,3.155,,,,
453,11/8/2014 9:00,3.261,,,,
454,11/8/2014 11:00,3.788,,,,
455,11/8/2014 13:00,9.768,,,,
456,11/8/2014 15:00,7.782,,,,
457,11/8/2014 17:00,6.064,,,,
458,11/8/2014 19:00,5.037,,,,
459,11/8/2014 21:00,4.727,,,,
460,11/8/2014 23:00,4.519,,,,
461,11/9/2014 1:00,4.519,,,,
462,11/9/2014 3:00,4.519,,,,
463,11/9/2014 5:00,4.207,,,,
464,11/9/2014 7:00,4.207,,,,
465,11/9/2014 9:00,3.155,,,,
466,11/9/2014 11:00,3.893,,,,
467,11/9/2014 13:00,7.782,,,,
468,11/9/2014 15:00,5.347,,,,
469,11/9/2014 17:00,3.998,,,,
470,11/9/2014 19:00,2.943,,,,
471,11/9/2014 21:00,2.73,,,,
472,11/9/2014 23:00,2.73,,,,
473,11/10/2014 1:00,2.837,,,,
474,11/10/2014 3:00,3.049,,,,
475,11/10/2014 5:00,3.261,,,,
476,11/10/2014 7:00,3.261,,,,
477,11/10/2014 9:00,3.261,,,,
478,11/10/2014 11:00,3.261,,,,
479,11/10/2014 13:00,3.155,,,,
480,11/10/2014 15:00,2.624,,,,
481,11/10/2014 17:00,2.73,,,,
482,11/10/2014 19:00,2.73,,,,
483,11/10/2014 21:00,2.624,,,,
484,11/10/2014 23:00,2.41,,,,
485,11/11/2014 1:00,2.303,,,,
486,11/11/2014 3:00,2.195,,,,
487,11/11/2014 5:00,1.98,,,,
488,11/11/2014 7:00,1.872,,,,
489,11/11/2014 9:00,1.764,,,,
490,11/11/2014 11:00,1.764,,,,
491,11/11/2014 13:00,2.195,,,,
492,11/11/2014 15:00,2.517,,,,
493,11/11/2014 17:00,1.872,,,,
494,11/11/2014 19:00,1.548,,,,
495,11/11/2014 21:00,1.33,,,,
496,11/11/2014 23:00,1.112,,,,
497,11/12/2014 1:00,0.893,,,,
498,11/12/2014 3:00,0.784,,,,
499,11/12/2014 5:00,0.674,,,,
500,11/12/2014 7:00,0.453,,,,
501,11/12/2014 9:00,0.232,,,,
502,11/12/2014 11:00,0.121,,,,
503,11/12/2014 13:00,0.343,,,,
504,11/12/2014 15:00,0.453,,,,
505,11/12/2014 17:00,0.453,,,,
506,11/12/2014 19:00,0.232,,,,
507,11/12/2014 21:00,0.121,,,,
508,11/12/2014 23:00,-0.102,,,,
509,11/13/2014 1:00,-0.213,,,,
510,11/13/2014 3:00,-0.213,,,,
511,11/13/2014 5:00,-0.325,,,,
512,11/13/2014 7:00,-0.325,,,,
513,11/13/2014 9:00,-0.325,,,,
514,11/13/2014 11:00,-0.213,,,,
515,11/13/2014 13:00,0.121,,,,
516,11/13/2014 15:00,0.121,,,,
517,11/13/2014 17:00,-0.102,,,,
518,11/13/2014 19:00,-0.213,,,,
519,11/13/2014 21:00,-0.325,,,,
520,11/13/2014 23:00,-0.437,,,,
521,11/14/2014 1:00,-0.437,,,,
522,11/14/2014 3:00,-0.437,,,,
523,11/14/2014 5:00,-0.549,,,,
524,11/14/2014 7:00,-0.437,,,,
525,11/14/2014 9:00,-0.549,,,,
526,11/14/2014 11:00,-0.437,,,,
527,11/14/2014 13:00,0.121,,,,
528,11/14/2014 15:00,0.121,,,,
529,11/14/2014 17:00,0.121,,,,
530,11/14/2014 19:00,0.121,,,,
531,11/14/2014 21:00,-0.102,,,,
532,11/14/2014 23:00,-0.437,,,,
533,11/15/2014 1:00,-0.549,,,,
534,11/15/2014 3:00,-0.662,,,,
535,11/15/2014 5:00,-0.774,,,,
536,11/15/2014 7:00,-0.887,,,,
537,11/15/2014 9:00,-0.887,,,,
538,11/15/2014 11:00,-0.774,,,,
539,11/15/2014 13:00,0.01,,,,
540,11/15/2014 15:00,0.01,,,,
541,11/15/2014 17:00,0.121,,,,
542,11/15/2014 19:00,-0.213,,,,
543,11/15/2014 21:00,-0.774,,,,
544,11/15/2014 23:00,-0.774,,,,
545,11/16/2014 1:00,-0.774,,,,
546,11/16/2014 3:00,-0.774,,,,
547,11/16/2014 5:00,-0.662,,,,
548,11/16/2014 7:00,-0.662,,,,
549,11/16/2014 9:00,-0.549,,,,
550,11/16/2014 11:00,-0.325,,,,
551,11/16/2014 13:00,0.01,,,,
552,11/16/2014 15:00,0.01,,,,
553,11/16/2014 17:00,0.01,,,,
554,11/16/2014 19:00,0.121,,,,
555,11/16/2014 21:00,0.121,,,,
556,11/16/2014 23:00,0.121,,,,
557,11/17/2014 1:00,0.01,,,,
558,11/17/2014 3:00,-0.102,,,,
559,11/17/2014 5:00,-0.213,,,,
560,11/17/2014 7:00,-0.213,,,,
561,11/17/2014 9:00,-0.213,,,,
562,11/17/2014 11:00,-0.102,,,,
563,11/17/2014 13:00,0.121,,,,
564,11/17/2014 15:00,0.121,,,,
565,11/17/2014 17:00,0.121,,,,
566,11/17/2014 19:00,0.121,,,,
567,11/17/2014 21:00,0.121,,,,
568,11/17/2014 23:00,0.121,,,,
569,11/18/2014 1:00,0.121,,,,
570,11/18/2014 3:00,0.121,,,,
571,11/18/2014 5:00,0.121,,,,
572,11/18/2014 7:00,0.121,,,,
573,11/18/2014 9:00,0.121,,,,
574,11/18/2014 11:00,0.121,,,,
575,11/18/2014 13:00,0.232,,,,
576,11/18/2014 15:00,0.232,,,,
577,11/18/2014 17:00,0.232,,,,
578,11/18/2014 19:00,0.232,,,,
579,11/18/2014 21:00,0.232,,,,
580,11/18/2014 23:00,0.232,,,,
581,11/19/2014 1:00,0.232,,,,
582,11/19/2014 3:00,0.232,,,,
583,11/19/2014 5:00,0.232,,,,
584,11/19/2014 7:00,0.343,,,,
585,11/19/2014 9:00,0.343,,,,
586,11/19/2014 11:00,0.343,,,,
587,11/19/2014 13:00,0.343,,,,
588,11/19/2014 15:00,0.453,,,,
589,11/19/2014 17:00,0.563,,,,
590,11/19/2014 19:00,0.563,,,,
591,11/19/2014 21:00,0.674,,,,
592,11/19/2014 23:00,0.674,,,,
593,11/20/2014 1:00,0.674,,,,
594,11/20/2014 3:00,0.784,,,,
595,11/20/2014 5:00,0.893,,,,
596,11/20/2014 7:00,0.893,,,,
597,11/20/2014 9:00,1.003,,,,
598,11/20/2014 11:00,1.33,,,,
599,11/20/2014 13:00,2.517,,,,
600,11/20/2014 15:00,2.943,,,,
601,11/20/2014 17:00,2.624,,,,
602,11/20/2014 19:00,2.303,,,,
603,11/20/2014 21:00,2.088,,,,
604,11/20/2014 23:00,1.872,,,,
605,11/21/2014 1:00,1.872,,,,
606,11/21/2014 3:00,1.656,,,,
607,11/21/2014 5:00,1.439,,,,
608,11/21/2014 7:00,1.439,,,,
609,11/21/2014 9:00,1.548,,,,
610,11/21/2014 11:00,1.764,,,,
611,11/21/2014 13:00,2.088,,,,
612,11/21/2014 15:00,1.548,,,,
613,11/21/2014 17:00,1.112,,,,
614,11/21/2014 19:00,0.893,,,,
615,11/21/2014 21:00,0.784,,,,
616,11/21/2014 23:00,0.893,,,,
617,11/22/2014 1:00,1.003,,,,
618,11/22/2014 3:00,1.003,,,,
619,11/22/2014 5:00,1.112,,,,
620,11/22/2014 7:00,1.003,,,,
621,11/22/2014 9:00,1.003,,,,
622,11/22/2014 11:00,1.112,,,,
623,11/22/2014 13:00,1.112,,,,
624,11/22/2014 15:00,1.221,,,,
625,11/22/2014 17:00,1.221,,,,
626,11/22/2014 19:00,1.33,,,,
627,11/22/2014 21:00,1.439,,,,
628,11/22/2014 23:00,1.439,,,,
629,11/23/2014 1:00,1.548,,,,
630,11/23/2014 3:00,1.656,,,,
631,11/23/2014 5:00,1.656,,,,
632,11/23/2014 7:00,1.764,,,,
633,11/23/2014 9:00,1.872,,,,
634,11/23/2014 11:00,1.872,,,,
635,11/23/2014 13:00,1.872,,,,
636,11/23/2014 15:00,1.872,,,,
637,11/23/2014 17:00,1.872,,,,
638,11/23/2014 19:00,1.872,,,,
639,11/23/2014 21:00,1.872,,,,
640,11/23/2014 23:00,1.98,,,,
641,11/24/2014 1:00,1.98,,,,
642,11/24/2014 3:00,1.98,,,,
643,11/24/2014 5:00,1.98,,,,
644,11/24/2014 7:00,1.98,,,,
645,11/24/2014 9:00,2.088,,,,
646,11/24/2014 11:00,1.656,,,,
647,11/24/2014 13:00,1.764,,,,
648,11/24/2014 15:00,1.764,,,,
649,11/24/2014 17:00,1.872,,,,
650,11/24/2014 19:00,1.872,,,,
651,11/24/2014 21:00,1.872,,,,
652,11/24/2014 23:00,1.764,,,,
653,11/25/2014 1:00,1.656,,,,
654,11/25/2014 3:00,1.439,,,,
655,11/25/2014 5:00,1.33,,,,
656,11/25/2014 7:00,1.33,,,,
657,11/25/2014 9:00,1.548,,,,
658,11/25/2014 11:00,3.155,,,,
659,11/25/2014 13:00,3.788,,,,
660,11/25/2014 15:00,4.102,,,,
661,11/25/2014 17:00,4.311,,,,
662,11/25/2014 19:00,4.311,,,,
663,11/25/2014 21:00,4.415,,,,
664,11/25/2014 23:00,4.311,,,,
665,11/26/2014 1:00,4.311,,,,
666,11/26/2014 3:00,4.311,,,,
667,11/26/2014 5:00,4.311,,,,
668,11/26/2014 7:00,4.415,,,,
669,11/26/2014 9:00,4.311,,,,
670,11/26/2014 11:00,4.727,,,,
671,11/26/2014 13:00,5.037,,,,
672,11/26/2014 15:00,4.831,,,,
673,11/26/2014 17:00,4.519,,,,
674,11/26/2014 19:00,4.415,,,,
675,11/26/2014 21:00,4.415,,,,
676,11/26/2014 23:00,4.519,,,,
677,11/27/2014 1:00,4.415,,,,
678,11/27/2014 3:00,4.415,,,,
679,11/27/2014 5:00,4.311,,,,
680,11/27/2014 7:00,4.311,,,,
681,11/27/2014 9:00,4.415,,,,
682,11/27/2014 11:00,4.623,,,,
683,11/27/2014 13:00,4.727,,,,
684,11/27/2014 15:00,4.623,,,,
685,11/27/2014 17:00,4.415,,,,
686,11/27/2014 19:00,4.207,,,,
687,11/27/2014 21:00,4.207,,,,
688,11/27/2014 23:00,4.207,,,,
689,11/28/2014 1:00,4.102,,,,
690,11/28/2014 3:00,3.998,,,,
691,11/28/2014 5:00,3.998,,,,
692,11/28/2014 7:00,3.998,,,,
693,11/28/2014 9:00,3.998,,,,
694,11/28/2014 11:00,4.102,,,,
695,11/28/2014 13:00,4.207,,,,
696,11/28/2014 15:00,3.893,,,,
697,11/28/2014 17:00,2.943,,,,
698,11/28/2014 19:00,2.943,,,,
699,11/28/2014 21:00,2.943,,,,
700,11/28/2014 23:00,3.155,,,,
701,11/29/2014 1:00,3.155,,,,
702,11/29/2014 3:00,3.155,,,,
703,11/29/2014 5:00,3.049,,,,
704,11/29/2014 7:00,3.049,,,,
705,11/29/2014 9:00,2.943,,,,
706,11/29/2014 11:00,2.73,,,,
707,11/29/2014 13:00,2.837,,,,
708,11/29/2014 15:00,2.837,,,,
709,11/29/2014 17:00,2.73,,,,
710,11/29/2014 19:00,2.73,,,,
711,11/29/2014 21:00,2.624,,,,
712,11/29/2014 23:00,2.517,,,,
713,11/30/2014 1:00,2.517,,,,
714,11/30/2014 3:00,2.41,,,,
715,11/30/2014 5:00,2.41,,,,
716,11/30/2014 7:00,2.41,,,,
717,11/30/2014 9:00,2.195,,,,
718,11/30/2014 11:00,2.195,,,,
719,11/30/2014 13:00,2.303,,,,
720,11/30/2014 15:00,2.303,,,,
721,11/30/2014 17:00,2.195,,,,
722,11/30/2014 19:00,1.98,,,,
723,11/30/2014 21:00,1.764,,,,
724,11/30/2014 23:00,1.656,,,,
725,12/1/2014 1:00,1.548,,,,
726,12/1/2014 3:00,1.439,,,,
727,12/1/2014 5:00,1.33,,,,
728,12/1/2014 7:00,1.221,,,,
729,12/1/2014 9:00,1.221,,,,
730,12/1/2014 11:00,1.221,,,,
731,12/1/2014 13:00,1.548,,,,
732,12/1/2014 15:00,1.764,,,,
733,12/1/2014 17:00,1.872,,,,
734,12/1/2014 19:00,1.872,,,,
735,12/1/2014 21:00,1.764,,,,
736,12/1/2014 23:00,1.656,,,,
737,12/2/2014 1:00,1.548,,,,
738,12/2/2014 3:00,1.439,,,,
739,12/2/2014 5:00,1.33,,,,
740,12/2/2014 7:00,1.221,,,,
741,12/2/2014 9:00,1.112,,,,
742,12/2/2014 11:00,1.112,,,,
743,12/2/2014 13:00,1.33,,,,
744,12/2/2014 15:00,1.439,,,,
745,12/2/2014 17:00,1.548,,,,
746,12/2/2014 19:00,1.548,,,,
747,12/2/2014 21:00,1.548,,,,
748,12/2/2014 23:00,1.439,,,,
749,12/3/2014 1:00,1.439,,,,
750,12/3/2014 3:00,1.33,,,,
751,12/3/2014 5:00,1.33,,,,
752,12/3/2014 7:00,1.33,,,,
753,12/3/2014 9:00,1.439,,,,
754,12/3/2014 11:00,1.439,,,,
755,12/3/2014 13:00,1.656,,,,
756,12/3/2014 15:00,1.764,,,,
757,12/3/2014 17:00,1.764,,,,
758,12/3/2014 19:00,1.872,,,,
759,12/3/2014 21:00,1.98,,,,
760,12/3/2014 23:00,1.98,,,,
761,12/4/2014 1:00,1.98,,,,
762,12/4/2014 3:00,1.98,,,,
763,12/4/2014 5:00,1.98,,,,
764,12/4/2014 7:00,2.088,,,,
765,12/4/2014 9:00,2.088,,,,
766,12/4/2014 11:00,2.195,,,,
767,12/4/2014 13:00,2.303,,,,
768,12/4/2014 15:00,2.303,,,,
769,12/4/2014 17:00,2.195,,,,
770,12/4/2014 19:00,2.088,,,,
771,12/4/2014 21:00,2.088,,,,
772,12/4/2014 23:00,2.088,,,,
773,12/5/2014 1:00,2.088,,,,
774,12/5/2014 3:00,2.088,,,,
775,12/5/2014 5:00,2.088,,,,
776,12/5/2014 7:00,2.088,,,,
777,12/5/2014 9:00,1.98,,,,
778,12/5/2014 11:00,1.98,,,,
779,12/5/2014 13:00,1.98,,,,
780,12/5/2014 15:00,2.088,,,,
781,12/5/2014 17:00,2.088,,,,
782,12/5/2014 19:00,1.764,,,,
783,12/5/2014 21:00,1.98,,,,
784,12/5/2014 23:00,1.98,,,,
785,12/6/2014 1:00,1.98,,,,
786,12/6/2014 3:00,1.764,,,,
787,12/6/2014 5:00,1.764,,,,
788,12/6/2014 7:00,1.764,,,,
789,12/6/2014 9:00,1.764,,,,
790,12/6/2014 11:00,1.764,,,,
791,12/6/2014 13:00,1.872,,,,
792,12/6/2014 15:00,1.872,,,,
793,12/6/2014 17:00,1.872,,,,
794,12/6/2014 19:00,1.872,,,,
795,12/6/2014 21:00,1.872,,,,
796,12/6/2014 23:00,1.872,,,,
797,12/7/2014 1:00,1.98,,,,
798,12/7/2014 3:00,1.98,,,,
799,12/7/2014 5:00,1.98,,,,
800,12/7/2014 7:00,2.088,,,,
801,12/7/2014 9:00,2.088,,,,
802,12/7/2014 11:00,2.088,,,,
803,12/7/2014 13:00,2.088,,,,
804,12/7/2014 15:00,2.088,,,,
805,12/7/2014 17:00,2.088,,,,
806,12/7/2014 19:00,1.98,,,,
807,12/7/2014 21:00,1.98,,,,
808,12/7/2014 23:00,2.088,,,,
809,12/8/2014 1:00,2.088,,,,
810,12/8/2014 3:00,2.088,,,,
811,12/8/2014 5:00,2.088,,,,
812,12/8/2014 7:00,2.088,,,,
813,12/8/2014 9:00,2.088,,,,
814,12/8/2014 11:00,2.195,,,,
815,12/8/2014 13:00,2.195,,,,
816,12/8/2014 15:00,2.088,,,,
817,12/8/2014 17:00,2.088,,,,
818,12/8/2014 19:00,2.088,,,,
819,12/8/2014 21:00,1.98,,,,
820,12/8/2014 23:00,1.98,,,,
821,12/9/2014 1:00,1.98,,,,
822,12/9/2014 3:00,1.872,,,,
823,12/9/2014 5:00,1.872,,,,
824,12/9/2014 7:00,1.98,,,,
825,12/9/2014 9:00,2.517,,,,
826,12/9/2014 11:00,3.367,,,,
827,12/9/2014 13:00,3.683,,,,
828,12/9/2014 15:00,3.893,,,,
829,12/9/2014 17:00,3.683,,,,
830,12/9/2014 19:00,3.578,,,,
831,12/9/2014 21:00,3.472,,,,
832,12/9/2014 23:00,3.472,,,,
833,12/10/2014 1:00,3.683,,,,
834,12/10/2014 3:00,3.788,,,,
835,12/10/2014 5:00,3.893,,,,
836,12/10/2014 7:00,3.893,,,,
837,12/10/2014 9:00,3.893,,,,
838,12/10/2014 11:00,3.998,,,,
839,12/10/2014 13:00,3.893,,,,
840,12/10/2014 15:00,3.788,,,,
841,12/10/2014 17:00,3.683,,,,
842,12/10/2014 19:00,3.683,,,,
843,12/10/2014 21:00,3.472,,,,
844,12/10/2014 23:00,3.367,,,,
845,12/11/2014 1:00,3.367,,,,
846,12/11/2014 3:00,3.367,,,,
847,12/11/2014 5:00,3.261,,,,
848,12/11/2014 7:00,3.261,,,,
849,12/11/2014 9:00,2.41,,,,
850,12/11/2014 11:00,2.73,,,,
851,12/11/2014 13:00,2.837,,,,
852,12/11/2014 15:00,2.837,,,,
853,12/11/2014 17:00,2.837,,,,
854,12/11/2014 19:00,3.049,,,,
855,12/11/2014 21:00,3.155,,,,
856,12/11/2014 23:00,3.155,,,,
857,12/12/2014 1:00,3.049,,,,
858,12/12/2014 3:00,3.049,,,,
859,12/12/2014 5:00,3.049,,,,
860,12/12/2014 7:00,3.049,,,,
861,12/12/2014 9:00,3.049,,,,
862,12/12/2014 11:00,3.049,,,,
863,12/12/2014 13:00,3.155,,,,
864,12/12/2014 15:00,3.155,,,,
865,12/12/2014 17:00,2.943,,,,
866,12/12/2014 19:00,2.943,,,,
867,12/12/2014 21:00,2.837,,,,
868,12/12/2014 23:00,2.73,,,,
869,12/13/2014 1:00,2.624,,,,
870,12/13/2014 3:00,2.517,,,,
871,12/13/2014 5:00,2.303,,,,
872,12/13/2014 7:00,2.195,,,,
873,12/13/2014 9:00,2.195,,,,
874,12/13/2014 11:00,2.088,,,,
875,12/13/2014 13:00,2.517,,,,
876,12/13/2014 15:00,2.517,,,,
877,12/13/2014 17:00,2.303,,,,
878,12/13/2014 19:00,1.98,,,,
879,12/13/2014 21:00,1.764,,,,
880,12/13/2014 23:00,1.548,,,,
881,12/14/2014 1:00,1.439,,,,
882,12/14/2014 3:00,1.33,,,,
883,12/14/2014 5:00,1.33,,,,
884,12/14/2014 7:00,1.221,,,,
885,12/14/2014 9:00,1.112,,,,
886,12/14/2014 11:00,1.112,,,,
887,12/14/2014 13:00,1.439,,,,
888,12/14/2014 15:00,1.439,,,,
889,12/14/2014 17:00,1.548,,,,
890,12/14/2014 19:00,1.439,,,,
891,12/14/2014 21:00,1.33,,,,
892,12/14/2014 23:00,1.221,,,,
893,12/15/2014 1:00,1.112,,,,
894,12/15/2014 3:00,1.112,,,,
895,12/15/2014 5:00,1.003,,,,
896,12/15/2014 7:00,1.003,,,,
897,12/15/2014 9:00,1.003,,,,
898,12/15/2014 11:00,1.112,,,,
899,12/15/2014 13:00,1.221,,,,
900,12/15/2014 15:00,1.33,,,,
901,12/15/2014 17:00,1.439,,,,
902,12/15/2014 19:00,1.439,,,,
903,12/15/2014 21:00,1.439,,,,
904,12/15/2014 23:00,1.439,,,,
905,12/16/2014 1:00,1.439,,,,
906,12/16/2014 3:00,1.548,,,,
907,12/16/2014 5:00,1.656,,,,
908,12/16/2014 7:00,1.656,,,,
909,12/16/2014 9:00,1.764,,,,
910,12/16/2014 11:00,1.872,,,,
911,12/16/2014 13:00,1.872,,,,
912,12/16/2014 15:00,1.98,,,,
913,12/16/2014 17:00,1.98,,,,
914,12/16/2014 19:00,1.98,,,,
915,12/16/2014 21:00,1.98,,,,
916,12/16/2014 23:00,1.872,,,,
917,12/17/2014 1:00,1.872,,,,
918,12/17/2014 3:00,1.872,,,,
919,12/17/2014 5:00,1.872,,,,
920,12/17/2014 7:00,1.872,,,,
921,12/17/2014 9:00,1.872,,,,
922,12/17/2014 11:00,1.872,,,,
923,12/17/2014 13:00,1.872,,,,
924,12/17/2014 15:00,1.872,,,,
925,12/17/2014 17:00,1.872,,,,
926,12/17/2014 19:00,1.872,,,,
927,12/17/2014 21:00,1.872,,,,
928,12/17/2014 23:00,1.872,,,,
929,12/18/2014 1:00,1.872,,,,
930,12/18/2014 3:00,1.872,,,,
931,12/18/2014 5:00,1.872,,,,
932,12/18/2014 7:00,1.872,,,,
933,12/18/2014 9:00,1.872,,,,
934,12/18/2014 11:00,1.872,,,,
935,12/18/2014 13:00,1.872,,,,
936,12/18/2014 15:00,1.98,,,,
937,12/18/2014 17:00,1.872,,,,
938,12/18/2014 19:00,1.872,,,,
939,12/18/2014 21:00,1.764,,,,
940,12/18/2014 23:00,1.656,,,,
941,12/19/2014 1:00,1.656,,,,
942,12/19/2014 3:00,1.548,,,,
943,12/19/2014 5:00,1.548,,,,
944,12/19/2014 7:00,1.656,,,,
945,12/19/2014 9:00,1.656,,,,
946,12/19/2014 11:00,1.656,,,,
947,12/19/2014 13:00,1.764,,,,
948,12/19/2014 15:00,1.764,,,,
949,12/19/2014 17:00,1.656,,,,
950,12/19/2014 19:00,1.656,,,,
951,12/19/2014 21:00,1.656,,,,
952,12/19/2014 23:00,1.656,,,,
953,12/20/2014 1:00,1.656,,,,
954,12/20/2014 3:00,1.764,,,,
955,12/20/2014 5:00,1.764,,,,
956,12/20/2014 7:00,1.764,,,,
957,12/20/2014 9:00,1.764,,,,
958,12/20/2014 11:00,1.764,,,,
959,12/20/2014 13:00,1.656,,,,
960,12/20/2014 15:00,1.656,,,,
961,12/20/2014 17:00,1.656,,,,
962,12/20/2014 19:00,1.656,,,,
963,12/20/2014 21:00,1.548,,,,
964,12/20/2014 23:00,1.33,,,,
965,12/21/2014 1:00,1.112,,,,
966,12/21/2014 3:00,1.221,,,,
967,12/21/2014 5:00,1.33,,,,
968,12/21/2014 7:00,1.872,,,,
969,12/21/2014 9:00,2.195,,,,
970,12/21/2014 11:00,2.41,,,,
971,12/21/2014 13:00,2.41,,,,
972,12/21/2014 15:00,2.41,,,,
973,12/21/2014 17:00,2.41,,,,
974,12/21/2014 19:00,2.41,,,,
975,12/21/2014 21:00,2.303,,,,
976,12/21/2014 23:00,2.303,,,,
977,12/22/2014 1:00,2.195,,,,
978,12/22/2014 3:00,2.088,,,,
979,12/22/2014 5:00,2.088,,,,
980,12/22/2014 7:00,2.088,,,,
981,12/22/2014 9:00,1.98,,,,
982,12/22/2014 11:00,1.98,,,,
983,12/22/2014 13:00,1.98,,,,
984,12/22/2014 15:00,1.98,,,,
985,12/22/2014 17:00,1.98,,,,
986,12/22/2014 19:00,1.98,,,,
987,12/22/2014 21:00,1.98,,,,
988,12/22/2014 23:00,1.98,,,,
989,12/23/2014 1:00,1.98,,,,
990,12/23/2014 3:00,1.98,,,,
991,12/23/2014 5:00,1.98,,,,
992,12/23/2014 7:00,1.98,,,,
993,12/23/2014 9:00,1.98,,,,
994,12/23/2014 11:00,1.98,,,,
995,12/23/2014 13:00,1.98,,,,
996,12/23/2014 15:00,1.98,,,,
997,12/23/2014 17:00,1.98,,,,
998,12/23/2014 19:00,1.98,,,,
999,12/23/2014 21:00,1.98,,,,
1000,12/23/2014 23:00,1.98,,,,
1001,12/24/2014 1:00,1.98,,,,
1002,12/24/2014 3:00,1.98,,,,
1003,12/24/2014 5:00,1.98,,,,
1004,12/24/2014 7:00,1.98,,,,
1005,12/24/2014 9:00,1.872,,,,
1006,12/24/2014 11:00,1.872,,,,
1007,12/24/2014 13:00,1.872,,,,
1008,12/24/2014 15:00,1.872,,,,
1009,12/24/2014 17:00,1.872,,,,
1010,12/24/2014 19:00,1.872,,,,
1011,12/24/2014 21:00,1.872,,,,
1012,12/24/2014 23:00,1.764,,,,
1013,12/25/2014 1:00,1.764,,,,
1014,12/25/2014 3:00,1.764,,,,
1015,12/25/2014 5:00,1.764,,,,
1016,12/25/2014 7:00,1.764,,,,
1017,12/25/2014 9:00,1.764,,,,
1018,12/25/2014 11:00,1.764,,,,
1019,12/25/2014 13:00,1.764,,,,
1020,12/25/2014 15:00,1.764,,,,
1021,12/25/2014 17:00,1.764,,,,
1022,12/25/2014 19:00,1.764,,,,
1023,12/25/2014 21:00,1.764,,,,
1024,12/25/2014 23:00,1.764,,,,
1025,12/26/2014 1:00,1.764,,,,
1026,12/26/2014 3:00,1.764,,,,
1027,12/26/2014 5:00,1.764,,,,
1028,12/26/2014 7:00,1.764,,,,
1029,12/26/2014 9:00,1.764,,,,
1030,12/26/2014 11:00,1.764,,,,
1031,12/26/2014 13:00,1.764,,,,
1032,12/26/2014 15:00,1.764,,,,
1033,12/26/2014 17:00,1.764,,,,
1034,12/26/2014 19:00,1.656,,,,
1035,12/26/2014 21:00,1.656,,,,
1036,12/26/2014 23:00,1.764,,,,
1037,12/27/2014 1:00,1.764,,,,
1038,12/27/2014 3:00,1.764,,,,
1039,12/27/2014 5:00,1.764,,,,
1040,12/27/2014 7:00,1.656,,,,
1041,12/27/2014 9:00,1.656,,,,
1042,12/27/2014 11:00,1.656,,,,
1043,12/27/2014 13:00,1.656,,,,
1044,12/27/2014 15:00,1.656,,,,
1045,12/27/2014 17:00,1.656,,,,
1046,12/27/2014 19:00,1.656,,,,
1047,12/27/2014 21:00,1.656,,,,
1048,12/27/2014 23:00,1.656,,,,
1049,12/28/2014 1:00,1.656,,,,
1050,12/28/2014 3:00,1.656,,,,
1051,12/28/2014 5:00,1.656,,,,
1052,12/28/2014 7:00,1.656,,,,
1053,12/28/2014 9:00,1.656,,,,
1054,12/28/2014 11:00,1.656,,,,
1055,12/28/2014 13:00,1.656,,,,
1056,12/28/2014 15:00,1.656,,,,
1057,12/28/2014 17:00,1.656,,,,
1058,12/28/2014 19:00,1.656,,,,
1059,12/28/2014 21:00,1.656,,,,
1060,12/28/2014 23:00,1.656,,,,
1061,12/29/2014 1:00,1.656,,,,
1062,12/29/2014 3:00,1.656,,,,
1063,12/29/2014 5:00,1.656,,,,
1064,12/29/2014 7:00,1.656,,,,
1065,12/29/2014 9:00,1.656,,,,
1066,12/29/2014 11:00,1.656,,,,
1067,12/29/2014 13:00,1.656,,,,
1068,12/29/2014 15:00,1.656,,,,
1069,12/29/2014 17:00,1.656,,,,
1070,12/29/2014 19:00,1.656,,,,
1071,12/29/2014 21:00,1.656,,,,
1072,12/29/2014 23:00,1.548,,,,
1073,12/30/2014 1:00,1.548,,,,
1074,12/30/2014 3:00,1.548,,,,
1075,12/30/2014 5:00,1.548,,,,
1076,12/30/2014 7:00,1.548,,,,
1077,12/30/2014 9:00,1.548,,,,
1078,12/30/2014 11:00,1.548,,,,
1079,12/30/2014 13:00,1.548,,,,
1080,12/30/2014 15:00,1.548,,,,
1081,12/30/2014 17:00,1.548,,,,
1082,12/30/2014 19:00,1.548,,,,
1083,12/30/2014 21:00,1.548,,,,
1084,12/30/2014 23:00,1.548,,,,
1085,12/31/2014 1:00,1.439,,,,
1086,12/31/2014 3:00,1.439,,,,
1087,12/31/2014 5:00,1.439,,,,
1088,12/31/2014 7:00,1.439,,,,
1089,12/31/2014 9:00,1.439,,,,
1090,12/31/2014 11:00,1.439,,,,
1091,12/31/2014 13:00,1.439,,,,
1092,12/31/2014 15:00,1.439,,,,
1093,12/31/2014 17:00,1.439,,,,
1094,12/31/2014 19:00,1.439,,,,
1095,12/31/2014 21:00,1.439,,,,
1096,12/31/2014 23:00,1.439,,,,
1097,1/1/2015 1:00,1.439,,,,
1098,1/1/2015 3:00,1.439,,,,
1099,1/1/2015 5:00,1.439,,,,
1100,1/1/2015 7:00,1.439,,,,
1101,1/1/2015 9:00,1.439,,,,
1102,1/1/2015 11:00,1.439,,,,
1103,1/1/2015 13:00,1.439,,,,
1104,1/1/2015 15:00,1.33,,,,
1105,1/1/2015 17:00,1.33,,,,
1106,1/1/2015 19:00,1.33,,,,
1107,1/1/2015 21:00,1.33,,,,
1108,1/1/2015 23:00,1.33,,,,
1109,1/2/2015 1:00,1.33,,,,
1110,1/2/2015 3:00,1.33,,,,
1111,1/2/2015 5:00,1.33,,,,
1112,1/2/2015 7:00,1.33,,,,
1113,1/2/2015 9:00,1.33,,,,
1114,1/2/2015 11:00,1.33,,,,
1115,1/2/2015 13:00,1.33,,,,
1116,1/2/2015 15:00,1.33,,,,
1117,1/2/2015 17:00,1.33,,,,
1118,1/2/2015 19:00,1.33,,,,
1119,1/2/2015 21:00,1.33,,,,
1120,1/2/2015 23:00,1.33,,,,
1121,1/3/2015 1:00,1.33,,,,
1122,1/3/2015 3:00,1.33,,,,
1123,1/3/2015 5:00,1.33,,,,
1124,1/3/2015 7:00,1.33,,,,
1125,1/3/2015 9:00,1.33,,,,
1126,1/3/2015 11:00,1.33,,,,
1127,1/3/2015 13:00,1.33,,,,
1128,1/3/2015 15:00,1.33,,,,
1129,1/3/2015 17:00,1.33,,,,
1130,1/3/2015 19:00,1.33,,,,
1131,1/3/2015 21:00,1.33,,,,
1132,1/3/2015 23:00,1.33,,,,
1133,1/4/2015 1:00,1.33,,,,
1134,1/4/2015 3:00,1.33,,,,
1135,1/4/2015 5:00,1.33,,,,
1136,1/4/2015 7:00,1.33,,,,
1137,1/4/2015 9:00,1.33,,,,
1138,1/4/2015 11:00,1.33,,,,
1139,1/4/2015 13:00,1.33,,,,
1140,1/4/2015 15:00,1.33,,,,
1141,1/4/2015 17:00,1.33,,,,
1142,1/4/2015 19:00,1.33,,,,
1143,1/4/2015 21:00,1.33,,,,
1144,1/4/2015 23:00,1.221,,,,
1145,1/5/2015 1:00,1.112,,,,
1146,1/5/2015 3:00,0.893,,,,
1147,1/5/2015 5:00,0.784,,,,
1148,1/5/2015 7:00,0.784,,,,
1149,1/5/2015 9:00,1.003,,,,
1150,1/5/2015 11:00,1.98,,,,
1151,1/5/2015 13:00,2.195,,,,
1152,1/5/2015 15:00,2.303,,,,
1153,1/5/2015 17:00,2.303,,,,
1154,1/5/2015 19:00,2.303,,,,
1155,1/5/2015 21:00,2.303,,,,
1156,1/5/2015 23:00,2.303,,,,
1157,1/6/2015 1:00,2.195,,,,
1158,1/6/2015 3:00,2.195,,,,
1159,1/6/2015 5:00,2.195,,,,
1160,1/6/2015 7:00,2.195,,,,
1161,1/6/2015 9:00,2.088,,,,
1162,1/6/2015 11:00,2.088,,,,
1163,1/6/2015 13:00,1.98,,,,
1164,1/6/2015 15:00,1.98,,,,
1165,1/6/2015 17:00,1.98,,,,
1166,1/6/2015 19:00,1.98,,,,
1167,1/6/2015 21:00,1.872,,,,
1168,1/6/2015 23:00,1.872,,,,
1169,1/7/2015 1:00,1.872,,,,
1170,1/7/2015 3:00,1.872,,,,
1171,1/7/2015 5:00,1.872,,,,
1172,1/7/2015 7:00,1.872,,,,
1173,1/7/2015 9:00,1.872,,,,
1174,1/7/2015 11:00,1.872,,,,
1175,1/7/2015 13:00,1.872,,,,
1176,1/7/2015 15:00,1.764,,,,
1177,1/7/2015 17:00,1.764,,,,
1178,1/7/2015 19:00,1.764,,,,
1179,1/7/2015 21:00,1.764,,,,
1180,1/7/2015 23:00,1.764,,,,
1181,1/8/2015 1:00,1.764,,,,
1182,1/8/2015 3:00,1.764,,,,
1183,1/8/2015 5:00,1.764,,,,
1184,1/8/2015 7:00,1.764,,,,
1185,1/8/2015 9:00,1.764,,,,
1186,1/8/2015 11:00,1.764,,,,
1187,1/8/2015 13:00,1.764,,,,
1188,1/8/2015 15:00,1.764,,,,
1189,1/8/2015 17:00,1.872,,,,
1190,1/8/2015 19:00,1.872,,,,
1191,1/8/2015 21:00,1.872,,,,
1192,1/8/2015 23:00,1.872,,,,
1193,1/9/2015 1:00,1.98,,,,
1194,1/9/2015 3:00,1.98,,,,
1195,1/9/2015 5:00,1.98,,,,
1196,1/9/2015 7:00,1.872,,,,
1197,1/9/2015 9:00,1.872,,,,
1198,1/9/2015 11:00,1.872,,,,
1199,1/9/2015 13:00,1.872,,,,
1200,1/9/2015 15:00,1.872,,,,
1201,1/9/2015 17:00,1.764,,,,
1202,1/9/2015 19:00,1.764,,,,
1203,1/9/2015 21:00,1.764,,,,
1204,1/9/2015 23:00,1.764,,,,
1205,1/10/2015 1:00,1.764,,,,
1206,1/10/2015 3:00,1.764,,,,
1207,1/10/2015 5:00,1.764,,,,
1208,1/10/2015 7:00,1.764,,,,
1209,1/10/2015 9:00,1.764,,,,
1210,1/10/2015 11:00,1.764,,,,
1211,1/10/2015 13:00,1.764,,,,
1212,1/10/2015 15:00,1.764,,,,
1213,1/10/2015 17:00,1.764,,,,
1214,1/10/2015 19:00,1.764,,,,
1215,1/10/2015 21:00,1.764,,,,
1216,1/10/2015 23:00,1.764,,,,
1217,1/11/2015 1:00,1.764,,,,
1218,1/11/2015 3:00,1.764,,,,
1219,1/11/2015 5:00,1.764,,,,
1220,1/11/2015 7:00,1.764,,,,
1221,1/11/2015 9:00,1.764,,,,
1222,1/11/2015 11:00,1.764,,,,
1223,1/11/2015 13:00,1.764,,,,
1224,1/11/2015 15:00,1.764,,,,
1225,1/11/2015 17:00,1.764,,,,
1226,1/11/2015 19:00,1.764,,,,
1227,1/11/2015 21:00,1.764,,,,
1228,1/11/2015 23:00,1.764,,,,
1229,1/12/2015 1:00,1.764,,,,
1230,1/12/2015 3:00,1.764,,,,
1231,1/12/2015 5:00,1.656,,,,
1232,1/12/2015 7:00,1.656,,,,
1233,1/12/2015 9:00,1.656,,,,
1234,1/12/2015 11:00,1.656,,,,
1235,1/12/2015 13:00,1.656,,,,
1236,1/12/2015 15:00,1.656,,,,
1237,1/12/2015 17:00,1.656,,,,
1238,1/12/2015 19:00,1.656,,,,
1239,1/12/2015 21:00,1.656,,,,
1240,1/12/2015 23:00,1.656,,,,
1241,1/13/2015 1:00,1.656,,,,
1242,1/13/2015 3:00,1.548,,,,
1243,1/13/2015 5:00,1.548,,,,
1244,1/13/2015 7:00,1.439,,,,
1245,1/13/2015 9:00,1.439,,,,
1246,1/13/2015 11:00,1.439,,,,
1247,1/13/2015 13:00,1.548,,,,
1248,1/13/2015 15:00,1.548,,,,
1249,1/13/2015 17:00,1.548,,,,
1250,1/13/2015 19:00,1.548,,,,
1251,1/13/2015 21:00,1.548,,,,
1252,1/13/2015 23:00,1.548,,,,
1253,1/14/2015 1:00,1.548,,,,
1254,1/14/2015 3:00,1.548,,,,
1255,1/14/2015 5:00,1.548,,,,
1256,1/14/2015 7:00,1.439,,,,
1257,1/14/2015 9:00,1.439,,,,
1258,1/14/2015 11:00,1.439,,,,
1259,1/14/2015 13:00,1.548,,,,
1260,1/14/2015 15:00,1.656,,,,
1261,1/14/2015 17:00,1.656,,,,
1262,1/14/2015 19:00,1.548,,,,
1263,1/14/2015 21:00,1.548,,,,
1264,1/14/2015 23:00,1.548,,,,
1265,1/15/2015 1:00,1.548,,,,
1266,1/15/2015 3:00,1.439,,,,
1267,1/15/2015 5:00,1.439,,,,
1268,1/15/2015 7:00,1.33,,,,
1269,1/15/2015 9:00,1.33,,,,
1270,1/15/2015 11:00,1.33,,,,
1271,1/15/2015 13:00,1.439,,,,
1272,1/15/2015 15:00,1.548,,,,
1273,1/15/2015 17:00,1.548,,,,
1274,1/15/2015 19:00,1.548,,,,
1275,1/15/2015 21:00,1.548,,,,
1276,1/15/2015 23:00,1.439,,,,
1277,1/16/2015 1:00,1.439,,,,
1278,1/16/2015 3:00,1.33,,,,
1279,1/16/2015 5:00,1.439,,,,
1280,1/16/2015 7:00,1.439,,,,
1281,1/16/2015 9:00,1.439,,,,
1282,1/16/2015 11:00,1.439,,,,
1283,1/16/2015 13:00,1.548,,,,
1284,1/16/2015 15:00,1.548,,,,
1285,1/16/2015 17:00,1.548,,,,
1286,1/16/2015 19:00,1.548,,,,
1287,1/16/2015 21:00,1.548,,,,
1288,1/16/2015 23:00,1.548,,,,
1289,1/17/2015 1:00,1.439,,,,
1290,1/17/2015 3:00,1.33,,,,
1291,1/17/2015 5:00,1.33,,,,
1292,1/17/2015 7:00,1.33,,,,
1293,1/17/2015 9:00,1.33,,,,
1294,1/17/2015 11:00,1.439,,,,
1295,1/17/2015 13:00,1.439,,,,
1296,1/17/2015 15:00,1.439,,,,
1297,1/17/2015 17:00,1.548,,,,
1298,1/17/2015 19:00,1.548,,,,
1299,1/17/2015 21:00,1.439,,,,
1300,1/17/2015 23:00,1.439,,,,
1301,1/18/2015 1:00,1.439,,,,
1302,1/18/2015 3:00,1.872,,,,
1303,1/18/2015 5:00,2.088,,,,
1304,1/18/2015 7:00,2.195,,,,
1305,1/18/2015 9:00,2.195,,,,
1306,1/18/2015 11:00,2.195,,,,
1307,1/18/2015 13:00,2.195,,,,
1308,1/18/2015 15:00,2.195,,,,
1309,1/18/2015 17:00,2.088,,,,
1310,1/18/2015 19:00,2.088,,,,
1311,1/18/2015 21:00,2.088,,,,
1312,1/18/2015 23:00,2.088,,,,
1313,1/19/2015 1:00,1.98,,,,
1314,1/19/2015 3:00,1.98,,,,
1315,1/19/2015 5:00,1.872,,,,
1316,1/19/2015 7:00,1.872,,,,
1317,1/19/2015 9:00,1.872,,,,
1318,1/19/2015 11:00,1.872,,,,
1319,1/19/2015 13:00,1.872,,,,
1320,1/19/2015 15:00,1.872,,,,
1321,1/19/2015 17:00,1.872,,,,
1322,1/19/2015 19:00,1.872,,,,
1323,1/19/2015 21:00,1.764,,,,
1324,1/19/2015 23:00,1.764,,,,
1325,1/20/2015 1:00,1.764,,,,
1326,1/20/2015 3:00,1.656,,,,
1327,1/20/2015 5:00,1.656,,,,
1328,1/20/2015 7:00,1.548,,,,
1329,1/20/2015 9:00,1.548,,,,
1330,1/20/2015 11:00,1.548,,,,
1331,1/20/2015 13:00,1.548,,,,
1332,1/20/2015 15:00,1.656,,,,
1333,1/20/2015 17:00,1.656,,,,
1334,1/20/2015 19:00,1.548,,,,
1335,1/20/2015 21:00,1.33,,,,
1336,1/20/2015 23:00,1.33,,,,
1337,1/21/2015 1:00,1.221,,,,
1338,1/21/2015 3:00,1.112,,,,
1339,1/21/2015 5:00,1.112,,,,
1340,1/21/2015 7:00,1.112,,,,
1341,1/21/2015 9:00,1.112,,,,
1342,1/21/2015 11:00,1.112,,,,
1343,1/21/2015 13:00,1.221,,,,
1344,1/21/2015 15:00,1.33,,,,
1345,1/21/2015 17:00,1.33,,,,
1346,1/21/2015 19:00,1.33,,,,
1347,1/21/2015 21:00,1.439,,,,
1348,1/21/2015 23:00,1.439,,,,
1349,1/22/2015 1:00,1.439,,,,
1350,1/22/2015 3:00,1.439,,,,
1351,1/22/2015 5:00,1.548,,,,
1352,1/22/2015 7:00,1.548,,,,
1353,1/22/2015 9:00,1.548,,,,
1354,1/22/2015 11:00,1.548,,,,
1355,1/22/2015 13:00,1.656,,,,
1356,1/22/2015 15:00,1.656,,,,
1357,1/22/2015 17:00,1.656,,,,
1358,1/22/2015 19:00,1.656,,,,
1359,1/22/2015 21:00,1.656,,,,
1360,1/22/2015 23:00,1.548,,,,
1361,1/23/2015 1:00,1.548,,,,
1362,1/23/2015 3:00,1.548,,,,
1363,1/23/2015 5:00,1.548,,,,
1364,1/23/2015 7:00,1.548,,,,
1365,1/23/2015 9:00,1.548,,,,
1366,1/23/2015 11:00,1.656,,,,
1367,1/23/2015 13:00,1.656,,,,
1368,1/23/2015 15:00,1.764,,,,
1369,1/23/2015 17:00,1.764,,,,
1370,1/23/2015 19:00,1.764,,,,
1371,1/23/2015 21:00,1.764,,,,
1372,1/23/2015 23:00,1.656,,,,
1373,1/24/2015 1:00,1.656,,,,
1374,1/24/2015 3:00,1.764,,,,
1375,1/24/2015 5:00,1.872,,,,
1376,1/24/2015 7:00,2.195,,,,
1377,1/24/2015 9:00,2.624,,,,
1378,1/24/2015 11:00,3.155,,,,
1379,1/24/2015 13:00,6.775,,,,
1380,1/24/2015 15:00,6.064,,,,
1381,1/24/2015 17:00,4.415,,,,
1382,1/24/2015 19:00,3.155,,,,
1383,1/24/2015 21:00,2.624,,,,
1384,1/24/2015 23:00,2.73,,,,
1385,1/25/2015 1:00,2.303,,,,
1386,1/25/2015 3:00,2.195,,,,
1387,1/25/2015 5:00,2.195,,,,
1388,1/25/2015 7:00,1.98,,,,
1389,1/25/2015 9:00,1.872,,,,
1390,1/25/2015 11:00,2.303,,,,
1391,1/25/2015 13:00,7.079,,,,
1392,1/25/2015 15:00,4.934,,,,
1393,1/25/2015 17:00,3.367,,,,
1394,1/25/2015 19:00,2.517,,,,
1395,1/25/2015 21:00,2.195,,,,
1396,1/25/2015 23:00,2.088,,,,
1397,1/26/2015 1:00,2.195,,,,
1398,1/26/2015 3:00,2.303,,,,
1399,1/26/2015 5:00,2.303,,,,
1400,1/26/2015 7:00,2.303,,,,
1401,1/26/2015 9:00,2.195,,,,
1402,1/26/2015 11:00,2.517,,,,
1403,1/26/2015 13:00,7.179,,,,
1404,1/26/2015 15:00,5.141,,,,
1405,1/26/2015 17:00,3.367,,,,
1406,1/26/2015 19:00,2.41,,,,
1407,1/26/2015 21:00,2.195,,,,
1408,1/26/2015 23:00,2.088,,,,
1409,1/27/2015 1:00,1.98,,,,
1410,1/27/2015 3:00,1.872,,,,
1411,1/27/2015 5:00,1.656,,,,
1412,1/27/2015 7:00,1.656,,,,
1413,1/27/2015 9:00,1.439,,,,
1414,1/27/2015 11:00,2.088,,,,
1415,1/27/2015 13:00,4.415,,,,
1416,1/27/2015 15:00,4.519,,,,
1417,1/27/2015 17:00,3.367,,,,
1418,1/27/2015 19:00,2.41,,,,
1419,1/27/2015 21:00,1.872,,,,
1420,1/27/2015 23:00,1.548,,,,
1421,1/28/2015 1:00,1.33,,,,
1422,1/28/2015 3:00,1.112,,,,
1423,1/28/2015 5:00,1.003,,,,
1424,1/28/2015 7:00,1.003,,,,
1425,1/28/2015 9:00,0.784,,,,
1426,1/28/2015 11:00,0.674,,,,
1427,1/28/2015 13:00,2.624,,,,
1428,1/28/2015 15:00,3.261,,,,
1429,1/28/2015 17:00,2.303,,,,
1430,1/28/2015 19:00,1.439,,,,
1431,1/28/2015 21:00,1.221,,,,
1432,1/28/2015 23:00,1.112,,,,
1433,1/29/2015 1:00,1.003,,,,
1434,1/29/2015 3:00,1.003,,,,
1435,1/29/2015 5:00,1.003,,,,
1436,1/29/2015 7:00,1.003,,,,
1437,1/29/2015 9:00,1.003,,,,
1438,1/29/2015 11:00,1.003,,,,
1439,1/29/2015 13:00,5.757,,,,
1440,1/29/2015 15:00,5.347,,,,
1441,1/29/2015 17:00,2.943,,,,
1442,1/29/2015 19:00,1.98,,,,
1443,1/29/2015 21:00,1.548,,,,
1444,1/29/2015 23:00,1.33,,,,
1445,1/30/2015 1:00,1.221,,,,
1446,1/30/2015 3:00,1.112,,,,
1447,1/30/2015 5:00,1.112,,,,
1448,1/30/2015 7:00,1.112,,,,
1449,1/30/2015 9:00,1.003,,,,
1450,1/30/2015 11:00,1.112,,,,
1451,1/30/2015 13:00,6.471,,,,
1452,1/30/2015 15:00,5.86,,,,
1453,1/30/2015 17:00,3.261,,,,
1454,1/30/2015 19:00,2.195,,,,
1455,1/30/2015 21:00,1.872,,,,
1456,1/30/2015 23:00,1.872,,,,
1457,1/31/2015 1:00,1.872,,,,
1458,1/31/2015 3:00,1.548,,,,
1459,1/31/2015 5:00,1.548,,,,
1460,1/31/2015 7:00,1.33,,,,
1461,1/31/2015 9:00,1.33,,,,
1462,1/31/2015 11:00,2.088,,,,
1463,1/31/2015 13:00,7.179,,,,
1464,1/31/2015 15:00,6.268,,,,
1465,1/31/2015 17:00,3.893,,,,
1466,1/31/2015 19:00,2.624,,,,
1467,1/31/2015 21:00,2.303,,,,
1468,1/31/2015 23:00,2.088,,,,
1469,2/1/2015 1:00,1.98,,,,
1470,2/1/2015 3:00,1.764,,,,
1471,2/1/2015 5:00,1.439,,,,
1472,2/1/2015 7:00,1.656,,,,
1473,2/1/2015 9:00,1.656,,,,
1474,2/1/2015 11:00,1.872,,,,
1475,2/1/2015 13:00,1.439,,,,
1476,2/1/2015 15:00,1.439,,,,
1477,2/1/2015 17:00,1.33,,,,
1478,2/1/2015 19:00,1.221,,,,
1479,2/1/2015 21:00,1.221,,,,
1480,2/1/2015 23:00,1.221,,,,
1481,2/2/2015 1:00,1.112,,,,
1482,2/2/2015 3:00,0.893,,,,
1483,2/2/2015 5:00,0.784,,,,
1484,2/2/2015 7:00,0.784,,,,
1485,2/2/2015 9:00,0.784,,,,
1486,2/2/2015 11:00,0.784,,,,
1487,2/2/2015 13:00,0.893,,,,
1488,2/2/2015 15:00,1.112,,,,
1489,2/2/2015 17:00,1.33,,,,
1490,2/2/2015 19:00,1.33,,,,
1491,2/2/2015 21:00,1.33,,,,
1492,2/2/2015 23:00,1.33,,,,
1493,2/3/2015 1:00,1.221,,,,
1494,2/3/2015 3:00,1.112,,,,
1495,2/3/2015 5:00,1.112,,,,
1496,2/3/2015 7:00,1.112,,,,
1497,2/3/2015 9:00,1.112,,,,
1498,2/3/2015 11:00,1.33,,,,
1499,2/3/2015 13:00,2.088,,,,
1500,2/3/2015 15:00,1.98,,,,
1501,2/3/2015 17:00,1.872,,,,
1502,2/3/2015 19:00,1.548,,,,
1503,2/3/2015 21:00,1.221,,,,
1504,2/3/2015 23:00,1.003,,,,
1505,2/4/2015 1:00,0.893,,,,
1506,2/4/2015 3:00,0.893,,,,
1507,2/4/2015 5:00,0.784,,,,
1508,2/4/2015 7:00,0.893,,,,
1509,2/4/2015 9:00,0.893,,,,
1510,2/4/2015 11:00,1.003,,,,
1511,2/4/2015 13:00,1.33,,,,
1512,2/4/2015 15:00,2.517,,,,
1513,2/4/2015 17:00,2.73,,,,
1514,2/4/2015 19:00,2.088,,,,
1515,2/4/2015 21:00,1.872,,,,
1516,2/4/2015 23:00,1.764,,,,
1517,2/5/2015 1:00,1.548,,,,
1518,2/5/2015 3:00,1.656,,,,
1519,2/5/2015 5:00,1.872,,,,
1520,2/5/2015 7:00,1.764,,,,
1521,2/5/2015 9:00,2.195,,,,
1522,2/5/2015 11:00,2.73,,,,
1523,2/5/2015 13:00,3.155,,,,
1524,2/5/2015 15:00,3.155,,,,
1525,2/5/2015 17:00,3.049,,,,
1526,2/5/2015 19:00,2.837,,,,
1527,2/5/2015 21:00,2.837,,,,
1528,2/5/2015 23:00,2.943,,,,
1529,2/6/2015 1:00,2.837,,,,
1530,2/6/2015 3:00,2.624,,,,
1531,2/6/2015 5:00,2.517,,,,
1532,2/6/2015 7:00,2.41,,,,
1533,2/6/2015 9:00,2.41,,,,
1534,2/6/2015 11:00,2.41,,,,
1535,2/6/2015 13:00,2.41,,,,
1536,2/6/2015 15:00,2.303,,,,
1537,2/6/2015 17:00,2.303,,,,
1538,2/6/2015 19:00,2.303,,,,
1539,2/6/2015 21:00,2.195,,,,
1540,2/6/2015 23:00,2.195,,,,
1541,2/7/2015 1:00,2.195,,,,
1542,2/7/2015 3:00,2.195,,,,
1543,2/7/2015 5:00,1.656,,,,
1544,2/7/2015 7:00,1.764,,,,
1545,2/7/2015 9:00,1.872,,,,
1546,2/7/2015 11:00,1.548,,,,
1547,2/7/2015 13:00,1.872,,,,
1548,2/7/2015 15:00,1.98,,,,
1549,2/7/2015 17:00,2.088,,,,
1550,2/7/2015 19:00,2.088,,,,
1551,2/7/2015 21:00,2.088,,,,
1552,2/7/2015 23:00,1.872,,,,
1553,2/8/2015 1:00,1.98,,,,
1554,2/8/2015 3:00,1.98,,,,
1555,2/8/2015 5:00,2.088,,,,
1556,2/8/2015 7:00,2.088,,,,
1557,2/8/2015 9:00,2.088,,,,
1558,2/8/2015 11:00,2.517,,,,
1559,2/8/2015 13:00,3.261,,,,
1560,2/8/2015 15:00,3.049,,,,
1561,2/8/2015 17:00,2.624,,,,
1562,2/8/2015 19:00,2.41,,,,
1563,2/8/2015 21:00,2.195,,,,
1564,2/8/2015 23:00,2.303,,,,
1565,2/9/2015 1:00,1.656,,,,
1566,2/9/2015 3:00,1.548,,,,
1567,2/9/2015 5:00,1.656,,,,
1568,2/9/2015 7:00,1.764,,,,
1569,2/9/2015 9:00,1.872,,,,
1570,2/9/2015 11:00,1.656,,,,
1571,2/9/2015 13:00,4.623,,,,
1572,2/9/2015 15:00,2.943,,,,
1573,2/9/2015 17:00,2.73,,,,
1574,2/9/2015 19:00,2.195,,,,
1575,2/9/2015 21:00,1.98,,,,
1576,2/9/2015 23:00,1.872,,,,
1577,2/10/2015 1:00,1.548,,,,
1578,2/10/2015 3:00,1.656,,,,
1579,2/10/2015 5:00,1.764,,,,
1580,2/10/2015 7:00,1.764,,,,
1581,2/10/2015 9:00,1.872,,,,
1582,2/10/2015 11:00,1.872,,,,
1583,2/10/2015 13:00,7.682,,,,
1584,2/10/2015 15:00,4.102,,,,
1585,2/10/2015 17:00,3.155,,,,
1586,2/10/2015 19:00,2.517,,,,
1587,2/10/2015 21:00,2.088,,,,
1588,2/10/2015 23:00,1.872,,,,
1589,2/11/2015 1:00,1.98,,,,
1590,2/11/2015 3:00,1.98,,,,
1591,2/11/2015 5:00,1.764,,,,
1592,2/11/2015 7:00,1.656,,,,
1593,2/11/2015 9:00,1.656,,,,
1594,2/11/2015 11:00,2.303,,,,
1595,2/11/2015 13:00,5.244,,,,
1596,2/11/2015 15:00,3.788,,,,
1597,2/11/2015 17:00,3.155,,,,
1598,2/11/2015 19:00,2.41,,,,
1599,2/11/2015 21:00,1.98,,,,
1600,2/11/2015 23:00,1.98,,,,
1601,2/12/2015 1:00,1.98,,,,
1602,2/12/2015 3:00,1.98,,,,
1603,2/12/2015 5:00,1.98,,,,
1604,2/12/2015 7:00,1.656,,,,
1605,2/12/2015 9:00,1.656,,,,
1606,2/12/2015 11:00,2.088,,,,
1607,2/12/2015 13:00,9.571,,,,
1608,2/12/2015 15:00,5.757,,,,
1609,2/12/2015 17:00,3.155,,,,
1610,2/12/2015 19:00,2.303,,,,
1611,2/12/2015 21:00,1.98,,,,
1612,2/12/2015 23:00,1.872,,,,
1613,2/13/2015 1:00,1.764,,,,
1614,2/13/2015 3:00,1.872,,,,
1615,2/13/2015 5:00,1.764,,,,
1616,2/13/2015 7:00,1.764,,,,
1617,2/13/2015 9:00,1.98,,,,
1618,2/13/2015 11:00,3.049,,,,
1619,2/13/2015 13:00,10.161,,,,
1620,2/13/2015 15:00,6.775,,,,
1621,2/13/2015 17:00,4.415,,,,
1622,2/13/2015 19:00,3.367,,,,
1623,2/13/2015 21:00,2.624,,,,
1624,2/13/2015 23:00,2.303,,,,
1625,2/14/2015 1:00,1.872,,,,
1626,2/14/2015 3:00,2.517,,,,
1627,2/14/2015 5:00,2.195,,,,
1628,2/14/2015 7:00,1.98,,,,
1629,2/14/2015 9:00,1.872,,,,
1630,2/14/2015 11:00,2.41,,,,
1631,2/14/2015 13:00,9.669,,,,
1632,2/14/2015 15:00,5.86,,,,
1633,2/14/2015 17:00,3.049,,,,
1634,2/14/2015 19:00,1.764,,,,
1635,2/14/2015 21:00,1.33,,,,
1636,2/14/2015 23:00,1.112,,,,
1637,2/15/2015 1:00,0.893,,,,
1638,2/15/2015 3:00,0.784,,,,
1639,2/15/2015 5:00,0.674,,,,
1640,2/15/2015 7:00,0.674,,,,
1641,2/15/2015 9:00,0.563,,,,
1642,2/15/2015 11:00,0.563,,,,
1643,2/15/2015 13:00,4.519,,,,
1644,2/15/2015 15:00,5.655,,,,
1645,2/15/2015 17:00,2.73,,,,
1646,2/15/2015 19:00,1.439,,,,
1647,2/15/2015 21:00,1.112,,,,
1648,2/15/2015 23:00,1.003,,,,
1649,2/16/2015 1:00,0.893,,,,
1650,2/16/2015 3:00,0.893,,,,
1651,2/16/2015 5:00,0.784,,,,
1652,2/16/2015 7:00,0.674,,,,
1653,2/16/2015 9:00,0.674,,,,
1654,2/16/2015 11:00,0.563,,,,
1655,2/16/2015 13:00,4.831,,,,
1656,2/16/2015 15:00,5.962,,,,
1657,2/16/2015 17:00,2.837,,,,
1658,2/16/2015 19:00,1.439,,,,
1659,2/16/2015 21:00,1.003,,,,
1660,2/16/2015 23:00,0.893,,,,
1661,2/17/2015 1:00,0.784,,,,
1662,2/17/2015 3:00,0.674,,,,
1663,2/17/2015 5:00,0.563,,,,
1664,2/17/2015 7:00,0.563,,,,
1665,2/17/2015 9:00,0.453,,,,
1666,2/17/2015 11:00,0.453,,,,
1667,2/17/2015 13:00,3.472,,,,
1668,2/17/2015 15:00,7.28,,,,
1669,2/17/2015 17:00,3.472,,,,
1670,2/17/2015 19:00,1.98,,,,
1671,2/17/2015 21:00,1.33,,,,
1672,2/17/2015 23:00,1.221,,,,
1673,2/18/2015 1:00,1.33,,,,
1674,2/18/2015 3:00,1.221,,,,
1675,2/18/2015 5:00,1.003,,,,
1676,2/18/2015 7:00,0.893,,,,
1677,2/18/2015 9:00,1.003,,,,
1678,2/18/2015 11:00,1.656,,,,
1679,2/18/2015 13:00,8.68,,,,
1680,2/18/2015 15:00,8.481,,,,
1681,2/18/2015 17:00,4.207,,,,
1682,2/18/2015 19:00,2.517,,,,
1683,2/18/2015 21:00,1.872,,,,
1684,2/18/2015 23:00,1.764,,,,
1685,2/19/2015 1:00,1.548,,,,
1686,2/19/2015 3:00,1.439,,,,
1687,2/19/2015 5:00,1.439,,,,
1688,2/19/2015 7:00,1.112,,,,
1689,2/19/2015 9:00,1.112,,,,
1690,2/19/2015 11:00,1.221,,,,
1691,2/19/2015 13:00,1.872,,,,
1692,2/19/2015 15:00,1.764,,,,
1693,2/19/2015 17:00,1.439,,,,
1694,2/19/2015 19:00,1.221,,,,
1695,2/19/2015 21:00,1.112,,,,
1696,2/19/2015 23:00,1.112,,,,
1697,2/20/2015 1:00,1.003,,,,
1698,2/20/2015 3:00,1.003,,,,
1699,2/20/2015 5:00,0.893,,,,
1700,2/20/2015 7:00,0.893,,,,
1701,2/20/2015 9:00,0.784,,,,
1702,2/20/2015 11:00,0.893,,,,
1703,2/20/2015 13:00,6.064,,,,
1704,2/20/2015 15:00,5.347,,,,
1705,2/20/2015 17:00,3.578,,,,
1706,2/20/2015 19:00,2.088,,,,
1707,2/20/2015 21:00,1.221,,,,
1708,2/20/2015 23:00,0.893,,,,
1709,2/21/2015 1:00,0.784,,,,
1710,2/21/2015 3:00,0.674,,,,
1711,2/21/2015 5:00,0.563,,,,
1712,2/21/2015 7:00,0.453,,,,
1713,2/21/2015 9:00,0.453,,,,
1714,2/21/2015 11:00,0.453,,,,
1715,2/21/2015 13:00,1.33,,,,
1716,2/21/2015 15:00,3.893,,,,
1717,2/21/2015 17:00,2.303,,,,
1718,2/21/2015 19:00,1.33,,,,
1719,2/21/2015 21:00,0.893,,,,
1720,2/21/2015 23:00,0.674,,,,
1721,2/22/2015 1:00,0.563,,,,
1722,2/22/2015 3:00,0.453,,,,
1723,2/22/2015 5:00,0.343,,,,
1724,2/22/2015 7:00,0.343,,,,
1725,2/22/2015 9:00,0.232,,,,
1726,2/22/2015 11:00,0.232,,,,
1727,2/22/2015 13:00,0.232,,,,
1728,2/22/2015 15:00,0.563,,,,
1729,2/22/2015 17:00,0.784,,,,
1730,2/22/2015 19:00,0.674,,,,
1731,2/22/2015 21:00,0.563,,,,
1732,2/22/2015 23:00,0.453,,,,
1733,2/23/2015 1:00,0.453,,,,
1734,2/23/2015 3:00,0.343,,,,
1735,2/23/2015 5:00,0.343,,,,
1736,2/23/2015 7:00,0.232,,,,
1737,2/23/2015 9:00,0.232,,,,
1738,2/23/2015 11:00,0.232,,,,
1739,2/23/2015 13:00,0.343,,,,
1740,2/23/2015 15:00,3.998,,,,
1741,2/23/2015 17:00,2.624,,,,
1742,2/23/2015 19:00,1.439,,,,
1743,2/23/2015 21:00,1.003,,,,
1744,2/23/2015 23:00,0.893,,,,
1745,2/24/2015 1:00,0.784,,,,
1746,2/24/2015 3:00,0.784,,,,
1747,2/24/2015 5:00,0.784,,,,
1748,2/24/2015 7:00,0.784,,,,
1749,2/24/2015 9:00,0.674,,,,
1750,2/24/2015 11:00,0.674,,,,
1751,2/24/2015 13:00,7.682,,,,
1752,2/24/2015 15:00,6.471,,,,
1753,2/24/2015 17:00,3.893,,,,
1754,2/24/2015 19:00,2.624,,,,
1755,2/24/2015 21:00,1.439,,,,
1756,2/24/2015 23:00,1.221,,,,
1757,2/25/2015 1:00,0.893,,,,
1758,2/25/2015 3:00,0.784,,,,
1759,2/25/2015 5:00,0.674,,,,
1760,2/25/2015 7:00,0.674,,,,
1761,2/25/2015 9:00,0.674,,,,
1762,2/25/2015 11:00,0.784,,,,
1763,2/25/2015 13:00,4.415,,,,
1764,2/25/2015 15:00,3.998,,,,
1765,2/25/2015 17:00,2.943,,,,
1766,2/25/2015 19:00,1.872,,,,
1767,2/25/2015 21:00,1.439,,,,
1768,2/25/2015 23:00,1.221,,,,
1769,2/26/2015 1:00,1.003,,,,
1770,2/26/2015 3:00,1.003,,,,
1771,2/26/2015 5:00,0.893,,,,
1772,2/26/2015 7:00,0.784,,,,
1773,2/26/2015 9:00,0.784,,,,
1774,2/26/2015 11:00,1.112,,,,
1775,2/26/2015 13:00,3.472,,,,
1776,2/26/2015 15:00,3.998,,,,
1777,2/26/2015 17:00,3.367,,,,
1778,2/26/2015 19:00,2.517,,,,
1779,2/26/2015 21:00,1.872,,,,
1780,2/26/2015 23:00,1.548,,,,
1781,2/27/2015 1:00,1.33,,,,
1782,2/27/2015 3:00,1.221,,,,
1783,2/27/2015 5:00,1.221,,,,
1784,2/27/2015 7:00,1.112,,,,
1785,2/27/2015 9:00,1.003,,,,
1786,2/27/2015 11:00,1.003,,,,
1787,2/27/2015 13:00,1.003,,,,
1788,2/27/2015 15:00,1.003,,,,
1789,2/27/2015 17:00,1.003,,,,
1790,2/27/2015 19:00,1.003,,,,
1791,2/27/2015 21:00,1.003,,,,
1792,2/27/2015 23:00,1.003,,,,
1793,2/28/2015 1:00,1.003,,,,
1794,2/28/2015 3:00,1.003,,,,
1795,2/28/2015 5:00,1.003,,,,
1796,2/28/2015 7:00,1.003,,,,
1797,2/28/2015 9:00,1.003,,,,
1798,2/28/2015 11:00,1.003,,,,
1799,2/28/2015 13:00,1.112,,,,
1800,2/28/2015 15:00,1.112,,,,
1801,2/28/2015 17:00,1.003,,,,
1802,2/28/2015 19:00,1.003,,,,
1803,2/28/2015 21:00,1.003,,,,
1804,2/28/2015 23:00,1.003,,,,
1805,3/1/2015 1:00,1.003,,,,
1806,3/1/2015 3:00,1.003,,,,
1807,3/1/2015 5:00,0.893,,,,
1808,3/1/2015 7:00,0.893,,,,
1809,3/1/2015 9:00,0.893,,,,
1810,3/1/2015 11:00,0.893,,,,
1811,3/1/2015 13:00,1.003,,,,
1812,3/1/2015 15:00,1.003,,,,
1813,3/1/2015 17:00,1.003,,,,
1814,3/1/2015 19:00,0.893,,,,
1815,3/1/2015 21:00,0.893,,,,
1816,3/1/2015 23:00,0.893,,,,
1817,3/2/2015 1:00,0.893,,,,
1818,3/2/2015 3:00,0.893,,,,
1819,3/2/2015 5:00,0.893,,,,
1820,3/2/2015 7:00,1.003,,,,
1821,3/2/2015 9:00,1.003,,,,
1822,3/2/2015 11:00,1.003,,,,
1823,3/2/2015 13:00,1.003,,,,
1824,3/2/2015 15:00,1.003,,,,
1825,3/2/2015 17:00,1.003,,,,
1826,3/2/2015 19:00,1.003,,,,
1827,3/2/2015 21:00,1.003,,,,
1828,3/2/2015 23:00,0.893,,,,
1829,3/3/2015 1:00,0.784,,,,
1830,3/3/2015 3:00,0.784,,,,
1831,3/3/2015 5:00,0.674,,,,
1832,3/3/2015 7:00,0.674,,,,
1833,3/3/2015 9:00,0.563,,,,
1834,3/3/2015 11:00,0.563,,,,
1835,3/3/2015 13:00,0.674,,,,
1836,3/3/2015 15:00,0.674,,,,
1837,3/3/2015 17:00,0.674,,,,
1838,3/3/2015 19:00,0.674,,,,
1839,3/3/2015 21:00,0.674,,,,
1840,3/3/2015 23:00,0.674,,,,
1841,3/4/2015 1:00,0.563,,,,
1842,3/4/2015 3:00,0.563,,,,
1843,3/4/2015 5:00,0.453,,,,
1844,3/4/2015 7:00,0.453,,,,
1845,3/4/2015 9:00,0.453,,,,
1846,3/4/2015 11:00,0.453,,,,
1847,3/4/2015 13:00,0.563,,,,
1848,3/4/2015 15:00,0.453,,,,
1849,3/4/2015 17:00,0.563,,,,
1850,3/4/2015 19:00,0.563,,,,
1851,3/4/2015 21:00,0.563,,,,
1852,3/4/2015 23:00,0.563,,,,
1853,3/5/2015 1:00,0.563,,,,
1854,3/5/2015 3:00,0.563,,,,
1855,3/5/2015 5:00,0.453,,,,
1856,3/5/2015 7:00,0.453,,,,
1857,3/5/2015 9:00,0.453,,,,
1858,3/5/2015 11:00,0.453,,,,
1859,3/5/2015 13:00,0.674,,,,
1860,3/5/2015 15:00,0.674,,,,
1861,3/5/2015 17:00,0.784,,,,
1862,3/5/2015 19:00,0.784,,,,
1863,3/5/2015 21:00,0.674,,,,
1864,3/5/2015 23:00,0.784,,,,
1865,3/6/2015 1:00,0.784,,,,
1866,3/6/2015 3:00,0.674,,,,
1867,3/6/2015 5:00,0.674,,,,
1868,3/6/2015 7:00,0.674,,,,
1869,3/6/2015 9:00,0.674,,,,
1870,3/6/2015 11:00,0.784,,,,
1871,3/6/2015 13:00,2.303,,,,
1872,3/6/2015 15:00,6.775,,,,
1873,3/6/2015 17:00,4.519,,,,
1874,3/6/2015 19:00,2.837,,,,
1875,3/6/2015 21:00,1.656,,,,
1876,3/6/2015 23:00,1.112,,,,
1877,3/7/2015 1:00,0.893,,,,
1878,3/7/2015 3:00,0.784,,,,
1879,3/7/2015 5:00,0.563,,,,
1880,3/7/2015 7:00,0.563,,,,
1881,3/7/2015 9:00,0.453,,,,
1882,3/7/2015 11:00,0.674,,,,
1883,3/7/2015 13:00,9.669,,,,
1884,3/7/2015 15:00,8.779,,,,
1885,3/7/2015 17:00,5.552,,,,
1886,3/7/2015 19:00,3.578,,,,
1887,3/7/2015 21:00,2.41,,,,
1888,3/7/2015 23:00,1.764,,,,
1889,3/8/2015 1:00,1.33,,,,
1890,3/8/2015 3:00,1.112,,,,
1891,3/8/2015 5:00,1.003,,,,
1892,3/8/2015 7:00,0.784,,,,
1893,3/8/2015 9:00,0.893,,,,
1894,3/8/2015 11:00,2.195,,,,
1895,3/8/2015 13:00,11.431,,,,
1896,3/8/2015 15:00,9.571,,,,
1897,3/8/2015 17:00,6.268,,,,
1898,3/8/2015 19:00,4.415,,,,
1899,3/8/2015 21:00,3.261,,,,
1900,3/8/2015 23:00,2.517,,,,
1901,3/9/2015 1:00,1.98,,,,
1902,3/9/2015 3:00,1.764,,,,
1903,3/9/2015 5:00,1.656,,,,
1904,3/9/2015 7:00,1.112,,,,
1905,3/9/2015 9:00,1.33,,,,
1906,3/9/2015 11:00,2.624,,,,
1907,3/9/2015 13:00,11.722,,,,
1908,3/9/2015 15:00,9.275,,,,
1909,3/9/2015 17:00,6.166,,,,
1910,3/9/2015 19:00,4.311,,,,
1911,3/9/2015 21:00,3.155,,,,
1912,3/9/2015 23:00,2.41,,,,
1913,3/10/2015 1:00,1.98,,,,
1914,3/10/2015 3:00,1.548,,,,
1915,3/10/2015 5:00,1.439,,,,
1916,3/10/2015 7:00,1.221,,,,
1917,3/10/2015 9:00,1.872,,,,
1918,3/10/2015 11:00,3.578,,,,
1919,3/10/2015 13:00,9.571,,,,
1920,3/10/2015 15:00,9.176,,,,
1921,3/10/2015 17:00,7.481,,,,
1922,3/10/2015 19:00,5.962,,,,
1923,3/10/2015 21:00,4.934,,,,
1924,3/10/2015 23:00,4.415,,,,
1925,3/11/2015 1:00,3.893,,,,
1926,3/11/2015 3:00,3.367,,,,
1927,3/11/2015 5:00,2.73,,,,
1928,3/11/2015 7:00,2.624,,,,
1929,3/11/2015 9:00,2.73,,,,
1930,3/11/2015 11:00,3.788,,,,
1931,3/11/2015 13:00,5.141,,,,
1932,3/11/2015 15:00,5.347,,,,
1933,3/11/2015 17:00,4.934,,,,
1934,3/11/2015 19:00,4.102,,,,
1935,3/11/2015 21:00,3.472,,,,
1936,3/11/2015 23:00,3.155,,,,
1937,3/12/2015 1:00,2.943,,,,
1938,3/12/2015 3:00,2.73,,,,
1939,3/12/2015 5:00,2.517,,,,
1940,3/12/2015 7:00,2.41,,,,
1941,3/12/2015 9:00,2.517,,,,
1942,3/12/2015 11:00,3.155,,,,
1943,3/12/2015 13:00,8.481,,,,
1944,3/12/2015 15:00,6.674,,,,
1945,3/12/2015 17:00,5.244,,,,
1946,3/12/2015 19:00,3.683,,,,
1947,3/12/2015 21:00,2.624,,,,
1948,3/12/2015 23:00,1.98,,,,
1949,3/13/2015 1:00,1.548,,,,
1950,3/13/2015 3:00,1.439,,,,
1951,3/13/2015 5:00,1.33,,,,
1952,3/13/2015 7:00,1.33,,,,
1953,3/13/2015 9:00,1.548,,,,
1954,3/13/2015 11:00,3.788,,,,
1955,3/13/2015 13:00,8.779,,,,
1956,3/13/2015 15:00,7.983,,,,
1957,3/13/2015 17:00,6.877,,,,
1958,3/13/2015 19:00,5.757,,,,
1959,3/13/2015 21:00,5.037,,,,
1960,3/13/2015 23:00,4.519,,,,
1961,3/14/2015 1:00,4.311,,,,
1962,3/14/2015 3:00,3.998,,,,
1963,3/14/2015 5:00,3.578,,,,
1964,3/14/2015 7:00,3.261,,,,
1965,3/14/2015 9:00,3.578,,,,
1966,3/14/2015 11:00,4.207,,,,
1967,3/14/2015 13:00,4.727,,,,
1968,3/14/2015 15:00,5.141,,,,
1969,3/14/2015 17:00,4.623,,,,
1970,3/14/2015 19:00,3.893,,,,
1971,3/14/2015 21:00,2.943,,,,
1972,3/14/2015 23:00,1.764,,,,
1973,3/15/2015 1:00,1.656,,,,
1974,3/15/2015 3:00,1.548,,,,
1975,3/15/2015 5:00,1.33,,,,
1976,3/15/2015 7:00,1.33,,,,
1977,3/15/2015 9:00,1.221,,,,
1978,3/15/2015 11:00,1.221,,,,
1979,3/15/2015 13:00,1.003,,,,
1980,3/15/2015 15:00,1.33,,,,
1981,3/15/2015 17:00,2.195,,,,
1982,3/15/2015 19:00,2.303,,,,
1983,3/15/2015 21:00,2.195,,,,
1984,3/15/2015 23:00,2.195,,,,
1985,3/16/2015 1:00,2.088,,,,
1986,3/16/2015 3:00,1.98,,,,
1987,3/16/2015 5:00,1.98,,,,
1988,3/16/2015 7:00,1.98,,,,
1989,3/16/2015 9:00,1.98,,,,
1990,3/16/2015 11:00,2.088,,,,
1991,3/16/2015 13:00,2.624,,,,
1992,3/16/2015 15:00,2.517,,,,
1993,3/16/2015 17:00,2.303,,,,
1994,3/16/2015 19:00,2.088,,,,
1995,3/16/2015 21:00,1.98,,,,
1996,3/16/2015 23:00,1.872,,,,
1997,3/17/2015 1:00,1.764,,,,
1998,3/17/2015 3:00,1.656,,,,
1999,3/17/2015 5:00,1.439,,,,
2000,3/17/2015 7:00,1.439,,,,
2001,3/17/2015 9:00,1.548,,,,
2002,3/17/2015 11:00,2.41,,,,
2003,3/17/2015 13:00,3.578,,,,
2004,3/17/2015 15:00,2.624,,,,
2005,3/17/2015 17:00,2.303,,,,
2006,3/17/2015 19:00,1.548,,,,
2007,3/17/2015 21:00,1.439,,,,
2008,3/17/2015 23:00,1.548,,,,
2009,3/18/2015 1:00,1.548,,,,
2010,3/18/2015 3:00,1.548,,,,
2011,3/18/2015 5:00,1.548,,,,
2012,3/18/2015 7:00,1.548,,,,
2013,3/18/2015 9:00,1.656,,,,
2014,3/18/2015 11:00,2.195,,,,
2015,3/18/2015 13:00,3.683,,,,
2016,3/18/2015 15:00,5.347,,,,
2017,3/18/2015 17:00,3.472,,,,
2018,3/18/2015 19:00,2.41,,,,
2019,3/18/2015 21:00,1.98,,,,
2020,3/18/2015 23:00,1.33,,,,
2021,3/19/2015 1:00,1.221,,,,
2022,3/19/2015 3:00,1.221,,,,
2023,3/19/2015 5:00,1.221,,,,
2024,3/19/2015 7:00,1.221,,,,
2025,3/19/2015 9:00,1.656,,,,
2026,3/19/2015 11:00,3.472,,,,
2027,3/19/2015 13:00,4.623,,,,
2028,3/19/2015 15:00,4.102,,,,
2029,3/19/2015 17:00,4.831,,,,
2030,3/19/2015 19:00,3.578,,,,
2031,3/19/2015 21:00,2.303,,,,
2032,3/19/2015 23:00,1.872,,,,
2033,3/20/2015 1:00,1.764,,,,
2034,3/20/2015 3:00,1.764,,,,
2035,3/20/2015 5:00,1.656,,,,
2036,3/20/2015 7:00,1.548,,,,
2037,3/20/2015 9:00,2.195,,,,
2038,3/20/2015 11:00,3.578,,,,
2039,3/20/2015 13:00,4.727,,,,
2040,3/20/2015 15:00,4.415,,,,
2041,3/20/2015 17:00,4.311,,,,
2042,3/20/2015 19:00,3.472,,,,
2043,3/20/2015 21:00,2.624,,,,
2044,3/20/2015 23:00,2.41,,,,
2045,3/21/2015 1:00,2.195,,,,
2046,3/21/2015 3:00,1.439,,,,
2047,3/21/2015 5:00,1.439,,,,
2048,3/21/2015 7:00,1.221,,,,
2049,3/21/2015 9:00,1.656,,,,
2050,3/21/2015 11:00,1.872,,,,
2051,3/21/2015 13:00,2.624,,,,
2052,3/21/2015 15:00,3.998,,,,
2053,3/21/2015 17:00,3.578,,,,
2054,3/21/2015 19:00,2.624,,,,
2055,3/21/2015 21:00,1.872,,,,
2056,3/21/2015 23:00,1.33,,,,
2057,3/22/2015 1:00,1.221,,,,
2058,3/22/2015 3:00,1.003,,,,
2059,3/22/2015 5:00,0.893,,,,
2060,3/22/2015 7:00,0.784,,,,
2061,3/22/2015 9:00,0.784,,,,
2062,3/22/2015 11:00,1.548,,,,
2063,3/22/2015 13:00,1.439,,,,
2064,3/22/2015 15:00,1.548,,,,
2065,3/22/2015 17:00,2.624,,,,
2066,3/22/2015 19:00,2.195,,,,
2067,3/22/2015 21:00,1.33,,,,
2068,3/22/2015 23:00,1.112,,,,
2069,3/23/2015 1:00,1.112,,,,
2070,3/23/2015 3:00,1.221,,,,
2071,3/23/2015 5:00,1.221,,,,
2072,3/23/2015 7:00,1.221,,,,
2073,3/23/2015 9:00,1.33,,,,
2074,3/23/2015 11:00,1.33,,,,
2075,3/23/2015 13:00,1.33,,,,
2076,3/23/2015 15:00,1.33,,,,
2077,3/23/2015 17:00,1.33,,,,
2078,3/23/2015 19:00,1.33,,,,
2079,3/23/2015 21:00,1.33,,,,
2080,3/23/2015 23:00,1.221,,,,
2081,3/24/2015 1:00,1.112,,,,
2082,3/24/2015 3:00,1.112,,,,
2083,3/24/2015 5:00,1.112,,,,
2084,3/24/2015 7:00,1.112,,,,
2085,3/24/2015 9:00,1.221,,,,
2086,3/24/2015 11:00,1.221,,,,
2087,3/24/2015 13:00,1.33,,,,
2088,3/24/2015 15:00,1.221,,,,
2089,3/24/2015 17:00,1.112,,,,
2090,3/24/2015 19:00,1.112,,,,
2091,3/24/2015 21:00,1.112,,,,
2092,3/24/2015 23:00,1.112,,,,
2093,3/25/2015 1:00,1.112,,,,
2094,3/25/2015 3:00,1.112,,,,
2095,3/25/2015 5:00,1.112,,,,
2096,3/25/2015 7:00,1.112,,,,
2097,3/25/2015 9:00,1.221,,,,
2098,3/25/2015 11:00,1.221,,,,
2099,3/25/2015 13:00,1.221,,,,
2100,3/25/2015 15:00,1.221,,,,
2101,3/25/2015 17:00,1.221,,,,
2102,3/25/2015 19:00,1.112,,,,
2103,3/25/2015 21:00,1.112,,,,
2104,3/25/2015 23:00,1.112,,,,
2105,3/26/2015 1:00,1.112,,,,
2106,3/26/2015 3:00,1.112,,,,
2107,3/26/2015 5:00,1.112,,,,
2108,3/26/2015 7:00,1.221,,,,
2109,3/26/2015 9:00,1.221,,,,
2110,3/26/2015 11:00,1.439,,,,
2111,3/26/2015 13:00,1.98,,,,
2112,3/26/2015 15:00,1.872,,,,
2113,3/26/2015 17:00,1.98,,,,
2114,3/26/2015 19:00,2.195,,,,
2115,3/26/2015 21:00,1.98,,,,
2116,3/26/2015 23:00,1.656,,,,
2117,3/27/2015 1:00,1.548,,,,
2118,3/27/2015 3:00,1.439,,,,
2119,3/27/2015 5:00,1.33,,,,
2120,3/27/2015 7:00,1.439,,,,
2121,3/27/2015 9:00,2.517,,,,
2122,3/27/2015 11:00,6.978,,,,
2123,3/27/2015 13:00,12.207,,,,
2124,3/27/2015 15:00,10.357,,,,
2125,3/27/2015 17:00,6.877,,,,
2126,3/27/2015 19:00,5.141,,,,
2127,3/27/2015 21:00,4.207,,,,
2128,3/27/2015 23:00,2.943,,,,
2129,3/28/2015 1:00,1.764,,,,
2130,3/28/2015 3:00,1.221,,,,
2131,3/28/2015 5:00,1.221,,,,
2132,3/28/2015 7:00,1.221,,,,
2133,3/28/2015 9:00,1.439,,,,
2134,3/28/2015 11:00,3.683,,,,
2135,3/28/2015 13:00,12.497,,,,
2136,3/28/2015 15:00,10.259,,,,
2137,3/28/2015 17:00,6.37,,,,
2138,3/28/2015 19:00,3.683,,,,
2139,3/28/2015 21:00,2.195,,,,
2140,3/28/2015 23:00,1.872,,,,
2141,3/29/2015 1:00,1.548,,,,
2142,3/29/2015 3:00,1.548,,,,
2143,3/29/2015 5:00,1.548,,,,
2144,3/29/2015 7:00,1.548,,,,
2145,3/29/2015 9:00,2.303,,,,
2146,3/29/2015 11:00,3.683,,,,
2147,3/29/2015 13:00,5.757,,,,
2148,3/29/2015 15:00,5.86,,,,
2149,3/29/2015 17:00,5.141,,,,
2150,3/29/2015 19:00,4.311,,,,
2151,3/29/2015 21:00,3.367,,,,
2152,3/29/2015 23:00,2.837,,,,
2153,3/30/2015 1:00,2.517,,,,
2154,3/30/2015 3:00,2.303,,,,
2155,3/30/2015 5:00,2.195,,,,
2156,3/30/2015 7:00,2.195,,,,
2157,3/30/2015 9:00,2.624,,,,
2158,3/30/2015 11:00,5.86,,,,
2159,3/30/2015 13:00,14.23,,,,
2160,3/30/2015 15:00,11.041,,,,
2161,3/30/2015 17:00,7.28,,,,
2162,3/30/2015 19:00,5.037,,,,
2163,3/30/2015 21:00,3.578,,,,
2164,3/30/2015 23:00,2.837,,,,
2165,3/31/2015 1:00,2.73,,,,
2166,3/31/2015 3:00,2.73,,,,
2167,3/31/2015 5:00,2.088,,,,
2168,3/31/2015 7:00,1.439,,,,
2169,3/31/2015 9:00,1.33,,,,
2170,3/31/2015 11:00,3.578,,,,
2171,3/31/2015 13:00,6.37,,,,
2172,3/31/2015 15:00,3.893,,,,
2173,3/31/2015 17:00,2.088,,,,
2174,3/31/2015 19:00,1.656,,,,
2175,3/31/2015 21:00,1.439,,,,
2176,3/31/2015 23:00,1.33,,,,
2177,4/1/2015 1:00,1.33,,,,
2178,4/1/2015 3:00,1.33,,,,
2179,4/1/2015 5:00,1.33,,,,
2180,4/1/2015 7:00,1.33,,,,
2181,4/1/2015 9:00,1.33,,,,
2182,4/1/2015 11:00,1.33,,,,
2183,4/1/2015 13:00,1.33,,,,
2184,4/1/2015 15:00,1.33,,,,
2185,4/1/2015 17:00,1.221,,,,
2186,4/1/2015 19:00,1.221,,,,
2187,4/1/2015 21:00,1.221,,,,
2188,4/1/2015 23:00,1.221,,,,
2189,4/2/2015 1:00,1.112,,,,
2190,4/2/2015 3:00,1.112,,,,
2191,4/2/2015 5:00,1.003,,,,
2192,4/2/2015 7:00,0.893,,,,
2193,4/2/2015 9:00,0.893,,,,
2194,4/2/2015 11:00,1.112,,,,
2195,4/2/2015 13:00,1.33,,,,
2196,4/2/2015 15:00,1.33,,,,
2197,4/2/2015 17:00,1.33,,,,
2198,4/2/2015 19:00,1.221,,,,
2199,4/2/2015 21:00,1.003,,,,
2200,4/2/2015 23:00,0.893,,,,
2201,4/3/2015 1:00,0.784,,,,
2202,4/3/2015 3:00,0.674,,,,
2203,4/3/2015 5:00,0.674,,,,
2204,4/3/2015 7:00,0.563,,,,
2205,4/3/2015 9:00,0.563,,,,
2206,4/3/2015 11:00,0.674,,,,
2207,4/3/2015 13:00,0.784,,,,
2208,4/3/2015 15:00,0.784,,,,
2209,4/3/2015 17:00,0.893,,,,
2210,4/3/2015 19:00,0.893,,,,
2211,4/3/2015 21:00,1.003,,,,
2212,4/3/2015 23:00,1.003,,,,
2213,4/4/2015 1:00,1.003,,,,
2214,4/4/2015 3:00,0.893,,,,
2215,4/4/2015 5:00,0.893,,,,
2216,4/4/2015 7:00,0.784,,,,
2217,4/4/2015 9:00,0.784,,,,
2218,4/4/2015 11:00,1.003,,,,
2219,4/4/2015 13:00,2.41,,,,
2220,4/4/2015 15:00,2.41,,,,
2221,4/4/2015 17:00,2.088,,,,
2222,4/4/2015 19:00,1.439,,,,
2223,4/4/2015 21:00,1.112,,,,
2224,4/4/2015 23:00,0.784,,,,
2225,4/5/2015 1:00,0.674,,,,
2226,4/5/2015 3:00,0.563,,,,
2227,4/5/2015 5:00,0.453,,,,
2228,4/5/2015 7:00,0.453,,,,
2229,4/5/2015 9:00,0.453,,,,
2230,4/5/2015 11:00,0.784,,,,
2231,4/5/2015 13:00,1.112,,,,
2232,4/5/2015 15:00,1.548,,,,
2233,4/5/2015 17:00,1.656,,,,
2234,4/5/2015 19:00,1.33,,,,
2235,4/5/2015 21:00,1.003,,,,
2236,4/5/2015 23:00,0.784,,,,
2237,4/6/2015 1:00,0.563,,,,
2238,4/6/2015 3:00,0.563,,,,
2239,4/6/2015 5:00,0.453,,,,
2240,4/6/2015 7:00,0.453,,,,
2241,4/6/2015 9:00,0.453,,,,
2242,4/6/2015 11:00,0.453,,,,
2243,4/6/2015 13:00,0.563,,,,
2244,4/6/2015 15:00,0.674,,,,
2245,4/6/2015 17:00,0.674,,,,
2246,4/6/2015 19:00,0.674,,,,
2247,4/6/2015 21:00,0.674,,,,
2248,4/6/2015 23:00,0.674,,,,
2249,4/7/2015 1:00,0.674,,,,
2250,4/7/2015 3:00,0.784,,,,
2251,4/7/2015 5:00,0.784,,,,
2252,4/7/2015 7:00,0.784,,,,
2253,4/7/2015 9:00,0.784,,,,
2254,4/7/2015 11:00,0.784,,,,
2255,4/7/2015 13:00,0.784,,,,
2256,4/7/2015 15:00,0.784,,,,
2257,4/7/2015 17:00,0.893,,,,
2258,4/7/2015 19:00,0.893,,,,
2259,4/7/2015 21:00,0.893,,,,
2260,4/7/2015 23:00,0.893,,,,
2261,4/8/2015 1:00,0.893,,,,
2262,4/8/2015 3:00,0.893,,,,
2263,4/8/2015 5:00,1.003,,,,
2264,4/8/2015 7:00,1.003,,,,
2265,4/8/2015 9:00,1.003,,,,
2266,4/8/2015 11:00,1.003,,,,
2267,4/8/2015 13:00,1.003,,,,
2268,4/8/2015 15:00,1.112,,,,
2269,4/8/2015 17:00,1.003,,,,
2270,4/8/2015 19:00,1.003,,,,
2271,4/8/2015 21:00,1.003,,,,
2272,4/8/2015 23:00,0.893,,,,
2273,4/9/2015 1:00,0.893,,,,
2274,4/9/2015 3:00,0.893,,,,
2275,4/9/2015 5:00,0.893,,,,
2276,4/9/2015 7:00,0.893,,,,
2277,4/9/2015 9:00,0.893,,,,
2278,4/9/2015 11:00,1.112,,,,
2279,4/9/2015 13:00,1.764,,,,
2280,4/9/2015 15:00,1.764,,,,
2281,4/9/2015 17:00,1.98,,,,
2282,4/9/2015 19:00,1.98,,,,
2283,4/9/2015 21:00,1.656,,,,
2284,4/9/2015 23:00,1.33,,,,
2285,4/10/2015 1:00,1.003,,,,
2286,4/10/2015 3:00,0.784,,,,
2287,4/10/2015 5:00,0.674,,,,
2288,4/10/2015 7:00,0.563,,,,
2289,4/10/2015 9:00,0.563,,,,
2290,4/10/2015 11:00,3.683,,,,
2291,4/10/2015 13:00,7.582,,,,
2292,4/10/2015 15:00,6.268,,,,
2293,4/10/2015 17:00,5.141,,,,
2294,4/10/2015 19:00,2.837,,,,
2295,4/10/2015 21:00,2.088,,,,
2296,4/10/2015 23:00,1.548,,,,
2297,4/11/2015 1:00,1.439,,,,
2298,4/11/2015 3:00,1.221,,,,
2299,4/11/2015 5:00,1.112,,,,
2300,4/11/2015 7:00,1.112,,,,
2301,4/11/2015 9:00,1.003,,,,
2302,4/11/2015 11:00,1.003,,,,
2303,4/11/2015 13:00,1.112,,,,
2304,4/11/2015 15:00,1.003,,,,
2305,4/11/2015 17:00,1.003,,,,
2306,4/11/2015 19:00,1.003,,,,
2307,4/11/2015 21:00,1.003,,,,
2308,4/11/2015 23:00,0.893,,,,
2309,4/12/2015 1:00,1.003,,,,
2310,4/12/2015 3:00,1.003,,,,
2311,4/12/2015 5:00,1.003,,,,
2312,4/12/2015 7:00,1.003,,,,
2313,4/12/2015 9:00,1.003,,,,
2314,4/12/2015 11:00,1.003,,,,
2315,4/12/2015 13:00,1.003,,,,
2316,4/12/2015 15:00,1.003,,,,
2317,4/12/2015 17:00,1.003,,,,
2318,4/12/2015 19:00,1.003,,,,
2319,4/12/2015 21:00,1.003,,,,
2320,4/12/2015 23:00,1.003,,,,
2321,4/13/2015 1:00,1.003,,,,
2322,4/13/2015 3:00,1.003,,,,
2323,4/13/2015 5:00,1.003,,,,
2324,4/13/2015 7:00,1.003,,,,
2325,4/13/2015 9:00,1.003,,,,
2326,4/13/2015 11:00,1.003,,,,
2327,4/13/2015 13:00,1.003,,,,
2328,4/13/2015 15:00,1.003,,,,
2329,4/13/2015 17:00,1.003,,,,
2330,4/13/2015 19:00,0.893,,,,
2331,4/13/2015 21:00,0.893,,,,
2332,4/13/2015 23:00,0.893,,,,
2333,4/14/2015 1:00,0.893,,,,
2334,4/14/2015 3:00,0.893,,,,
2335,4/14/2015 5:00,0.893,,,,
2336,4/14/2015 7:00,0.893,,,,
2337,4/14/2015 9:00,0.893,,,,
2338,4/14/2015 11:00,0.893,,,,
2339,4/14/2015 13:00,1.003,,,,
2340,4/14/2015 15:00,0.893,,,,
2341,4/14/2015 17:00,0.893,,,,
2342,4/14/2015 19:00,0.893,,,,
2343,4/14/2015 21:00,0.893,,,,
2344,4/14/2015 23:00,0.893,,,,
2345,4/15/2015 1:00,0.893,,,,
2346,4/15/2015 3:00,0.893,,,,
2347,4/15/2015 5:00,0.893,,,,
2348,4/15/2015 7:00,0.893,,,,
2349,4/15/2015 9:00,0.893,,,,
2350,4/15/2015 11:00,1.003,,,,
2351,4/15/2015 13:00,1.221,,,,
2352,4/15/2015 15:00,1.112,,,,
2353,4/15/2015 17:00,1.003,,,,
2354,4/15/2015 19:00,1.003,,,,
2355,4/15/2015 21:00,0.893,,,,
2356,4/15/2015 23:00,0.893,,,,
2357,4/16/2015 1:00,0.893,,,,
2358,4/16/2015 3:00,0.784,,,,
2359,4/16/2015 5:00,0.674,,,,
2360,4/16/2015 7:00,0.674,,,,
2361,4/16/2015 9:00,0.674,,,,
2362,4/16/2015 11:00,0.893,,,,
2363,4/16/2015 13:00,1.872,,,,
2364,4/16/2015 15:00,8.282,,,,
2365,4/16/2015 17:00,5.86,,,,
2366,4/16/2015 19:00,4.102,,,,
2367,4/16/2015 21:00,2.837,,,,
2368,4/16/2015 23:00,2.195,,,,
2369,4/17/2015 1:00,1.656,,,,
2370,4/17/2015 3:00,1.33,,,,
2371,4/17/2015 5:00,1.112,,,,
2372,4/17/2015 7:00,1.112,,,,
2373,4/17/2015 9:00,1.764,,,,
2374,4/17/2015 11:00,7.582,,,,
2375,4/17/2015 13:00,10.651,,,,
2376,4/17/2015 15:00,11.819,,,,
2377,4/17/2015 17:00,8.481,,,,
2378,4/17/2015 19:00,6.37,,,,
2379,4/17/2015 21:00,4.623,,,,
2380,4/17/2015 23:00,3.472,,,,
2381,4/18/2015 1:00,2.517,,,,
2382,4/18/2015 3:00,1.548,,,,
2383,4/18/2015 5:00,1.221,,,,
2384,4/18/2015 7:00,1.003,,,,
2385,4/18/2015 9:00,1.003,,,,
2386,4/18/2015 11:00,6.268,,,,
2387,4/18/2015 13:00,14.804,,,,
2388,4/18/2015 15:00,13.173,,,,
2389,4/18/2015 17:00,8.779,,,,
2390,4/18/2015 19:00,6.166,,,,
2391,4/18/2015 21:00,4.102,,,,
2392,4/18/2015 23:00,2.837,,,,
2393,4/19/2015 1:00,2.088,,,,
2394,4/19/2015 3:00,1.656,,,,
2395,4/19/2015 5:00,1.439,,,,
2396,4/19/2015 7:00,1.221,,,,
2397,4/19/2015 9:00,2.088,,,,
2398,4/19/2015 11:00,7.28,,,,
2399,4/19/2015 13:00,14.134,,,,
2400,4/19/2015 15:00,12.69,,,,
2401,4/19/2015 17:00,8.779,,,,
2402,4/19/2015 19:00,6.471,,,,
2403,4/19/2015 21:00,4.519,,,,
2404,4/19/2015 23:00,3.472,,,,
2405,4/20/2015 1:00,2.837,,,,
2406,4/20/2015 3:00,2.41,,,,
2407,4/20/2015 5:00,2.088,,,,
2408,4/20/2015 7:00,1.98,,,,
2409,4/20/2015 9:00,2.943,,,,
2410,4/20/2015 11:00,8.68,,,,
2411,4/20/2015 13:00,15.282,,,,
2412,4/20/2015 15:00,14.325,,,,
2413,4/20/2015 17:00,9.866,,,,
2414,4/20/2015 19:00,7.179,,,,
2415,4/20/2015 21:00,5.037,,,,
2416,4/20/2015 23:00,3.683,,,,
2417,4/21/2015 1:00,2.943,,,,
2418,4/21/2015 3:00,2.517,,,,
2419,4/21/2015 5:00,2.088,,,,
2420,4/21/2015 7:00,1.98,,,,
2421,4/21/2015 9:00,2.943,,,,
2422,4/21/2015 11:00,8.779,,,,
2423,4/21/2015 13:00,10.063,,,,
2424,4/21/2015 15:00,8.182,,,,
2425,4/21/2015 17:00,6.37,,,,
2426,4/21/2015 19:00,5.141,,,,
2427,4/21/2015 21:00,3.893,,,,
2428,4/21/2015 23:00,2.624,,,,
2429,4/22/2015 1:00,1.872,,,,
2430,4/22/2015 3:00,1.221,,,,
2431,4/22/2015 5:00,1.003,,,,
2432,4/22/2015 7:00,0.784,,,,
2433,4/22/2015 9:00,0.784,,,,
2434,4/22/2015 11:00,5.45,,,,
2435,4/22/2015 13:00,12.497,,,,
2436,4/22/2015 15:00,11.625,,,,
2437,4/22/2015 17:00,6.775,,,,
2438,4/22/2015 19:00,4.207,,,,
2439,4/22/2015 21:00,2.837,,,,
2440,4/22/2015 23:00,1.764,,,,
2441,4/23/2015 1:00,1.439,,,,
2442,4/23/2015 3:00,1.221,,,,
2443,4/23/2015 5:00,1.003,,,,
2444,4/23/2015 7:00,1.003,,,,
2445,4/23/2015 9:00,1.003,,,,
2446,4/23/2015 11:00,2.624,,,,
2447,4/23/2015 13:00,5.037,,,,
2448,4/23/2015 15:00,3.578,,,,
2449,4/23/2015 17:00,2.195,,,,
2450,4/23/2015 19:00,1.548,,,,
2451,4/23/2015 21:00,1.33,,,,
2452,4/23/2015 23:00,1.33,,,,
2453,4/24/2015 1:00,1.221,,,,
2454,4/24/2015 3:00,1.221,,,,
2455,4/24/2015 5:00,1.221,,,,
2456,4/24/2015 7:00,1.221,,,,
2457,4/24/2015 9:00,1.221,,,,
2458,4/24/2015 11:00,1.221,,,,
2459,4/24/2015 13:00,1.221,,,,
2460,4/24/2015 15:00,1.112,,,,
2461,4/24/2015 17:00,1.112,,,,
2462,4/24/2015 19:00,1.112,,,,
2463,4/24/2015 21:00,1.112,,,,
2464,4/24/2015 23:00,1.112,,,,
2465,4/25/2015 1:00,1.112,,,,
2466,4/25/2015 3:00,1.112,,,,
2467,4/25/2015 5:00,1.112,,,,
2468,4/25/2015 7:00,1.112,,,,
2469,4/25/2015 9:00,1.112,,,,
2470,4/25/2015 11:00,1.221,,,,
2471,4/25/2015 13:00,1.221,,,,
2472,4/25/2015 15:00,1.112,,,,
2473,4/25/2015 17:00,1.003,,,,
2474,4/25/2015 19:00,1.003,,,,
2475,4/25/2015 21:00,1.003,,,,
2476,4/25/2015 23:00,1.003,,,,
2477,4/26/2015 1:00,1.003,,,,
2478,4/26/2015 3:00,0.893,,,,
2479,4/26/2015 5:00,0.893,,,,
2480,4/26/2015 7:00,0.784,,,,
2481,4/26/2015 9:00,0.784,,,,
2482,4/26/2015 11:00,1.112,,,,
2483,4/26/2015 13:00,1.764,,,,
2484,4/26/2015 15:00,1.872,,,,
2485,4/26/2015 17:00,1.548,,,,
2486,4/26/2015 19:00,1.439,,,,
2487,4/26/2015 21:00,1.221,,,,
2488,4/26/2015 23:00,1.112,,,,
2489,4/27/2015 1:00,1.112,,,,
2490,4/27/2015 3:00,1.112,,,,
2491,4/27/2015 5:00,1.112,,,,
2492,4/27/2015 7:00,1.112,,,,
2493,4/27/2015 9:00,1.221,,,,
2494,4/27/2015 11:00,5.141,,,,
2495,4/27/2015 13:00,14.134,,,,
2496,4/27/2015 15:00,14.134,,,,
2497,4/27/2015 17:00,9.866,,,,
2498,4/27/2015 19:00,7.682,,,,
2499,4/27/2015 21:00,6.064,,,,
2500,4/27/2015 23:00,4.727,,,,
2501,4/28/2015 1:00,3.893,,,,
2502,4/28/2015 3:00,3.367,,,,
2503,4/28/2015 5:00,3.049,,,,
2504,4/28/2015 7:00,2.837,,,,
2505,4/28/2015 9:00,4.207,,,,
2506,4/28/2015 11:00,6.573,,,,
2507,4/28/2015 13:00,5.655,,,,
2508,4/28/2015 15:00,5.552,,,,
2509,4/28/2015 17:00,5.244,,,,
2510,4/28/2015 19:00,4.519,,,,
2511,4/28/2015 21:00,3.788,,,,
2512,4/28/2015 23:00,3.049,,,,
2513,4/29/2015 1:00,2.303,,,,
2514,4/29/2015 3:00,1.548,,,,
2515,4/29/2015 5:00,1.221,,,,
2516,4/29/2015 7:00,1.003,,,,
2517,4/29/2015 9:00,1.003,,,,
2518,4/29/2015 11:00,4.623,,,,
2519,4/29/2015 13:00,6.268,,,,
2520,4/29/2015 15:00,6.573,,,,
2521,4/29/2015 17:00,5.86,,,,
2522,4/29/2015 19:00,4.311,,,,
2523,4/29/2015 21:00,3.155,,,,
2524,4/29/2015 23:00,2.195,,,,
2525,4/30/2015 1:00,2.088,,,,
2526,4/30/2015 3:00,1.548,,,,
2527,4/30/2015 5:00,1.439,,,,
2528,4/30/2015 7:00,1.439,,,,
2529,4/30/2015 9:00,2.088,,,,
2530,4/30/2015 11:00,8.082,,,,
2531,4/30/2015 13:00,14.996,,,,
2532,4/30/2015 15:00,14.996,,,,
2533,4/30/2015 17:00,10.651,,,,
2534,4/30/2015 19:00,7.882,,,,
2535,4/30/2015 21:00,5.655,,,,
2536,4/30/2015 23:00,4.415,,,,
2537,5/1/2015 1:00,3.683,,,,
2538,5/1/2015 3:00,3.155,,,,
2539,5/1/2015 5:00,2.73,,,,
2540,5/1/2015 7:00,2.41,,,,
2541,5/1/2015 9:00,3.261,,,,
2542,5/1/2015 11:00,9.176,,,,
2543,5/1/2015 13:00,15.187,,,,
2544,5/1/2015 15:00,15.855,,,,
2545,5/1/2015 17:00,11.041,,,,
2546,5/1/2015 19:00,8.382,,,,
2547,5/1/2015 21:00,6.064,,,,
2548,5/1/2015 23:00,4.519,,,,
2549,5/2/2015 1:00,3.367,,,,
2550,5/2/2015 3:00,2.517,,,,
2551,5/2/2015 5:00,1.764,,,,
2552,5/2/2015 7:00,1.548,,,,
2553,5/2/2015 9:00,1.764,,,,
2554,5/2/2015 11:00,8.68,,,,
2555,5/2/2015 13:00,15.187,,,,
2556,5/2/2015 15:00,14.517,,,,
2557,5/2/2015 17:00,10.357,,,,
2558,5/2/2015 19:00,8.182,,,,
2559,5/2/2015 21:00,5.962,,,,
2560,5/2/2015 23:00,4.415,,,,
2561,5/3/2015 1:00,3.367,,,,
2562,5/3/2015 3:00,2.624,,,,
2563,5/3/2015 5:00,2.088,,,,
2564,5/3/2015 7:00,1.872,,,,
2565,5/3/2015 9:00,2.73,,,,
2566,5/3/2015 11:00,9.768,,,,
2567,5/3/2015 13:00,15.187,,,,
2568,5/3/2015 15:00,14.804,,,,
2569,5/3/2015 17:00,10.553,,,,
2570,5/3/2015 19:00,8.68,,,,
2571,5/3/2015 21:00,6.674,,,,
2572,5/3/2015 23:00,5.244,,,,
2573,5/4/2015 1:00,4.207,,,,
2574,5/4/2015 3:00,3.578,,,,
2575,5/4/2015 5:00,2.943,,,,
2576,5/4/2015 7:00,2.73,,,,
2577,5/4/2015 9:00,3.578,,,,
2578,5/4/2015 11:00,10.259,,,,
2579,5/4/2015 13:00,16.903,,,,
2580,5/4/2015 15:00,15.282,,,,
2581,5/4/2015 17:00,10.161,,,,
2582,5/4/2015 19:00,7.983,,,,
2583,5/4/2015 21:00,6.37,,,,
2584,5/4/2015 23:00,4.519,,,,
2585,5/5/2015 1:00,3.367,,,,
2586,5/5/2015 3:00,2.73,,,,
2587,5/5/2015 5:00,2.41,,,,
2588,5/5/2015 7:00,2.195,,,,
2589,5/5/2015 9:00,2.088,,,,
2590,5/5/2015 11:00,1.98,,,,
2591,5/5/2015 13:00,1.872,,,,
2592,5/5/2015 15:00,1.872,,,,
2593,5/5/2015 17:00,1.872,,,,
2594,5/5/2015 19:00,1.872,,,,
2595,5/5/2015 21:00,1.764,,,,
2596,5/5/2015 23:00,1.656,,,,
2597,5/6/2015 1:00,1.656,,,,
2598,5/6/2015 3:00,1.548,,,,
2599,5/6/2015 5:00,1.548,,,,
2600,5/6/2015 7:00,1.439,,,,
2601,5/6/2015 9:00,1.33,,,,
2602,5/6/2015 11:00,2.624,,,,
2603,5/6/2015 13:00,13.654,,,,
2604,5/6/2015 15:00,11.819,,,,
2605,5/6/2015 17:00,7.28,,,,
2606,5/6/2015 19:00,5.244,,,,
2607,5/6/2015 21:00,4.102,,,,
2608,5/6/2015 23:00,3.261,,,,
2609,5/7/2015 1:00,2.41,,,,
2610,5/7/2015 3:00,1.872,,,,
2611,5/7/2015 5:00,1.548,,,,
2612,5/7/2015 7:00,1.33,,,,
2613,5/7/2015 9:00,1.33,,,,
2614,5/7/2015 11:00,8.581,,,,
2615,5/7/2015 13:00,16.046,,,,
2616,5/7/2015 15:00,15.378,,,,
2617,5/7/2015 17:00,9.768,,,,
2618,5/7/2015 19:00,7.782,,,,
2619,5/7/2015 21:00,5.86,,,,
2620,5/7/2015 23:00,4.311,,,,
2621,5/8/2015 1:00,3.261,,,,
2622,5/8/2015 3:00,2.73,,,,
2623,5/8/2015 5:00,2.41,,,,
2624,5/8/2015 7:00,2.303,,,,
2625,5/8/2015 9:00,3.049,,,,
2626,5/8/2015 11:00,10.553,,,,
2627,5/8/2015 13:00,17.665,,,,
2628,5/8/2015 15:00,16.141,,,,
2629,5/8/2015 17:00,11.236,,,,
2630,5/8/2015 19:00,9.176,,,,
2631,5/8/2015 21:00,7.28,,,,
2632,5/8/2015 23:00,5.962,,,,
2633,5/9/2015 1:00,5.141,,,,
2634,5/9/2015 3:00,4.415,,,,
2635,5/9/2015 5:00,3.893,,,,
2636,5/9/2015 7:00,3.578,,,,
2637,5/9/2015 9:00,4.415,,,,
2638,5/9/2015 11:00,11.528,,,,
2639,5/9/2015 13:00,17.284,,,,
2640,5/9/2015 15:00,16.999,,,,
2641,5/9/2015 17:00,12.69,,,,
2642,5/9/2015 19:00,10.553,,,,
2643,5/9/2015 21:00,8.481,,,,
2644,5/9/2015 23:00,7.179,,,,
2645,5/10/2015 1:00,6.268,,,,
2646,5/10/2015 3:00,5.552,,,,
2647,5/10/2015 5:00,5.141,,,,
2648,5/10/2015 7:00,5.037,,,,
2649,5/10/2015 9:00,6.166,,,,
2650,5/10/2015 11:00,10.161,,,,
2651,5/10/2015 13:00,17.379,,,,
2652,5/10/2015 15:00,16.046,,,,
2653,5/10/2015 17:00,12.401,,,,
2654,5/10/2015 19:00,10.553,,,,
2655,5/10/2015 21:00,9.176,,,,
2656,5/10/2015 23:00,8.082,,,,
2657,5/11/2015 1:00,7.381,,,,
2658,5/11/2015 3:00,6.877,,,,
2659,5/11/2015 5:00,6.471,,,,
2660,5/11/2015 7:00,6.166,,,,
2661,5/11/2015 9:00,6.37,,,,
2662,5/11/2015 11:00,7.481,,,,
2663,5/11/2015 13:00,11.041,,,,
2664,5/11/2015 15:00,11.916,,,,
2665,5/11/2015 17:00,8.978,,,,
2666,5/11/2015 19:00,7.582,,,,
2667,5/11/2015 21:00,6.573,,,,
2668,5/11/2015 23:00,5.962,,,,
2669,5/12/2015 1:00,5.655,,,,
2670,5/12/2015 3:00,5.45,,,,
2671,5/12/2015 5:00,5.244,,,,
2672,5/12/2015 7:00,4.727,,,,
2673,5/12/2015 9:00,5.037,,,,
2674,5/12/2015 11:00,5.757,,,,
2675,5/12/2015 13:00,6.471,,,,
2676,5/12/2015 15:00,7.28,,,,
2677,5/12/2015 17:00,6.268,,,,
2678,5/12/2015 19:00,5.552,,,,
2679,5/12/2015 21:00,4.934,,,,
2680,5/12/2015 23:00,4.623,,,,
2681,5/13/2015 1:00,4.415,,,,
2682,5/13/2015 3:00,4.207,,,,
2683,5/13/2015 5:00,3.998,,,,
2684,5/13/2015 7:00,3.788,,,,
2685,5/13/2015 9:00,4.311,,,,
2686,5/13/2015 11:00,3.893,,,,
2687,5/13/2015 13:00,4.415,,,,
2688,5/13/2015 15:00,5.037,,,,
2689,5/13/2015 17:00,5.141,,,,
2690,5/13/2015 19:00,4.727,,,,
2691,5/13/2015 21:00,4.207,,,,
2692,5/13/2015 23:00,3.788,,,,
2693,5/14/2015 1:00,3.472,,,,
2694,5/14/2015 3:00,3.367,,,,
2695,5/14/2015 5:00,3.261,,,,
2696,5/14/2015 7:00,3.261,,,,
2697,5/14/2015 9:00,3.788,,,,
2698,5/14/2015 11:00,6.877,,,,
2699,5/14/2015 13:00,16.237,,,,
2700,5/14/2015 15:00,15.473,,,,
2701,5/14/2015 17:00,10.357,,,,
2702,5/14/2015 19:00,8.68,,,,
2703,5/14/2015 21:00,7.381,,,,
2704,5/14/2015 23:00,6.573,,,,
2705,5/15/2015 1:00,5.86,,,,
2706,5/15/2015 3:00,4.934,,,,
2707,5/15/2015 5:00,4.207,,,,
2708,5/15/2015 7:00,4.102,,,,
2709,5/15/2015 9:00,5.141,,,,
2710,5/15/2015 11:00,10.455,,,,
2711,5/15/2015 13:00,15.569,,,,
2712,5/15/2015 15:00,15.187,,,,
2713,5/15/2015 17:00,10.748,,,,
2714,5/15/2015 19:00,8.779,,,,
2715,5/15/2015 21:00,7.582,,,,
2716,5/15/2015 23:00,6.877,,,,
2717,5/16/2015 1:00,6.37,,,,
2718,5/16/2015 3:00,6.064,,,,
2719,5/16/2015 5:00,5.757,,,,
2720,5/16/2015 7:00,5.655,,,,
2721,5/16/2015 9:00,6.064,,,,
2722,5/16/2015 11:00,7.079,,,,
2723,5/16/2015 13:00,8.481,,,,
2724,5/16/2015 15:00,8.382,,,,
2725,5/16/2015 17:00,8.182,,,,
2726,5/16/2015 19:00,7.28,,,,
2727,5/16/2015 21:00,5.962,,,,
2728,5/16/2015 23:00,5.141,,,,
2729,5/17/2015 1:00,4.311,,,,
2730,5/17/2015 3:00,3.788,,,,
2731,5/17/2015 5:00,3.788,,,,
2732,5/17/2015 7:00,3.472,,,,
2733,5/17/2015 9:00,4.207,,,,
2734,5/17/2015 11:00,7.983,,,,
2735,5/17/2015 13:00,10.748,,,,
2736,5/17/2015 15:00,10.161,,,,
2737,5/17/2015 17:00,9.176,,,,
2738,5/17/2015 19:00,8.779,,,,
2739,5/17/2015 21:00,7.481,,,,
2740,5/17/2015 23:00,6.268,,,,
2741,5/18/2015 1:00,5.45,,,,
2742,5/18/2015 3:00,5.141,,,,
2743,5/18/2015 5:00,5.244,,,,
2744,5/18/2015 7:00,5.037,,,,
2745,5/18/2015 9:00,5.655,,,,
2746,5/18/2015 11:00,8.978,,,,
2747,5/18/2015 13:00,11.722,,,,
2748,5/18/2015 15:00,11.431,,,,
2749,5/18/2015 17:00,9.965,,,,
2750,5/18/2015 19:00,8.68,,,,
2751,5/18/2015 21:00,7.582,,,,
2752,5/18/2015 23:00,6.978,,,,
2753,5/19/2015 1:00,6.471,,,,
2754,5/19/2015 3:00,5.962,,,,
2755,5/19/2015 5:00,5.655,,,,
2756,5/19/2015 7:00,5.244,,,,
2757,5/19/2015 9:00,5.86,,,,
2758,5/19/2015 11:00,8.182,,,,
2759,5/19/2015 13:00,8.382,,,,
2760,5/19/2015 15:00,8.282,,,,
2761,5/19/2015 17:00,8.779,,,,
2762,5/19/2015 19:00,8.082,,,,
2763,5/19/2015 21:00,6.877,,,,
2764,5/19/2015 23:00,5.962,,,,
2765,5/20/2015 1:00,5.347,,,,
2766,5/20/2015 3:00,5.037,,,,
2767,5/20/2015 5:00,4.831,,,,
2768,5/20/2015 7:00,4.831,,,,
2769,5/20/2015 9:00,5.655,,,,
2770,5/20/2015 11:00,10.357,,,,
2771,5/20/2015 13:00,12.11,,,,
2772,5/20/2015 15:00,13.269,,,,
2773,5/20/2015 17:00,11.334,,,,
2774,5/20/2015 19:00,10.063,,,,
2775,5/20/2015 21:00,8.779,,,,
2776,5/20/2015 23:00,7.882,,,,
2777,5/21/2015 1:00,7.179,,,,
2778,5/21/2015 3:00,6.37,,,,
2779,5/21/2015 5:00,5.962,,,,
2780,5/21/2015 7:00,5.962,,,,
2781,5/21/2015 9:00,6.775,,,,
2782,5/21/2015 11:00,9.373,,,,
2783,5/21/2015 13:00,10.846,,,,
2784,5/21/2015 15:00,12.497,,,,
2785,5/21/2015 17:00,10.846,,,,
2786,5/21/2015 19:00,9.965,,,,
2787,5/21/2015 21:00,8.779,,,,
2788,5/21/2015 23:00,7.983,,,,
2789,5/22/2015 1:00,7.381,,,,
2790,5/22/2015 3:00,6.877,,,,
2791,5/22/2015 5:00,6.37,,,,
2792,5/22/2015 7:00,6.471,,,,
2793,5/22/2015 9:00,7.782,,,,
2794,5/22/2015 11:00,9.571,,,,
2795,5/22/2015 13:00,9.373,,,,
2796,5/22/2015 15:00,9.176,,,,
2797,5/22/2015 17:00,9.077,,,,
2798,5/22/2015 19:00,8.879,,,,
2799,5/22/2015 21:00,8.082,,,,
2800,5/22/2015 23:00,7.481,,,,
2801,5/23/2015 1:00,6.877,,,,
2802,5/23/2015 3:00,6.674,,,,
2803,5/23/2015 5:00,6.471,,,,
2804,5/23/2015 7:00,6.573,,,,
2805,5/23/2015 9:00,6.775,,,,
2806,5/23/2015 11:00,7.882,,,,
2807,5/23/2015 13:00,10.063,,,,
2808,5/23/2015 15:00,17.189,,,,
2809,5/23/2015 17:00,12.787,,,,
2810,5/23/2015 19:00,11.139,,,,
2811,5/23/2015 21:00,9.275,,,,
2812,5/23/2015 23:00,8.282,,,,
2813,5/24/2015 1:00,7.582,,,,
2814,5/24/2015 3:00,7.179,,,,
2815,5/24/2015 5:00,6.674,,,,
2816,5/24/2015 7:00,6.166,,,,
2817,5/24/2015 9:00,7.079,,,,
2818,5/24/2015 11:00,8.68,,,,
2819,5/24/2015 13:00,14.325,,,,
2820,5/24/2015 15:00,16.713,,,,
2821,5/24/2015 17:00,12.883,,,,
2822,5/24/2015 19:00,10.651,,,,
2823,5/24/2015 21:00,9.275,,,,
2824,5/24/2015 23:00,8.282,,,,
2825,5/25/2015 1:00,7.682,,,,
2826,5/25/2015 3:00,6.877,,,,
2827,5/25/2015 5:00,6.268,,,,
2828,5/25/2015 7:00,6.064,,,,
2829,5/25/2015 9:00,6.573,,,,
2830,5/25/2015 11:00,8.978,,,,
2831,5/25/2015 13:00,11.431,,,,
2832,5/25/2015 15:00,10.455,,,,
2833,5/25/2015 17:00,10.259,,,,
2834,5/25/2015 19:00,9.077,,,,
2835,5/25/2015 21:00,7.983,,,,
2836,5/25/2015 23:00,7.481,,,,
2837,5/26/2015 1:00,6.978,,,,
2838,5/26/2015 3:00,6.268,,,,
2839,5/26/2015 5:00,6.166,,,,
2840,5/26/2015 7:00,6.064,,,,
2841,5/26/2015 9:00,6.877,,,,
2842,5/26/2015 11:00,10.161,,,,
2843,5/26/2015 13:00,15.951,,,,
2844,5/26/2015 15:00,17.855,,,,
2845,5/26/2015 17:00,13.461,,,,
2846,5/26/2015 19:00,11.236,,,,
2847,5/26/2015 21:00,9.866,,,,
2848,5/26/2015 23:00,9.077,,,,
2849,5/27/2015 1:00,8.282,,,,
2850,5/27/2015 3:00,7.481,,,,
2851,5/27/2015 5:00,6.775,,,,
2852,5/27/2015 7:00,6.674,,,,
2853,5/27/2015 9:00,7.179,,,,
2854,5/27/2015 11:00,11.334,,,,
2855,5/27/2015 13:00,13.461,,,,
2856,5/27/2015 15:00,17.094,,,,
2857,5/27/2015 17:00,13.461,,,,
2858,5/27/2015 19:00,11.625,,,,
2859,5/27/2015 21:00,10.259,,,,
2860,5/27/2015 23:00,8.978,,,,
2861,5/28/2015 1:00,8.082,,,,
2862,5/28/2015 3:00,7.582,,,,
2863,5/28/2015 5:00,7.079,,,,
